0,0,510,520,20,20,20,20,10,0,0,0,0,0,
0,0.1,509.999999999978955,520.201003341700338,20,20.1,20,20.1,10.201,0.1,0.1,4.22158e-11,0,0,
0.1,0.2,510.10050167080332,520.404026800569412,20.099999999978955,20.200000000021171,20.099999999978955,20.200000000021171,10.3035,0.1,0.1,8.52823e-11,4.22158e-11,4.22158e-11,
0.2,0.3,510.202013400211535,520.6090906791223,20.199999999957486,20.300000000042769,20.199999999957486,20.300000000042769,10.4071,0.1,0.1,1.29212e-10,8.52823e-11,8.52823e-11,
0.3,0.4,510.30454533946113,520.816215483917747,20.299999999935587,20.400000000064799,20.299999999935587,20.400000000064799,10.5117,0.1,0.1,1.74019e-10,1.29212e-10,1.29212e-10,
0.4,0.5,510.408107741831471,521.02542192760884,20.399999999913251,20.50000000008727,20.399999999913251,20.50000000008727,10.6173,0.1,0.1,2.19715e-10,1.74019e-10,1.74019e-10,
0.5,0.6,510.512710963649094,521.236730931014293,20.499999999890471,20.600000000110186,20.499999999890471,20.600000000110186,10.724,0.1,0.1,2.66315e-10,2.19715e-10,2.19715e-10,
0.6,0.7,510.618365465323346,521.45016362521054,20.599999999867241,20.700000000133556,20.599999999867241,20.700000000133556,10.8318,0.1,0.1,3.13831e-10,2.66315e-10,2.66315e-10,
0.7,0.8,510.725081812392437,521.665741353644865,20.699999999843554,20.800000000157385,20.699999999843554,20.800000000157385,10.9407,0.1,0.1,3.62278e-10,3.13831e-10,3.13831e-10,
0.8,0.9,510.83287067658,521.883485674269765,20.799999999819403,20.900000000181681,20.799999999819403,20.900000000181681,11.0506,0.1,0.1,4.11669e-10,3.62278e-10,3.62278e-10,
0.9,1,510.941742836863117,522.10341836169875,20.899999999819403,21.000000000181681,20.899999999819403,21.000000000181681,11.1617,0.1,0.1,4.61913e-11,1.88079e-37,1.88079e-37,
1,1.1,511.051709180546876,522.325561409383854,20.999999999796376,21.100000000204845,20.999999999796376,21.100000000204845,11.2739,0.1,0.1,9.33133e-11,4.61913e-11,4.61913e-11,
1.1,1.2,511.162780704358101,522.54993703181497,21.099999999772886,21.200000000228477,21.099999999772886,21.200000000228477,11.3872,0.1,0.1,1.4138e-10,9.33133e-11,9.33133e-11,
1.2,1.3,511.274968515541732,522.776567666741324,21.199999999748924,21.300000000252582,21.199999999748924,21.300000000252582,11.5016,0.1,0.1,1.90406e-10,1.4138e-10,1.4138e-10,
1.3,1.4,511.388283832972372,523.005475977415272,21.299999999724485,21.400000000277169,21.299999999724485,21.400000000277169,11.6172,0.1,0.1,2.40406e-10,1.90406e-10,1.90406e-10,
1.4,1.5,511.502737988276191,523.236684854858644,21.39999999969956,21.500000000302243,21.39999999969956,21.500000000302243,11.7339,0.1,0.1,2.91394e-10,2.40406e-10,2.40406e-10,
1.5,1.6,511.618342426964093,523.470217420151862,21.499999999674142,21.600000000327813,21.499999999674142,21.600000000327813,11.8519,0.1,0.1,3.43384e-10,2.91394e-10,2.91394e-10,
1.6,1.7,511.735108709576281,523.706097026746072,21.599999999648224,21.700000000353886,21.599999999648224,21.700000000353886,11.971,0.1,0.1,3.96393e-10,3.43384e-10,3.43384e-10,
1.7,1.8,511.853048512838318,523.944347262798502,21.699999999621799,21.80000000038047,21.699999999621799,21.80000000038047,12.0913,0.1,0.1,4.50435e-10,3.96393e-10,3.96393e-10,
1.8,1.9,511.972173630828809,524.184991953531305,21.799999999594859,21.900000000407572,21.799999999594859,21.900000000407572,12.2128,0.1,0.1,5.05526e-10,4.50435e-10,4.50435e-10,
1.9,2,504.552448999192561,532.043880872515761,21.899999999593512,22.000000000407572,21.899999999593512,22.000000000407572,27.4914,0.1,0.1,1.14517e-10,1.88079e-37,1.88079e-37,
2,2.1,504.598201872230156,532.365927229356155,21.999999999536329,22.100000000464907,21.999999999536329,22.100000000464907,27.7677,0.1,0.1,2.31343e-10,1.14517e-10,1.14517e-10,
2.1,2.2,504.64441456928589,532.691210205892113,22.099999999477995,22.200000000523398,22.099999999477995,22.200000000523398,28.0468,0.1,0.1,3.5051e-10,2.31343e-10,2.31343e-10,
2.2,2.3,504.691091711667969,533.019762330692367,22.19999999941849,22.300000000583061,22.19999999941849,22.300000000583061,28.3287,0.1,0.1,4.72056e-10,3.5051e-10,3.5051e-10,
2.3,2.4,504.738237967129521,533.351616459243201,22.299999999357799,22.400000000643915,22.299999999357799,22.400000000643915,28.6134,0.1,0.1,5.96015e-10,4.72056e-10,4.72056e-10,
2.4,2.5,504.78585805033537,533.686805777234026,22.399999999295902,22.500000000705977,22.399999999295902,22.500000000705977,28.9009,0.1,0.1,7.22424e-10,5.96015e-10,5.96015e-10,
2.5,2.6,504.83395672333351,534.025363803875976,22.499999999232781,22.600000000769266,22.499999999232781,22.600000000769266,29.1914,0.1,0.1,8.5132e-10,7.22424e-10,7.22424e-10,
2.6,2.7,504.882538796031315,534.367324395253858,22.599999999168419,22.700000000833799,22.599999999168419,22.700000000833799,29.4848,0.1,0.1,9.8274e-10,8.5132e-10,8.5132e-10,
2.7,2.8,504.931609126676529,534.712721747711787,22.699999999102797,22.800000000899597,22.699999999102797,22.800000000899597,29.7811,0.1,0.1,1.11672e-09,9.8274e-10,9.8274e-10,
2.8,2.9,504.981172622343099,535.061590401272851,22.799999999035896,22.900000000966677,22.799999999035896,22.900000000966677,30.0804,0.1,0.1,1.2533e-09,1.11672e-09,1.11672e-09,
2.9,3,484.249349211530574,556.24641501573133,22.899999999034407,23.000000000966677,22.899999999034407,23.000000000966677,71.9971,0.1,0.1,3.00174e-10,1.88079e-37,1.88079e-37,
3,3.1,484.091052539300576,556.811700884646501,22.999999998884404,23.100000001116848,22.999999998884404,23.100000001116848,72.7206,0.1,0.1,6.06396e-10,3.00174e-10,3.00174e-10,
3.1,3.2,483.93116495906457,557.382667970995818,23.099999998731379,23.200000001270046,23.099999998731379,23.200000001270046,73.4515,0.1,0.1,9.18759e-10,6.06396e-10,6.06396e-10,
3.2,3.3,483.769670481931268,557.959373371963748,23.199999998575286,23.300000001426315,23.199999998575286,23.300000001426315,74.1897,0.1,0.1,1.23735e-09,9.18759e-10,9.18759e-10,
3.3,3.4,483.606552958318352,558.541874758571003,23.299999998416077,23.400000001585702,23.299999998416077,23.400000001585702,74.9353,0.1,0.1,1.56228e-09,1.23735e-09,1.23735e-09,
3.4,3.5,483.441796076337505,559.130230381441689,23.399999998253707,23.500000001748255,23.399999998253707,23.500000001748255,75.6884,0.1,0.1,1.89362e-09,1.56228e-09,1.56228e-09,
3.5,3.6,483.275383360163104,559.724499076628514,23.499999998088128,23.60000000191402,23.499999998088128,23.60000000191402,76.4491,0.1,0.1,2.23168e-09,1.89362e-09,1.89362e-09,
3.6,3.7,483.107298168384929,560.32474027149615,23.599999997919193,23.700000002083145,23.599999997919193,23.700000002083145,77.2174,0.1,0.1,2.57636e-09,2.23168e-09,2.23168e-09,
3.7,3.8,482.937523692343704,560.931013990664313,23.699999997746951,23.800000002255582,23.699999997746951,23.800000002255582,77.9935,0.1,0.1,2.92776e-09,2.57636e-09,2.57636e-09,
3.8,3.9,482.766042954450318,561.543380862010176,23.799999997571351,23.900000002431378,23.799999997571351,23.900000002431378,78.7773,0.1,0.1,3.28597e-09,2.92776e-09,2.92776e-09,
3.9,4,422.277850249286839,622.476890679930559,23.899999997569706,24.000000002431378,23.899999997569706,24.000000002431378,200.199,0.1,0.1,8.34393e-10,1.88079e-37,1.88079e-37,
4,4.1,421.496729657813649,623.707803895551165,23.999999997152602,24.100000002848668,23.999999997152602,24.100000002848668,202.211,0.1,0.1,1.6856e-09,8.34393e-10,8.34393e-10,
4.1,4.2,420.707758673879754,624.951087994658386,24.099999996727094,24.200000003274367,24.099999996727094,24.200000003274367,204.243,0.1,0.1,2.55407e-09,1.6856e-09,1.6856e-09,
4.2,4.3,419.910858399729312,626.206867306698175,24.199999996292954,24.3000000037087,24.199999996292954,24.3000000037087,206.296,0.1,0.1,3.43987e-09,2.55407e-09,2.55407e-09,
4.3,4.4,419.105949144670753,627.475267410648294,24.299999995850153,24.4000000041517,24.299999995850153,24.4000000041517,208.369,0.1,0.1,4.34326e-09,3.43987e-09,3.43987e-09,
4.4,4.5,418.292950417107742,628.756415147576209,24.399999995398559,24.500000004603495,24.399999995398559,24.500000004603495,210.463,0.1,0.1,5.26451e-09,4.34326e-09,4.34326e-09,
4.5,4.6,417.471780916489949,630.050438633323311,24.499999994938041,24.60000000506422,24.499999994938041,24.60000000506422,212.579,0.1,0.1,6.20387e-09,5.26451e-09,5.26451e-09,
4.6,4.7,416.642358525182932,631.357467271316604,24.599999994468464,24.700000005534006,24.599999994468464,24.700000005534006,214.715,0.1,0.1,7.16163e-09,6.20387e-09,6.20387e-09,
4.7,4.8,415.804600300256301,632.677631765509151,24.699999993989693,24.800000006012992,24.699999993989693,24.800000006012992,216.873,0.1,0.1,8.13805e-09,7.16163e-09,7.16163e-09,
4.8,4.9,414.958422465189355,634.011064133450587,24.799999993501589,24.900000006501313,24.799999993501589,24.900000006501313,219.053,0.1,0.1,9.13342e-09,8.13805e-09,8.13805e-09,
4.9,5,228.881458871391233,820.580179249589047,24.899999993499771,25.000000006501313,24.899999993499771,25.000000006501313,591.699,0.1,0.1,2.46594e-09,1.88079e-37,1.88079e-37,
5,5.1,226.156672232434424,823.802063615918504,24.999999992266903,25.100000007734387,24.999999992266903,25.100000007734387,597.645,0.1,0.1,4.98157e-09,2.46594e-09,2.46594e-09,
5.1,5.2,223.404501032477294,827.056328458465539,25.099999991009193,25.200000008992308,25.099999991009193,25.200000008992308,603.652,0.1,0.1,7.54764e-09,4.98157e-09,4.98157e-09,
5.2,5.3,220.62467005210616,830.343299206426505,25.199999989726264,25.300000010275451,25.199999989726264,25.300000010275451,609.719,0.1,0.1,1.01649e-08,7.54764e-09,7.54764e-09,
5.3,5.4,217.816901305906249,833.663304559615556,25.299999988417737,25.400000011584197,25.299999988417737,25.400000011584197,615.846,0.1,0.1,1.28342e-08,1.01649e-08,1.01649e-08,
5.4,5.5,214.980914014662917,837.016676521334896,25.399999987083225,25.500000012918931,25.399999987083225,25.500000012918931,622.036,0.1,0.1,1.55562e-08,1.28342e-08,1.28342e-08,
5.5,5.6,212.116424577283502,840.403750431575392,25.499999985722339,25.600000014280046,25.499999985722339,25.600000014280046,628.287,0.1,0.1,1.83317e-08,1.55562e-08,1.55562e-08,
5.6,5.7,209.223146542436972,843.82486500055085,25.599999984334681,25.700000015667935,25.599999984334681,25.700000015667935,634.602,0.1,0.1,2.11616e-08,1.83317e-08,1.83317e-08,
5.7,5.8,206.300790579908556,847.28036234256932,25.699999982919851,25.800000017083002,25.699999982919851,25.800000017083002,640.98,0.1,0.1,2.40467e-08,2.11616e-08,2.11616e-08,
5.8,5.9,203.349064451666481,850.770588010244809,25.799999981477442,25.900000018525652,25.799999981477442,25.900000018525652,647.422,0.1,0.1,2.69877e-08,2.40467e-08,2.40467e-08,
5.9,6,-404.41091022019669,1459.074474231885171,25.899999981475432,26.000000018525652,25.899999981475432,26.000000018525652,1863.49,0.1,0.1,7.76534e-09,1.88079e-37,1.88079e-37,
6,6.1,-413.500390983798247,1468.713332947220467,25.999999977592876,26.100000022408436,25.999999977592876,26.100000022408436,1882.21,0.1,0.1,1.56872e-08,7.76534e-09,7.76534e-09,
6.1,6.2,-422.681222547814128,1478.449063803177372,26.099999973632082,26.200000026369462,26.099999973632082,26.200000026369462,1901.13,0.1,0.1,2.37678e-08,1.56872e-08,1.56872e-08,
6.2,6.3,-431.954323003052091,1488.282640380955253,26.199999969591869,26.300000030409912,26.199999969591869,26.300000030409912,1920.24,0.1,0.1,3.20097e-08,2.37678e-08,2.37678e-08,
6.3,6.4,-441.320619667285913,1498.215046046407209,26.299999965471038,26.400000034530985,26.299999965471038,26.400000034530985,1939.54,0.1,0.1,4.04153e-08,3.20097e-08,3.20097e-08,
6.4,6.5,-450.781049177987942,1508.247274048377466,26.399999961268375,26.500000038733895,26.399999961268375,26.500000038733895,1959.03,0.1,0.1,4.8987e-08,4.04153e-08,4.04153e-08,
6.5,6.6,-460.336557585993624,1518.380327618027099,26.499999956982649,26.600000043019872,26.499999956982649,26.600000043019872,1978.72,0.1,0.1,5.77273e-08,4.8987e-08,4.8987e-08,
6.6,6.7,-469.988100450107372,1528.615220069157975,26.599999952612613,26.700000047390164,26.599999952612613,26.700000047390164,1998.6,0.1,0.1,6.66388e-08,5.77273e-08,5.77273e-08,
6.7,6.8,-479.73664293265925,1538.952974899544985,26.699999948157003,26.800000051846036,26.699999948157003,26.800000051846036,2018.69,0.1,0.1,7.5724e-08,6.66388e-08,6.66388e-08,
6.8,6.9,-489.583159896022001,1549.394625893286667,26.799999943614539,26.900000056388767,26.799999943614539,26.900000056388767,2038.98,0.1,0.1,8.49855e-08,7.5724e-08,7.5724e-08,
6.9,7,-2604.183983933773322,3664.596565157857186,26.899999943612318,27.000000056388767,26.899999943612318,27.000000056388767,6268.78,0.1,0.1,2.61217e-08,1.88079e-37,1.88079e-37,
7,7.1,-2635.381551642882533,3696.401289402254484,26.999999930551601,27.100000069449735,26.999999930551601,27.100000069449735,6331.78,0.1,0.1,5.27698e-08,2.61217e-08,2.61217e-08,
7.1,7.2,-2666.892660120194901,3728.525656439480832,27.099999917227697,27.200000082773896,27.099999917227697,27.200000082773896,6395.42,0.1,0.1,7.99522e-08,5.27698e-08,5.27698e-08,
7.2,7.3,-2698.720460502819648,3760.972878733012492,27.199999903636627,27.300000096365228,27.199999903636627,27.300000096365228,6459.69,0.1,0.1,1.07677e-07,7.99522e-08,7.99522e-08,
7.3,7.4,-2730.86813559732046,3793.746201032120427,27.299999889774361,27.400000110227761,27.299999889774361,27.400000110227761,6524.61,0.1,0.1,1.35952e-07,1.07677e-07,1.07677e-07,
7.4,7.5,-2763.338900197998795,3826.848900696347932,27.399999875636813,27.500000124365582,27.399999875636813,27.500000124365582,6590.19,0.1,0.1,1.64787e-07,1.35952e-07,1.35952e-07,
7.5,7.6,-2796.136001408385798,3860.28428802325912,27.499999861219843,27.600000138782829,27.499999861219843,27.600000138782829,6656.42,0.1,0.1,1.94208e-07,1.64787e-07,1.64787e-07,
7.6,7.7,-2829.262718965926029,3894.05570657944211,27.599999846509453,27.700000153493503,27.599999846509453,27.700000153493503,6723.32,0.1,0.1,2.24205e-07,1.94208e-07,1.94208e-07,
7.7,7.8,-2862.722365569983188,3928.166533534897722,27.69999983151111,27.800000168492135,27.69999983151111,27.800000168492135,6790.89,0.1,0.1,2.54786e-07,2.24205e-07,2.24205e-07,
7.8,7.9,-2896.518287213103094,3962.620180000749562,27.799999816220504,27.900000183783035,27.799999816220504,27.900000183783035,6859.14,0.1,0.1,2.85961e-07,2.54786e-07,2.54786e-07,
7.9,8,-10756.728573535568539,11823.494801390308022,27.899999816218049,28.000000183783035,27.899999816218049,28.000000183783035,22580.2,0.1,0.1,9.40895e-08,1.88079e-37,1.88079e-37,
8,8.1,-10869.860576558825487,11937.297816159084926,27.99999976917345,28.100000230827913,27.99999976917345,28.100000230827913,22807.2,0.1,0.1,1.90075e-07,9.40895e-08,9.40895e-08,
8.1,8.2,-10984.129575115427814,12052.244570241365125,28.099999721180848,28.200000278820799,28.099999721180848,28.200000278820799,23036.4,0.100001,0.100001,2.88005e-07,1.90075e-07,1.90075e-07,
8.2,8.3,-11099.546996200453683,12168.34655840834415,28.199999672216158,28.300000327785778,28.199999672216158,28.300000327785778,23267.9,0.100001,0.100001,3.87888e-07,2.88005e-07,2.88005e-07,
8.3,8.4,-11216.124381652200909,12285.615390955598484,28.299999622274569,28.400000377727662,28.299999622274569,28.400000377727662,23501.7,0.100001,0.100001,4.89755e-07,3.87888e-07,3.87888e-07,
8.4,8.5,-11333.873389306370697,12404.062794864115091,28.399999571341367,28.500000428661166,28.399999571341367,28.500000428661166,23737.9,0.100001,0.100001,5.93635e-07,4.89755e-07,4.89755e-07,
8.5,8.6,-11452.805794161860931,12523.700614972999288,28.499999519401638,28.600000480601201,28.499999519401638,28.600000480601201,23976.5,0.100001,0.100001,6.99558e-07,5.93635e-07,5.93635e-07,
8.6,8.7,-11572.933489558275872,12644.540815163968526,28.599999466440273,28.700000533562879,28.599999466440273,28.700000533562879,24217.5,0.100001,0.100001,8.07555e-07,6.99558e-07,6.99558e-07,
8.7,8.8,-11694.268488365270038,12766.595479557750531,28.699999412441957,28.800000587561515,28.699999412441957,28.800000587561515,24460.9,0.100001,0.100001,9.17656e-07,8.07555e-07,8.07555e-07,
8.8,8.9,-11816.822924183845172,12889.87681372250545,28.799999357391171,28.900000642612626,28.799999357391171,28.900000642612626,24706.7,0.100001,0.100001,1.02989e-06,9.17656e-07,9.17656e-07,
8.9,9,-43091.822431389520042,44165.610524724189344,28.899999357388458,29.000000642612626,28.899999357388458,29.000000642612626,87257.4,0.100001,0.100001,3.63611e-07,1.88079e-37,1.88079e-37,
9,9.1,-43529.927530475593354,44604.457206477098478,28.999999175583171,29.100000824418221,28.999999175583171,29.100000824418221,88134.4,0.100002,0.100002,7.34548e-07,3.63611e-07,3.63611e-07,
9.1,9.2,-43972.435659009396378,45047.71437070744575,29.099998990114577,29.200001009887129,29.099998990114577,29.200001009887129,89020.2,0.100002,0.100002,1.11292e-06,7.34548e-07,7.34548e-07,
9.2,9.3,-44419.391068172570363,45495.42634350106626,29.199998800927315,29.300001199074711,29.199998800927315,29.300001199074711,89914.8,0.100002,0.100002,1.49885e-06,1.11292e-06,1.11292e-06,
9.3,9.4,-44870.838453878525878,45947.637896428364095,29.299998607965279,29.400001392037073,29.299998607965279,29.400001392037073,90818.5,0.100003,0.100003,1.89244e-06,1.49885e-06,1.49885e-06,
9.4,9.5,-45326.8229612420714,46404.394251021506674,29.399998411171611,29.500001588831074,29.399998411171611,29.500001588831074,91731.2,0.100003,0.100003,2.2938e-06,1.89244e-06,1.89244e-06,
9.5,9.6,-45787.390189093962422,46865.741083296615658,29.49999821048869,29.600001789514335,29.49999821048869,29.600001789514335,92653.1,0.100004,0.100004,2.70306e-06,2.2938e-06,2.2938e-06,
9.6,9.7,-46252.586194540822528,47331.724528321406625,29.599998005858122,29.700001994145249,29.599998005858122,29.700001994145249,93584.3,0.100004,0.100004,3.12034e-06,2.70306e-06,2.70306e-06,
9.7,9.8,-46722.457497570892442,47802.391184828734294,29.699997797220732,29.800002202782991,29.699997797220732,29.800002202782991,94524.8,0.100004,0.100004,3.54575e-06,3.12034e-06,3.12034e-06,
9.8,9.9,-47197.05108570606762,48277.788119876504644,29.799997584516554,29.900002415487529,29.799997584516554,29.900002415487529,95474.8,0.100005,0.100005,3.97941e-06,3.54575e-06,3.54575e-06,
9.9,10,-180700.746973413470935,181782.295428267197866,29.899997584513556,30.000002415487529,29.899997584513556,30.000002415487529,362483,0.100005,0.100005,1.51044e-06,1.88079e-37,1.88079e-37,
10,10.1,-182521.844756883897238,183604.212787334360091,29.999996829293293,30.100003170708131,29.999996829293293,30.100003170708131,366126,0.100006,0.100006,3.05132e-06,1.51044e-06,1.51044e-06,
10.1,10.2,-184361.244877360993637,185444.440720279877717,30.099996058855316,30.200003941146455,30.099996058855316,30.200003941146455,369806,0.100008,0.100008,4.62309e-06,3.05132e-06,3.05132e-06,
10.2,10.3,-186219.131276389770456,187303.163251430697756,30.199995272969645,30.300004727032479,30.199995272969645,30.300004727032479,373522,0.100009,0.100009,6.22622e-06,4.62309e-06,4.62309e-06,
10.3,10.4,-188095.689744158499723,189180.56625458900122,30.299994471403212,30.400005528599273,30.299994471403212,30.400005528599273,377276,0.100011,0.100011,7.86119e-06,6.22622e-06,6.22622e-06,
10.4,10.5,-189991.107938077888839,191076.837471619738249,30.399993653919819,30.500006346083034,30.399993653919819,30.500006346083034,381068,0.100013,0.100013,9.52847e-06,7.86119e-06,7.86119e-06,
10.5,10.6,-191905.57540154741223,192992.166531225405258,30.499992820280101,30.600007179723127,30.499992820280101,30.600007179723127,384898,0.100014,0.100014,1.12294e-05,9.52847e-06,9.52847e-06,
10.6,10.7,-193839.283582908425194,194926.74496790768916,30.599991969807298,30.700008030196312,30.599991969807298,30.700008030196312,388766,0.100016,0.100016,1.29635e-05,1.12294e-05,1.12294e-05,
10.7,10.8,-195792.425854590620636,196880.766241122540201,30.699991102771237,30.800008897232763,30.699991102771237,30.800008897232763,392673,0.100018,0.100018,1.47312e-05,1.29635e-05,1.29635e-05,
10.8,10.9,-197765.197532448919988,198854.425754625765584,30.799990218925296,30.900009781079102,30.799990218925296,30.900009781079102,396620,0.10002,0.10002,1.6533e-05,1.47312e-05,1.47312e-05,
10.9,11,-810545.208168024869819,811635.33314874321248,30.899990218921983,31.000009781079102,30.899990218921983,31.000009781079102,1.62218e+06,0.10002,0.10002,6.75944e-06,1.88079e-37,1.88079e-37,
11,11.1,-818696.348025664516534,819787.378777497536218,30.999986839202452,31.100013160799008,30.999986839202452,31.100013160799008,1.63848e+06,0.100026,0.100026,1.36557e-05,6.75944e-06,6.75944e-06,
11.1,11.2,-826929.408200828190847,828021.353826926930073,31.099983391067034,31.200016608934809,31.099983391067034,31.200016608934809,1.65495e+06,0.100033,0.100033,2.06916e-05,1.36557e-05,1.36557e-05,
11.2,11.3,-835245.212006393870218,836338.081701397560477,31.199979873145643,31.300020126856591,31.199979873145643,31.300020126856591,1.67158e+06,0.10004,0.10004,2.78671e-05,2.06916e-05,2.06916e-05,
11.3,11.4,-843644.591029672521103,844738.394080628054438,31.299976285395651,31.400023714606981,31.299976285395651,31.400023714606981,1.68838e+06,0.100047,0.100047,3.51843e-05,2.78671e-05,2.78671e-05,
11.4,11.5,-852128.385215568532997,853223.131002859174437,31.399972626770541,31.500027373232498,31.399972626770541,31.500027373232498,1.70535e+06,0.100055,0.100055,4.26494e-05,3.51843e-05,3.51843e-05,
11.5,11.6,-860697.442950568928687,861793.140948852362388,31.499968894209829,31.600031105793625,31.499968894209829,31.600031105793625,1.72249e+06,0.100062,0.100062,5.02606e-05,4.26494e-05,4.26494e-05,
11.6,11.7,-869352.621147588680395,870449.280926744483303,31.599965088618892,31.700034911384984,31.599965088618892,31.700034911384984,1.7398e+06,0.10007,0.10007,5.802e-05,5.02606e-05,5.02606e-05,
11.7,11.8,-878094.785331660735234,879192.416557747373019,31.699961208908591,31.800038791095716,31.699961208908591,31.800038791095716,1.75729e+06,0.100078,0.100078,6.59299e-05,5.802e-05,5.802e-05,
11.8,11.9,-886924.809726489239829,888023.422162710680787,31.799957253975288,31.900042746029457,31.799957253975288,31.900042746029457,1.77495e+06,0.100085,0.100085,7.39924e-05,6.59299e-05,6.59299e-05,
11.9,12,-3916938.138623258502304,3918037.742130940541738,31.899957253971628,32.000042746029457,31.899957253971628,32.000042746029457,7.83498e+06,0.100085,0.100085,3.26481e-05,1.88079e-37,1.88079e-37,
12,12.1,-3956309.046471533817614,3957409.651011110231043,31.999940929915932,32.100059070085568,31.999940929915932,32.100059070085568,7.91372e+06,0.100118,0.100118,6.59548e-05,3.26481e-05,3.26481e-05,
12.1,12.2,-3996075.638522075671681,3997177.254154084254147,32.099924276580293,32.20007572342163,32.099924276580293,32.20007572342163,7.99325e+06,0.100151,0.100151,9.99339e-05,6.59548e-05,6.59548e-05,
12.2,12.3,-4036241.891467226727002,4037344.528353315359344,32.199907287023287,32.300092712979068,32.199907287023287,32.300092712979068,8.07359e+06,0.100185,0.100185,0.000134588,9.99339e-05,9.99339e-05,
12.3,12.4,-4076811.821965764145529,4077915.49036970696764,32.299889960217509,32.400110039785287,32.299889960217509,32.400110039785287,8.15473e+06,0.10022,0.10022,0.000169942,0.000134588,0.000134588,
12.4,12.5,-4117789.487044540932677,4118894.19733326472947,32.399872283108543,32.500127716894701,32.399872283108543,32.500127716894701,8.23668e+06,0.100255,0.100255,0.000205991,0.000169942,0.000169942,
12.5,12.6,-4159178.984504215845351,4160284.747148836748076,32.499854258494526,32.600145741509176,32.499854258494526,32.600145741509176,8.31946e+06,0.100291,0.100291,0.000242746,0.000205991,0.000205991,
12.6,12.7,-4200984.45332902895214,4202091.278905899558723,32.599835881184503,32.700164118819666,32.599835881184503,32.700164118819666,8.40308e+06,0.100328,0.100328,0.000280216,0.000242746,0.000242746,
12.7,12.8,-4243210.074100703506759,4244317.973292470525879,32.699817145918363,32.800182854086282,32.699817145918363,32.800182854086282,8.48753e+06,0.100366,0.100366,0.000318413,0.000280216,0.000280216,
12.8,12.9,-4285860.069416523604481,4286969.053013196129137,32.799798047365978,32.900201952639152,32.799798047365978,32.900201952639152,8.57283e+06,0.100404,0.100404,0.00035738,0.000318413,0.000318413,
12.9,13,-20454039.40021934337657,20455149.479119371889404,32.899798047361933,33.000201952639152,32.899798047361933,33.000201952639152,4.09092e+07,0.100404,0.100404,0.000170478,3.76161e-37,3.76161e-37,
13,13.1,-20659610.938890280016705,20660722.124101646257836,32.999712808118172,33.100287191883371,32.999712808118172,33.100287191883371,4.13203e+07,0.100574,0.100574,0.000344407,0.000170478,0.000170478,
13.1,13.2,-20867248.505873298242595,20868360.808514616003304,33.099625843974135,33.200374156027877,33.099625843974135,33.200374156027877,4.17356e+07,0.100748,0.100748,0.000521805,0.000344407,0.000344407,
13.2,13.3,-21076972.865098173978849,21078086.296399800976766,33.199537145072771,33.300462854929718,33.199537145072771,33.300462854929718,4.21551e+07,0.100926,0.100926,0.000702788,0.000521805,0.000521805,
13.3,13.4,-21288804.98917558278919,21289919.560480743713419,33.299446653371948,33.400553346631027,33.299446653371948,33.400553346631027,4.25787e+07,0.101107,0.101107,0.000887346,0.000702788,0.000702788,
13.4,13.5,-21502766.06149447378898,21503881.784260394632027,33.399354374161731,33.500645625841741,33.399354374161731,33.500645625841741,4.30066e+07,0.101291,0.101291,0.00107553,0.000887346,0.000887346,
13.5,13.6,-21718877.478340394511234,21719994.36413944830115,33.499260280696824,33.600739719307154,33.499260280696824,33.600739719307154,4.34389e+07,0.101479,0.101479,0.0012674,0.00107553,0.00107553,
13.6,13.7,-21937160.851035201293067,21938278.911556065340394,33.599164345875333,33.700835654129161,33.599164345875333,33.700835654129161,4.38754e+07,0.101671,0.101671,0.00146314,0.0012674,0.0012674,
13.7,13.8,-22157638.008098018105835,22158757.25514684288108,33.699066478234301,33.800933521770719,33.699066478234301,33.800933521770719,4.43164e+07,0.101867,0.101867,0.00166267,0.00146314,0.00146314,
13.8,13.9,-22380330.997428297392187,22381451.442929887150706,33.798966713305194,33.901033286700362,33.798966713305194,33.901033286700362,4.47618e+07,0.102067,0.102067,0.00186605,0.00166267,0.00166267,
13.9,14,-115661687.102754741623233,115662808.758753746890527,33.898966713300723,34.001033286700362,33.898966713300723,34.001033286700362,2.31324e+08,0.102067,0.102067,0.000963932,3.7617e-37,3.7617e-37,
14,14.1,-116824111.408848037722519,116825234.287510159784476,33.998484747203941,34.101515252797651,33.998484747203941,34.101515252797651,2.33649e+08,0.103031,0.103031,0.00194732,0.000963932,0.000963932,
14.1,14.2,-117998218.27344429446288,117999342.387057501930939,34.0979930542496,34.20200694575251,34.0979930542496,34.20200694575251,2.35998e+08,0.104014,0.104014,0.00295058,0.00194732,0.00194732,
14.2,14.3,-119184125.10820834808093,119185250.4691841057042,34.19749142449419,34.302508575508447,34.19749142449419,34.302508575508447,2.38369e+08,0.105017,0.105017,0.00397375,0.00295058,0.00295058,
14.3,14.4,-120381950.50481201244287,120383077.12568652226495,34.296979837405574,34.4030201625976,34.296979837405574,34.4030201625976,2.40765e+08,0.10604,0.10604,0.00501714,0.00397375,0.00397375,
14.4,14.5,-121591814.246793474327677,121592942.140228929317302,34.396458143752187,34.503541856251536,34.396458143752187,34.503541856251536,2.43185e+08,0.107084,0.107084,0.00608155,0.00501714,0.00501714,
14.5,14.6,-122813837.321534981607956,122814966.50032083188885,34.495925936311073,34.604074063693209,34.495925936311073,34.604074063693209,2.45629e+08,0.108148,0.108148,0.0071668,0.00608155,0.00608155,
14.6,14.7,-124048141.932362445236728,124049272.409416677043275,34.595383315282958,34.704616684721894,34.595383315282958,34.704616684721894,2.48097e+08,0.109233,0.109233,0.00827318,0.0071668,0.0071668,
14.7,14.8,-125294851.510765620217615,125295983.299136047704243,34.69483012536142,34.805169874644013,34.69483012536142,34.805169874644013,2.50591e+08,0.11034,0.11034,0.00940101,0.00827318,0.00827318,
14.8,14.9,-126554090.728741869448317,126555223.841607439481789,34.794266209172701,34.905733790833325,34.794266209172701,34.905733790833325,2.53109e+08,0.111468,0.111468,0.0105516,0.00940101,0.00940101,
14.9,15,-709319233.721491150821184,709320368.172163260880669,34.89426620916776,35.005733790833325,34.89426620916776,35.005733790833325,1.41864e+09,0.111468,0.111468,0.00591173,3.76296e-37,3.76296e-37,
15,15.1,-716448015.563883576803652,716449151.365807406148309,34.991310344790635,35.108689655211011,34.991310344790635,35.108689655211011,1.4329e+09,0.117379,0.117379,0.011943,0.00591173,0.00591173,
15.1,15.2,-723648442.854922528515154,723649580.021678382696571,35.088294707984558,35.211705292017659,35.088294707984558,35.211705292017659,1.4473e+09,0.123411,0.123411,0.0180946,0.011943,0.011943,
15.2,15.3,-730921235.643338986407438,730922374.188643655317053,35.185218914517336,35.314781085485463,35.185218914517336,35.314781085485463,1.46184e+09,0.129562,0.129562,0.0243703,0.0180946,0.0180946,
15.3,15.4,-738267121.214471940361459,738268261.152180069920976,35.282081037314401,35.417918962688993,35.282081037314401,35.417918962688993,1.47654e+09,0.135838,0.135838,0.0307701,0.0243703,0.0243703,
15.4,15.5,-745686834.163000581430807,745687975.507106059068334,35.37888117500023,35.52111882500377,35.37888117500023,35.52111882500377,1.49137e+09,0.142238,0.142238,0.0372956,0.0307701,0.0307701,
15.5,15.6,-753181116.466405416111698,753182259.231042770162155,35.47561840012489,35.624381599879728,35.47561840012489,35.624381599879728,1.50636e+09,0.148763,0.148763,0.043953,0.0372956,0.0372956,
15.6,15.7,-760750717.55916050903394,760751861.758606322203667,35.572289724872526,35.727710275132723,35.572289724872526,35.727710275132723,1.5215e+09,0.155421,0.155421,0.05074,0.043953,0.043953,
15.7,15.8,-768396394.40768365839472,768397540.056357995431648,35.668896224426636,35.831103775579255,35.668896224426636,35.831103775579255,1.53679e+09,0.162208,0.162208,0.0576586,0.05074,0.05074,
15.8,15.9,-776118911.58603164087256,776120058.6984994905847,35.765436933568683,35.934563066437862,35.765436933568683,35.934563066437862,1.55224e+09,0.169126,0.169126,0.0647107,0.0576586,0.0576586,
15.9,16,-4725436147.447457538890967,4725437296.038430270651241,35.865436933563223,36.034563066437862,35.865436933563223,36.034563066437862,9.45087e+09,0.169126,0.169126,0.0393808,3.76893e-37,3.76893e-37,
16,16.1,-4772927575.315900324487512,4772928725.400237159401455,35.945746543816783,36.154253456184921,35.945746543816783,36.154253456184921,9.54586e+09,0.208507,0.208507,0.0795552,0.0393808,0.0393808,
16.1,16.2,-4820896299.969649981196243,4820897451.562359478018054,36.025659331048733,36.274340668953603,36.025659331048733,36.274340668953603,9.64179e+09,0.248681,0.248681,0.120539,0.0795552,0.0795552,
16.2,16.3,-4869347118.321145073265693,4869348271.43738662927274,36.105167290390999,36.394832709611981,36.105167290390999,36.394832709611981,9.7387e+09,0.289665,0.289665,0.162337,0.120539,0.120539,
16.3,16.4,-4918284875.492607964723673,4918286030.14769333166886,36.184268460940682,36.515731539062955,36.184268460940682,36.515731539062955,9.83657e+09,0.331463,0.331463,0.204977,0.162337,0.162337,
16.4,16.5,-4967714465.300532529200868,4967715621.509927344500565,36.262948553998848,36.637051446005459,36.262948553998848,36.637051446005459,9.93543e+09,0.374103,0.374103,0.248455,0.204977,0.204977,
16.5,16.6,-5017640830.745094291622211,5017641988.524419624932886,36.341209501589684,36.758790498415306,36.341209501589684,36.758790498415306,1.00353e+10,0.417581,0.417581,0.292784,0.248455,0.248455,
16.6,16.7,-5068068964.504462838371811,5068070123.869496753710013,36.419045042462807,36.880954957542879,36.419045042462807,36.880954957542879,1.01361e+10,0.46191,0.46191,0.338009,0.292784,0.292784,
16.7,16.8,-5119003909.434024805358404,5119005070.400703938920314,36.49643244795354,37.003567552052857,36.49643244795354,37.003567552052857,1.0238e+10,0.507135,0.507135,0.384111,0.338009,0.338009,
16.8,16.9,-5170450759.070722446982335,5170451921.655143600820664,36.5733815090997,37.12661849090742,36.5733815090997,37.12661849090742,1.03409e+10,0.553237,0.553237,0.431102,0.384111,0.384111,
16.9,17,-34241633120.497143365935995,34241634284.715565117646765,36.673381509093666,37.22661849090742,36.673381509093666,37.22661849090742,6.84833e+10,0.553237,0.553237,0.285366,3.80566e-37,3.80566e-37,
17,17.1,-34585767259.733549605153195,34585768425.6023939337675,36.630698737627013,37.469301262374757,36.630698737627013,37.469301262374757,6.91715e+10,0.838603,0.838603,0.576485,0.285366,0.285366,
17.1,17.2,-34933360004.569834521738711,34933361172.105688449913919,36.585138933414478,37.714861066587989,36.585138933414478,37.714861066587989,6.98667e+10,1.12972,1.12972,0.873478,0.576485,0.576485,
17.2,17.3,-35284446114.57013388836178,35284447283.789751141104395,36.536642531987672,37.963357468015508,36.536642531987672,37.963357468015508,7.05689e+10,1.42671,1.42671,1.17637,0.873478,0.873478,
17.3,17.4,-35639060698.638109235768347,35639061869.55841191582047,36.485198380409195,38.21480161959471,36.485198380409195,38.21480161959471,7.12781e+10,1.7296,1.7296,1.48537,1.17637,1.17637,
17.4,17.5,-35997239218.52763907598774,35997240391.165719356051446,36.430696763932443,38.469303236072203,36.430696763932443,38.469303236072203,7.19945e+10,2.03861,2.03861,1.80045,1.48537,1.48537,
17.5,17.6,-36359017492.389219154382948,36359018666.762340986351801,36.373157794913376,38.726842205092024,36.373157794913376,38.726842205092024,7.2718e+10,2.35368,2.35368,2.12169,1.80045,1.80045,
17.6,17.7,-36724431698.351742462995114,36724432874.477343304363738,36.312536101596632,38.987463898409538,36.312536101596632,38.987463898409538,7.34489e+10,2.67493,2.67493,2.44919,2.12169,2.12169,
17.7,17.8,-37093518378.140473352747771,37093519556.036165910372137,36.248785707774578,39.251214292232377,36.248785707774578,39.251214292232377,7.4187e+10,3.00243,3.00243,2.78331,2.44919,2.44919,
17.8,17.9,-37466314440.730858595421257,37466315620.414432586804041,36.181728953227879,39.518271046779876,36.181728953227879,39.518271046779876,7.49326e+10,3.33654,3.33654,3.12387,2.78331,2.78331,
17.9,18,-270233910100.174385945542479,270233911281.663809877812081,36.281728953221209,39.618271046779877,36.281728953221209,39.618271046779877,5.40468e+11,3.33654,3.33654,2.2521,3.99668e-37,3.99668e-37,
18,18.1,-272949806054.42614163503997,272949807237.739564601838802,35.255679178156381,40.844320821845461,35.255679178156381,40.844320821845461,5.459e+11,5.58864,5.58864,4.54961,2.2521,2.2521,
18.1,18.2,-275692997216.810710404854757,275692998401.966463901241206,34.206922162252853,42.09307783774976,34.206922162252853,42.09307783774976,5.51386e+11,7.88616,7.88616,6.89349,4.54961,4.54961,
18.2,18.3,-278463757908.730252945838106,278463759095.746852701458794,33.134986036717143,43.365013963286257,33.134986036717143,43.365013963286257,5.56928e+11,10.23,10.23,9.28389,6.89349,6.89349,
18.3,18.4,-281262365208.563643780258383,281262366397.45979161093657,32.039786287118763,44.660213712885439,32.039786287118763,44.660213712885439,5.62525e+11,12.6204,12.6204,11.7226,9.28389,9.28389,
18.4,18.5,-284089098979.372712844715038,284089100170.167298522647783,30.920449967447019,45.979550032558002,30.920449967447019,45.979550032558002,5.68178e+11,15.0591,15.0591,14.2092,11.7226,11.7226,
18.5,18.6,-286944241896.890347393989547,286944243089.602450536740672,29.777142812192935,47.32285718781292,29.777142812192935,47.32285718781292,5.73888e+11,17.5457,17.5457,16.7444,14.2092,14.2092,
18.6,18.7,-289828079477.787781775107684,289828080672.43667375358543,28.609506747435393,48.690493252571313,28.609506747435393,48.690493252571313,5.79656e+11,20.081,20.081,19.3291,16.7444,16.7444,
18.7,18.8,-292740900108.227551076781716,292740901304.832696942391891,27.417178928920355,50.082821071087217,27.417178928920355,50.082821071087217,5.85482e+11,22.6656,22.6656,21.966,19.3291,19.3291,
18.8,18.9,-295682995072.699212377265311,295682996271.280272808432656,26.19874310640192,51.501256893606536,26.19874310640192,51.501256893606536,5.91366e+11,25.3025,25.3025,24.6537,21.966,21.966,
18.9,19,-2325583275560.946991221656876,2325583276761.523824489900932,26.298743106394546,51.60125689360654,26.298743106394546,51.60125689360654,4.65117e+12,25.3025,25.3025,19.381,5.64237e-37,5.64237e-37,
19,19.1,-2348955776061.353660245955082,2348955777263.946324201758875,16.708245491707702,61.391754508294219,16.708245491707702,61.391754508294219,4.69791e+12,44.6835,44.6835,39.1527,19.381,19.381,
19.1,19.2,-2372563174097.044668744758022,2372563175301.673422823344926,6.922413743089743,71.37758625691303,6.922413743089743,71.37758625691303,4.74513e+12,64.4552,64.4552,59.323,39.1527,39.1527,
19.2,19.3,-2396407830427.495968893228139,2396407831634.181276140530554,-3.062732747916245,81.562732747919888,-3.062732747916245,81.562732747919888,4.79282e+12,84.6255,84.6255,79.8936,59.323,59.323,
19.3,19.4,-2420492129538.216991094820131,2420492130746.97952021380113,-13.248078503861003,91.948078503865533,-13.248078503861003,91.948078503865533,4.84098e+12,105.196,105.196,100.879,79.8936,79.8936,
19.4,19.5,-2444818479879.186564381516533,2444818481090.047191799057379,-23.640818283383567,102.540818283389001,-23.640818283383567,102.540818283389001,4.88964e+12,126.182,126.182,122.277,100.879,100.879,
19.5,19.6,-2469389314105.712421363042824,2469389315318.692233317603058,-34.239840219419188,113.339840219425544,-34.239840219419188,113.339840219425544,4.93878e+12,147.58,147.58,144.094,122.277,122.277,
19.6,19.7,-2494207089321.694603602358807,2494207090536.814898252617666,-45.048225765792802,124.348225765800099,-45.048225765792802,124.348225765800099,4.98841e+12,169.396,169.396,166.336,144.094,144.094,
19.7,19.8,-2519274287325.346287981765305,2519274288542.628577536455335,-56.069097428292002,135.569097428300257,-56.069097428292002,135.569097428300257,5.03855e+12,191.638,191.638,189.026,166.336,166.336,
19.8,19.9,-2544593414857.350593578021237,2544593416076.816606447167099,-67.314007886074489,147.014007886083721,-67.314007886074489,147.014007886083721,5.08919e+12,214.328,214.328,212.153,189.026,189.026,
19.9,20,-21847097562549.634372878476122,21847097563771.306055846244463,-67.214007886082679,147.114007886083765,-67.214007886082679,147.114007886083765,4.36942e+13,214.328,214.328,182.084,1.12847e-36,1.12847e-36,
20,20.1,-22066664543436.136571832578908,22066664544660.036092252002676,-158.155837032661827,238.255837032663837,-158.155837032661827,238.255837032663837,4.41333e+13,396.412,396.412,367.851,182.084,182.084,
20.1,20.2,-22288438209167.450525919134435,22288438210393.600273928839141,-250.939678667378181,331.239678667381133,-250.939678667378181,331.239678667381133,4.45769e+13,582.179,582.179,557.325,367.851,367.851,
20.2,20.3,-22512440737295.009600712332556,22512440738523.432191475577935,-345.576369762619531,426.076369762623443,-345.576369762619531,426.076369762623443,4.50249e+13,771.653,771.653,750.627,557.325,557.325,
20.3,20.4,-22738694528258.277547716872145,22738694529488.995823683087327,-442.127279710371959,522.827279710376851,-442.127279710371959,522.827279710376851,4.54774e+13,964.955,964.955,947.747,750.627,750.627,
20.4,20.5,-22967222207624.911118186813974,22967222208857.948151375861465,-540.587376063070099,621.487376063075991,-540.587376063070099,621.487376063075991,4.59344e+13,1162.07,1162.07,1148.74,947.747,947.747,
20.5,20.6,-23198046628353.369571635857571,23198046629588.748665945254464,-640.985224749189031,722.085224749195942,-640.985224749189031,722.085224749195942,4.63961e+13,1363.07,1363.07,1353.81,1148.74,1148.74,
20.6,20.7,-23431190873078.028905237775902,23431190874315.773598773103048,-743.41688143641902,824.71688143642697,-743.41688143641902,824.71688143642697,4.68624e+13,1568.13,1568.13,1562.86,1353.81,1353.81,
20.7,20.8,-23666678256417.66452629650657,23666678257657.798593725238753,-847.845240793993679,929.345240794002688,-847.845240793993679,929.345240794002688,4.73334e+13,1777.19,1777.19,1775.97,1562.86,1562.86,
20.8,20.9,-23904532327306.866115804047893,23904532328549.41357073304039,-954.300032441258782,1036.00003244126887,-954.300032441258782,1036.00003244126887,4.78091e+13,1990.3,1990.3,1993.19,1775.97,1775.97,
20.9,21,-224307433935922.932030807525443,224307433937167.917128184384515,-954.200032441268187,1036.100032441269273,-954.200032441268187,1036.100032441269273,4.48615e+14,1990.3,1990.3,1869.4,1.24132e-35,1.24132e-35,
21,21.1,-226561761125961.918289509164314,226561761127209.365528047792693,-1888.80213789262618,1970.902137892628287,-1888.80213789262618,1970.902137892628287,4.53124e+14,3859.7,3859.7,3776.56,1869.4,1869.4,
21.1,21.2,-228838744680931.005255916795167,228838744682180.939380547253448,-2842.27804554883541,2924.578045548838558,-2842.27804554883541,2924.578045548838558,4.57677e+14,5766.86,5766.86,5722.29,3776.56,3776.56,
21.2,21.3,-231138612301083.067358204720731,231138612302335.513362547751106,-3815.045107991679688,3897.545107991683898,-3815.045107991679688,3897.545107991683898,4.62277e+14,7712.59,7712.59,7706.65,5722.29,5722.29,
21.3,21.4,-233461593975096.834722501925001,233461593976351.817851368334158,-4807.12314684869174,4889.823146848697033,-4807.12314684869174,4889.823146848697033,4.66923e+14,9696.95,9696.95,9730.2,7706.65,7706.65,
21.4,21.5,-235807922003076.223812038394374,235807922004333.769563953555618,-5818.801575658243716,5901.701575658250114,-5818.801575658243716,5901.701575658250114,4.71616e+14,11720.5,11720.5,11794.6,9730.2,9730.2,
21.5,21.6,-238177831019778.936120322121256,238177831021039.070250075848292,-6850.910540875113261,6934.010540875120785,-6850.910540875113261,6934.010540875120785,4.76356e+14,13784.9,13784.9,13899.4,11794.6,11794.6,
21.6,21.7,-240571558018081.72946839198076,240571558019344.477989614028139,-7903.21572619089295,7986.515726190901622,-7903.21572619089295,7986.515726190901622,4.81143e+14,15889.7,15889.7,16045.2,13899.4,13899.4,
21.7,21.8,-242989342372679.371635448261398,242989342373944.76082320970917,-8976.018330467364265,9059.518330467374107,-8976.018330467364265,9059.518330467374107,4.85979e+14,18035.5,18035.5,18232.6,16045.2,16045.2,
21.8,21.9,-245431425864022.309330847034677,245431425865290.365724287817396,-10069.623561899948258,10153.323561899959293,-10069.623561899948258,10153.323561899959293,4.90863e+14,20222.9,20222.9,20462.3,18232.6,18232.6,
21.9,22,-2518944959530350.847697284199108,2518944959531621.598102267030662,-10069.523561899962503,10153.423561899963589,-10069.523561899962503,10153.423561899963589,5.03789e+15,20222.9,20222.9,20992.3,9.66727e-35,9.66727e-35,
22,22.1,-2544260777257958.404124926673877,2544260777259231.875616717689819,-20565.58000698485709,20649.680006984859304,-20565.58000698485709,20649.680006984859304,5.08852e+15,41215.3,41215.3,42407.7,20992.3,20992.3,
22.1,22.2,-2569831023183687.776221603161606,2569831023184963.996147579434724,-31273.149093065774307,31357.449093065777672,-31273.149093065774307,31357.449093065777672,5.13966e+15,62630.6,62630.6,64254.5,42407.7,42407.7,
22.2,22.3,-2595658254353444.007049445850379,2595658254354723.003031830162353,-42196.479753214126854,42280.979753214131392,-42196.479753214126854,42280.979753214131392,5.19132e+15,84477.5,84477.5,86543.6,64254.5,64254.5,
22.3,22.4,-2621745053511864.293146933561919,2621745053513146.093085556648623,-53340.947805484777119,53425.647805484782854,-53340.947805484777119,53425.647805484782854,5.24349e+15,106767,106767,109273,86543.6,86543.6,
22.4,22.5,-2648094029360605.274347510804729,2648094029361889.906422601362552,-64705.551136070630548,64790.451136070637504,-64705.551136070630548,64790.451136070637504,5.29619e+15,129496,129496,132449,109273,109273,
22.5,22.6,-2674707816819211.121096465444862,2674707816820498.613771468177063,-76293.583446372874063,76378.683446372882263,-76293.583446372874063,76378.683446372882263,5.34942e+15,152672,152672,156079,132449,132449,
22.6,22.7,-2701589077288616.274748341841561,2701589077289906.656772763826457,-88108.382353092830952,88193.682353092840422,-88108.382353092830952,88193.682353092840422,5.40318e+15,176302,176302,180186,156079,156079,
22.7,22.8,-2728740498917262.074263040517122,2728740498918555.374675326182753,-100161.91987231057208,100247.419872310582843,-100161.91987231057208,100247.419872310582843,5.45748e+15,200409,200409,204761,180186,180186,
22.8,22.9,-2756164796869939.44036099736455,2756164796871235.688491432357326,-112449.119071145184405,112534.819071145196487,-112449.119071145184405,112534.819071145196487,5.51233e+15,224984,224984,229810,204761,204761,
22.9,23,-30971136965742427.881796899885965,30971136965743727.107270544111202,-112449.019071145247555,112534.919071145248641,-112449.019071145247555,112534.919071145248641,6.19423e+16,224984,224984,258114,2.31149e-33,2.31149e-33,
23,23.1,-31282402067139310.454796216349747,31282402067140612.687535866539617,-241506.09349821580481,241592.193498215807143,-241506.09349821580481,241592.193498215807143,6.25648e+16,483098,483098,521438,258114,258114,
23.1,23.2,-31596795434813780.05168470836415,31596795434815085.321913890345145,-373167.793044480251879,373254.093044480255484,-373167.793044480251879,373254.093044480255484,6.31936e+16,746422,746422,790083,521438,521438,
23.2,23.3,-31914348508364586.250829512781252,31914348508365894.589075503864292,-507490.37762573315472,507576.877625733159621,-507490.37762573315472,507576.877625733159621,6.38287e+16,1.01507e+06,1.01507e+06,1.06406e+06,790083,790083,
23.3,23.4,-32235093043363733.588593213465967,32235093043365045.025690095199573,-644479.261141196712121,644565.961141196718346,-644479.261141196712121,644565.961141196718346,6.44702e+16,1.28905e+06,1.28905e+06,1.34345e+06,1.06406e+06,1.06406e+06,
23.4,23.5,-32559061114532099.924861385719722,32559061114533414.491953127323863,-784174.403675764726563,784261.303675764734137,-784174.403675764726563,784261.303675764734137,6.51181e+16,1.56844e+06,1.56844e+06,1.62847e+06,1.34345e+06,1.34345e+06,
23.5,23.6,-32886285118946729.783840256970563,32886285118948047.512383829759534,-926685.018029947956165,926772.118029947965114,-926685.018029947956165,926772.118029947965114,6.57726e+16,1.85346e+06,1.85346e+06,1.91907e+06,1.62847e+06,1.62847e+06,
23.6,23.7,-33216797779280773.855996118241275,33216797779282094.777764641347043,-1071984.10515990683464,1072071.405159906844992,-1071984.10515990683464,1072071.405159906844992,6.64336e+16,2.14406e+06,2.14406e+06,2.21533e+06,1.91907e+06,1.91907e+06,
23.7,23.8,-33550632147075715.545161706677801,33550632147077039.692247624388391,-1220113.251845798742724,1220200.751845798754505,-1220113.251845798742724,1220200.751845798754505,6.71013e+16,2.44031e+06,2.44031e+06,2.51733e+06,2.21533e+06,2.21533e+06,
23.8,23.9,-33887821606046690.101032484513301,33887821606048017.505850775543975,-1371114.59844349863577,1371202.298443498649008,-1371114.59844349863577,1371202.298443498649008,6.77756e+16,2.74232e+06,2.74232e+06,2.82544e+06,2.51733e+06,2.51733e+06,
23.9,24,-417208261180315232.523362963826768,417208261180316563.21865438283113,-1371114.498443498904529,1371202.398443498905615,-1371114.498443498904529,1371202.398443498905615,8.34417e+17,2.74232e+06,2.74232e+06,3.47711e+06,2.46523e-32,2.46523e-32,
24,24.1,-421401273915480592.285876443570503,421401273915481926.304710795284439,-3109670.690163614921655,3109758.790163614924119,-3109670.690163614921655,3109758.790163614924119,8.42803e+17,6.21943e+06,6.21943e+06,7.02449e+06,3.47711e+06,3.47711e+06,
24.1,24.2,-425636427129234465.033830151257448,425636427129235802.409609597466104,-4883357.341354551372978,4883445.641354551376847,-4883357.341354551372978,4883445.641354551376847,8.51273e+17,9.7668e+06,9.7668e+06,1.06426e+07,7.02449e+06,7.02449e+06,
24.2,24.3,-429914144340428362.275565411662911,429914144340429703.042027811458347,-6692426.455310420498181,6692514.955310420503484,-6692426.455310420498181,6692514.955310420503484,8.59828e+17,1.33849e+07,1.33849e+07,1.43337e+07,1.06426e+07,1.06426e+07,
24.3,24.4,-434234853324347918.367976938890752,434234853324349262.559199222485965,-8537958.953653337381993,8538047.653653337388758,-8537958.953653337381993,8538047.653653337388758,8.6847e+17,1.7076e+07,1.7076e+07,1.80977e+07,1.43337e+07,1.43337e+07,
24.4,24.5,-438598986155492413.970223935567916,438598986155493761.620625512018259,-10419948.837902357821715,10420037.737902357829971,-10419948.837902357821715,10420037.737902357829971,8.77198e+17,2.084e+07,2.084e+07,2.19357e+07,1.80977e+07,1.80977e+07,
24.5,24.6,-443006979250783141.262254053601951,443006979250784492.406600252774723,-12338941.605626609909282,12339030.705626609919058,-12338941.605626609909282,12339030.705626609919058,8.86014e+17,2.4678e+07,2.4678e+07,2.5851e+07,2.19357e+07,2.19357e+07,
24.6,24.7,-447459273413202172.134798603393063,447459273413203526.808204152529464,-14296589.539312204528358,14296678.839312204539684,-14296589.539312204528358,14296678.839312204539684,8.94919e+17,2.85933e+07,2.85933e+07,2.98425e+07,2.5851e+07,2.5851e+07,
24.7,24.8,-451956313875876300.525860098899514,451956313875877658.763792634116633,-16292364.257602431822013,16292453.757602431834919,-16292364.257602431822013,16292453.757602431834919,9.03913e+17,3.25848e+07,3.25848e+07,3.39114e+07,2.98425e+07,2.98425e+07,
24.8,24.9,-456498550346599637.532663111861014,456498550346600999.370946724944999,-18326833.462000675944563,18326923.16200067595908,-18326833.462000675944563,18326923.16200067595908,9.12997e+17,3.66538e+07,3.66538e+07,3.80589e+07,3.39114e+07,3.39114e+07,
24.9,25,-6162872946967069133.03613866931837,6162872946967070498.510957490148234,-18326833.362000682403703,18326923.262000682404789,-18326833.362000682403703,18326923.262000682404789,1.23257e+19,3.66538e+07,3.66538e+07,5.13635e+07,3.94431e-31,3.94431e-31,
25,25.1,-6224810849823386010.231773246093716,6224810849823387379.379675061129999,-44008593.183124405498438,44008683.283124405501047,-44008593.183124405498438,44008683.283124405501047,1.24496e+19,8.80173e+07,8.80173e+07,1.03766e+08,5.13635e+07,5.13635e+07,
25.1,25.2,-6287371238952459481.934002988749001,6287371238952460854.791902895797505,-70209630.427069539921285,70209720.727069539925447,-70209630.427069539921285,70209720.727069539925447,1.25747e+19,1.40419e+08,1.40419e+08,1.57213e+08,1.03766e+08,1.03766e+08,
25.2,25.3,-6350560370445349222.826870890961925,6350560370445350599.432054990729327,-96933333.385530863362867,96933423.885530863368614,-96933333.385530863362867,96933423.885530863368614,1.27011e+19,1.93867e+08,1.93867e+08,2.11739e+08,1.57213e+08,1.57213e+08,
25.3,25.4,-6414384563267857779.179661329501015,6414384563267859159.569790454236013,-124196344.438404730168494,124196435.138404730175856,-124196344.438404730168494,124196435.138404730175856,1.28288e+19,2.48393e+08,2.48393e+08,2.67342e+08,2.11739e+08,2.11739e+08,
25.4,25.5,-6478850199892458629.444496727045586,6478850199892460013.657610206653506,-151997906.531058514982561,151997997.431058514991571,-151997906.531058514982561,151997997.431058514991571,1.29577e+19,3.03996e+08,3.03996e+08,3.24038e+08,2.67342e+08,2.67342e+08,
25.5,25.6,-6543963726936557633.949094211043916,6543963726936559022.023613677051401,-180346077.723649896433419,180346168.823649896444109,-180346077.723649896433419,180346168.823649896444109,1.30879e+19,3.60692e+08,3.60692e+08,3.8188e+08,3.24038e+08,3.24038e+08,
25.6,25.7,-6609731655807107545.707605528919178,6609731655807108937.682338756669361,-209266615.702554171251887,209266707.00255417126429,-209266615.702554171251887,209266707.00255417126429,1.32195e+19,4.18533e+08,4.18533e+08,4.40847e+08,3.8188e+08,3.8188e+08,
25.7,25.8,-6676160563351806560.527179618001079,6676160563351807956.441324407463457,-238750378.488436365057394,238750469.988436365071543,-238750378.488436365057394,238750469.988436365071543,1.33523e+19,4.77501e+08,4.77501e+08,5.00958e+08,4.40847e+08,4.40847e+08,
25.8,25.9,-6743257092516771149.975931595664913,6743257092516772549.869079691248008,-268805752.270383534372347,268805843.970383534388277,-268805752.270383534372347,268805843.970383534388277,1.34865e+19,5.37612e+08,5.37612e+08,5.62229e+08,5.00958e+08,5.00958e+08,
25.9,26,-99899381571631285481.505722219909,99899381571631286885.417863269650969,-268805752.170383717752627,268805844.070383717753714,-268805752.170383717752627,268805844.070383717753714,1.99799e+20,5.37612e+08,5.37612e+08,8.32594e+08,3.15544e-30,3.15544e-30,
26,26.1,-100903387048368380695.31127164076621,100903387048368382103.282797195383281,-685102869.887357106185067,685102961.987357106187836,-685102869.887357106185067,685102961.987357106187836,2.01807e+20,1.37021e+09,1.37021e+09,1.68202e+09,8.32594e+08,8.32594e+08,
26.1,26.2,-101917482947903469338.371900695123116,101917482947903470750.443608247148177,-1109816475.899412148063831,1109816568.199412148068317,-1109816475.899412148063831,1109816568.199412148068317,2.03835e+20,2.21963e+09,2.21963e+09,2.54839e+09,1.68202e+09,1.68202e+09,
26.2,26.3,-102941770680671795496.813437176979699,102941770680671796913.02653424056221,-1543002407.685402349123942,1543002500.185402349130178,-1543002407.685402349123942,1543002500.185402349130178,2.05884e+20,3.086e+09,3.086e+09,3.43225e+09,2.54839e+09,2.54839e+09,
26.3,26.4,-103976352676300140391.733960681532208,103976352676300141812.130068913223954,-1984928589.853994957010236,1984928682.553994957018258,-1984928589.853994957010236,1984928682.553994957018258,2.07953e+20,3.96986e+09,3.96986e+09,4.33356e+09,3.43225e+09,3.43225e+09,
26.4,26.5,-105021332393850289848.048728291778949,105021332393850291272.669887652734381,-2435584578.05214709377206,2435584670.952147093781903,-2435584578.05214709377206,2435584670.952147093781903,2.10043e+20,4.87117e+09,4.87117e+09,5.25259e+09,4.33356e+09,4.33356e+09,
26.5,26.6,-106076814332165168826.934343368453934,106076814332165170255.823016328461316,-2895100992.02965352898102,2895101085.12965352899272,-2895100992.02965352898102,2895101085.12965352899272,2.12154e+20,5.7902e+09,5.7902e+09,6.19017e+09,5.25259e+09,5.25259e+09,
26.6,26.7,-107142904040317971169.484310745562577,107142904040317972602.683386529326352,-3363891668.100735434978757,3363891761.40073543499235,-3363891668.100735434978757,3363891761.40073543499235,2.14286e+20,6.72778e+09,6.72778e+09,7.14601e+09,6.19017e+09,6.19017e+09,
26.7,26.8,-108219708128167993732.288033999494118,108219708128167995169.840832875593121,-3841812070.755297117977109,3841812164.255297117992632,-3841812070.755297117977109,3841812164.255297117992632,2.16439e+20,7.68362e+09,7.68362e+09,8.12038e+09,7.14601e+09,7.14601e+09,
26.8,26.9,-109307334277021432477.83147274827226,109307334277021433919.781750361222672,-4328998138.290536215670522,4328998231.990536215688012,-4328998138.290536215670522,4328998231.990536215688012,2.18615e+20,8.658e+09,8.658e+09,9.11356e+09,8.12038e+09,8.12038e+09,
26.9,27,-1778037922756168374349.590680621169,1778037922756168375795.982632367004814,-4328998138.1905482782718,4328998232.090548278272887,-4328998138.1905482782718,4328998232.090548278272887,3.55608e+21,8.658e+09,8.658e+09,1.1259e+10,2e-05,2e-05,
