0,0,0.9,1.1,0,0,0,0,0,0,0,0,0,0,0,0,0,0,0,0,0.2,0,0,0,0,0,0,0,0,0,0,0,0,0,0,0,0,0,
0,0.02,0.9,1.122,0,0,0,0,0,0,0,0,0,0,0,0,0,0,0,0,0.222,0,0,0,0,0,0,0,0,1.47475e-20,0,0,0,0,0,0,0,0,
0.02,0.04,0.917777783530339,1.143443966890705,0,0,0,0,0,0,0,0,0,0,0,0,0,0,0,0,0.225666,0,0,0,0,0,0,0,0,3.13006e-20,0,0,0,0,0,0,0,0,
0.04,0.06,0.935102901600126,1.164480924302821,0,0,0,0,0,0,0,0,0,0,0,0,0,0,0,0,0.229378,0,0,0,0,0,0,0,0,1.4263e-15,0,0,0,0,0,0,0,0,
0.06,0.08,0.951964382755582,1.185090242196978,0,0,0,0,0,0,0,0,0,0,0,0,0,0,0,0,0.233126,0,0,0,0,0,0,0,0,1.42634e-15,0,0,0,0,0,0,0,0,
0.08,0.1,0.968353009219688,1.205253568982929,0,0,0,0,0,0,0,0,0,0,0,0,0,0,0,0,0.236901,0,0,0,0,0,0,0,0,1.42642e-15,0,0,0,0,0,0,0,0,
0.1,0.12,0.984261216645947,1.224954708828019,0,0,0,0,0,0,0,0,0,0,0,0,0,0,0,0,0.240693,0,0,0,0,0,0,0,0,1.42656e-15,0,0,0,0,0,0,0,0,
0.12,0.14,0.999682997639103,1.244179503651195,0,0,0,0,0,0,0,0,0,0,0,0,0,0,0,0,0.244497,0,0,0,0,0,0,0,0,1.42677e-15,0,0,0,0,0,0,0,0,
0.14,0.16,1.01461380895137,1.26291571967312,0,0,0,0,0,0,0,0,0,0,0,0,0,0,0,0,0.248302,0,0,0,0,0,0,0,0,1.42708e-15,0,0,0,0,0,0,0,0,
0.16,0.18,1.029050482262955,1.281152938394824,0,0,0,0,0,0,0,0,0,0,0,0,0,0,0,0,0.252102,0,0,0,0,0,0,0,0,1.4275e-15,0,0,0,0,0,0,0,0,
0.18,0.2,1.042991138456065,1.298882451879216,0,0,0,0,0,0,0,0,0,0,0,0,0,0,0,0,0.255891,0,0,0,0,0,0,0,0,1.42803e-15,0,0,0,0,0,0,0,0,
0.2,0.22,1.056435105292069,1.316097162211711,0,0,0,0,0,0,0,0,0,0,0,0,0,0,0,0,0.259662,0,0,0,0,0,0,0,0,1.4287e-15,0,0,0,0,0,0,0,0,
0.22,0.24,1.069382838402133,1.332791485018276,0,0,0,0,0,0,0,0,0,0,0,0,0,0,0,0,0.263409,0,0,0,0,0,0,0,0,1.42952e-15,0,0,0,0,0,0,0,0,
0.24,0.26,1.081835845502325,1.348961256921198,0,0,0,0,0,0,0,0,0,0,0,0,0,0,0,0,0.267125,0,0,0,0,0,0,0,0,1.4305e-15,0,0,0,0,0,0,0,0,
0.26,0.28,1.093796613745033,1.364603646814995,0,0,0,0,0,0,0,0,0,0,0,0,0,0,0,0,0.270807,0,0,0,0,0,0,0,0,1.43166e-15,0,0,0,0,0,0,0,0,
0.28,0.3,1.105268540119402,1.379717070846987,0,0,0,0,0,0,0,0,0,0,0,0,0,0,0,0,0.274449,0,0,0,0,0,0,0,0,1.43299e-15,0,0,0,0,0,0,0,0,
0.3,0.32,1.116255864814485,1.394301110989205,0,0,0,0,0,0,0,0,0,0,0,0,0,0,0,0,0.278045,0,0,0,0,0,0,0,0,1.43452e-15,0,0,0,0,0,0,0,0,
0.32,0.34,1.126763607459831,1.408356437090465,0,0,0,0,0,0,0,0,0,0,0,0,0,0,0,0,0.281593,0,0,0,0,0,0,0,0,1.43626e-15,0,0,0,0,0,0,0,0,
0.34,0.36,1.136797506159348,1.421884732299631,0,0,0,0,0,0,0,0,0,0,0,0,0,0,0,0,0.285087,0,0,0,0,0,0,0,0,1.43821e-15,0,0,0,0,0,0,0,0,
0.36,0.38,1.146363959235441,1.43488862175328,0,0,0,0,0,0,0,0,0,0,0,0,0,0,0,0,0.288525,0,0,0,0,0,0,0,0,1.44039e-15,0,0,0,0,0,0,0,0,
0.38,0.4,1.155469969601622,1.447371604423183,0,0,0,0,0,0,0,0,0,0,0,0,0,0,0,0,0.291902,0,0,0,0,0,0,0,0,1.44281e-15,0,0,0,0,0,0,0,0,
0.4,0.42,1.16412309168308,1.459337988021236,0,0,0,0,0,0,0,0,0,0,0,0,0,0,0,0,0.295215,0,0,0,0,0,0,0,0,1.44548e-15,0,0,0,0,0,0,0,0,
0.42,0.44,1.172331380805966,1.470792826861682,0,0,0,0,0,0,0,0,0,0,0,0,0,0,0,0,0.298461,0,0,0,0,0,0,0,0,1.4484e-15,0,0,0,0,0,0,0,0,
0.44,0.46,1.180103344977516,1.481741862582669,0,0,0,0,0,0,0,0,0,0,0,0,0,0,0,0,0.301639,0,0,0,0,0,0,0,0,1.45159e-15,0,0,0,0,0,0,0,0,
0.46,0.48,1.187447898980478,1.492191467631405,0,0,0,0,0,0,0,0,0,0,0,0,0,0,0,0,0.304744,0,0,0,0,0,0,0,0,1.45506e-15,0,0,0,0,0,0,0,0,
0.48,0.5,1.194374320706725,1.502148591419365,0,0,0,0,0,0,0,0,0,0,0,0,0,0,0,0,0.307774,0,0,0,0,0,0,0,0,1.45882e-15,0,0,0,0,0,0,0,0,
0.5,0.52,1.200892209656343,1.511620709056188,0,0,0,0,0,0,0,0,0,0,0,0,0,0,0,0,0.310728,0,0,0,0,0,0,0,0,1.46288e-15,0,0,0,0,0,0,0,0,
0.52,0.54,1.207011447529925,1.520615772573082,0,0,0,0,0,0,0,0,0,0,0,0,0,0,0,0,0.313604,0,0,0,0,0,0,0,0,1.46725e-15,0,0,0,0,0,0,0,0,
0.54,0.56,1.212742160843264,1.529142164548712,0,0,0,0,0,0,0,0,0,0,0,0,0,0,0,0,0.3164,0,0,0,0,0,0,0,0,1.47194e-15,0,0,0,0,0,0,0,0,
0.56,0.58,1.21809468549508,1.537208654052697,0,0,0,0,0,0,0,0,0,0,0,0,0,0,0,0,0.319114,0,0,0,0,0,0,0,0,1.47697e-15,0,0,0,0,0,0,0,0,
0.58,0.6,1.223079533219932,1.544824354823952,0,0,0,0,0,0,0,0,0,0,0,0,0,0,0,0,0.321745,0,0,0,0,0,0,0,0,1.48233e-15,0,0,0,0,0,0,0,0,
0.6,0.62,1.227707359859903,1.55199868560323,0,0,0,0,0,0,0,0,0,0,0,0,0,0,0,0,0.324291,0,0,0,0,0,0,0,0,1.48805e-15,0,0,0,0,0,0,0,0,
0.62,0.64,1.231988935390167,1.558741332541281,0,0,0,0,0,0,0,0,0,0,0,0,0,0,0,0,0.326752,0,0,0,0,0,0,0,0,1.49414e-15,0,0,0,0,0,0,0,0,
0.64,0.66,1.235935115635022,1.565062213606129,0,0,0,0,0,0,0,0,0,0,0,0,0,0,0,0,0.329127,0,0,0,0,0,0,0,0,1.50061e-15,0,0,0,0,0,0,0,0,
0.66,0.68,1.239556815612439,1.570971444914975,0,0,0,0,0,0,0,0,0,0,0,0,0,0,0,0,0.331415,0,0,0,0,0,0,0,0,1.50747e-15,0,0,0,0,0,0,0,0,
0.68,0.7,1.242864984446701,1.576479308918252,0,0,0,0,0,0,0,0,0,0,0,0,0,0,0,0,0.333614,0,0,0,0,0,0,0,0,1.51473e-15,0,0,0,0,0,0,0,0,
0.7,0.72,1.245870581790145,1.581596224365333,0,0,0,0,0,0,0,0,0,0,0,0,0,0,0,0,0.335726,0,0,0,0,0,0,0,0,1.5224e-15,0,0,0,0,0,0,0,0,
0.72,0.74,1.248584555696492,1.586332717983346,0,0,0,0,0,0,0,0,0,0,0,0,0,0,0,0,0.337748,0,0,0,0,0,0,0,0,1.53051e-15,0,0,0,0,0,0,0,0,
0.74,0.76,1.25101782188975,1.590699964575282,0,0,0,0,0,0,0,0,0,0,0,0,0,0,0,0,0.339682,0,0,0,0,0,0,0,0,1.53906e-15,0,0,0,0,0,0,0,0,
0.76,0.78,1.253181244374056,1.594708341659358,0,0,0,0,0,0,0,0,0,0,0,0,0,0,0,0,0.341527,0,0,0,0,0,0,0,0,1.54807e-15,0,0,0,0,0,0,0,0,
0.78,0.8,1.255085617331332,1.598368322367811,0,0,0,0,0,0,0,0,0,0,0,0,0,0,0,0,0.343283,0,0,0,0,0,0,0,0,1.55755e-15,0,0,0,0,0,0,0,0,
0.8,0.82,1.256741648254992,1.601690613060844,0,0,0,0,0,0,0,0,0,0,0,0,0,0,0,0,0.344949,0,0,0,0,0,0,0,0,1.56752e-15,0,0,0,0,0,0,0,0,
0.82,0.84,1.258159942269388,1.604685909765697,0,0,0,0,0,0,0,0,0,0,0,0,0,0,0,0,0.346526,0,0,0,0,0,0,0,0,1.57799e-15,0,0,0,0,0,0,0,0,
0.84,0.86,1.259350987586052,1.607367805615657,0,0,0,0,0,0,0,0,0,0,0,0,0,0,0,0,0.348017,0,0,0,0,0,0,0,0,1.58898e-15,0,0,0,0,0,0,0,0,
0.86,0.88,1.260194963346903,1.60974717688485,0,0,0,0,0,0,0,0,0,0,0,0,0,0,0,0,0.349552,0,0,0,0,0,0,0,0,1.6005e-15,0,0,0,0,0,0,0,0,
0.88,0.9,1.260741201175395,1.611831671127148,0,0,0,0,0,0,0,0,0,0,0,0,0,0,0,0,0.35109,0,0,0,0,0,0,0,0,1.61259e-15,0,0,0,0,0,0,0,0,
0.9,0.92,1.261100979624374,1.613631750670595,0,0,0,0,0,0,0,0,0,0,0,0,0,0,0,0,0.352531,0,0,0,0,0,0,0,0,1.62524e-15,0,0,0,0,0,0,0,0,
0.92,0.94,1.261284037791074,1.615157782613321,0,0,0,0,0,0,0,0,0,0,0,0,0,0,0,0,0.353874,0,0,0,0,0,0,0,0,1.63848e-15,0,0,0,0,0,0,0,0,
0.94,0.96,1.261299931265632,1.616420025403344,0,0,0,0,0,0,0,0,0,0,0,0,0,0,0,0,0.35512,0,0,0,0,0,0,0,0,1.65233e-15,0,0,0,0,0,0,0,0,
0.96,0.98,1.261158020416954,1.61742861644739,0,0,0,0,0,0,0,0,0,0,0,0,0,0,0,0,0.356271,0,0,0,0,0,0,0,0,1.66682e-15,0,0,0,0,0,0,0,0,
0.98,1,1.260867445278729,1.618193560702726,0,0,0,0,0,0,0,0,0,0,0,0,0,0,0,0,0.357326,0,0,0,0,0,0,0,0,1.68195e-15,0,0,0,0,0,0,0,0,
1,1.02,1.260437196948292,1.61872472020747,0,0,0,0,0,0,0,0,0,0,0,0,0,0,0,0,0.358288,0,0,0,0,0,0,0,0,1.69775e-15,0,0,0,0,0,0,0,0,
1.02,1.04,1.259872215320615,1.619035615620653,0,0,0,0,0,0,0,0,0,0,0,0,0,0,0,0,0.359163,0,0,0,0,0,0,0,0,1.71425e-15,0,0,0,0,0,0,0,0,
1.04,1.06,1.259170861241694,1.619145970312409,0,0,0,0,0,0,0,0,0,0,0,0,0,0,0,0,0.359975,0,0,0,0,0,0,0,0,1.73147e-15,0,0,0,0,0,0,0,0,
1.06,1.08,1.258353921302669,1.619052693432145,0,0,0,0,0,0,0,0,0,0,0,0,0,0,0,0,0.360699,0,0,0,0,0,0,0,0,1.74943e-15,0,0,0,0,0,0,0,0,
1.08,1.1,1.257429457792422,1.618765019211475,0,0,0,0,0,0,0,0,0,0,0,0,0,0,0,0,0.361336,0,0,0,0,0,0,0,0,1.76815e-15,0,0,0,0,0,0,0,0,
1.1,1.12,1.256405309252618,1.61829199698891,0,0,0,0,0,0,0,0,0,0,0,0,0,0,0,0,0.361887,0,0,0,0,0,0,0,0,1.78767e-15,0,0,0,0,0,0,0,0,
1.12,1.14,1.255289088039586,1.617642485485206,0,0,0,0,0,0,0,0,0,0,0,0,0,0,0,0,0.362353,0,0,0,0,0,0,0,0,1.80801e-15,0,0,0,0,0,0,0,0,
1.14,1.16,1.254088178407572,1.616825147750467,0,0,0,0,0,0,0,0,0,0,0,0,0,0,0,0,0.362737,0,0,0,0,0,0,0,0,1.82919e-15,0,0,0,0,0,0,0,0,
1.16,1.18,1.252809735085175,1.615848446749104,0,0,0,0,0,0,0,0,0,0,0,0,0,0,0,0,0.363039,0,0,0,0,0,0,0,0,1.85125e-15,0,0,0,0,0,0,0,0,
1.18,1.2,1.251460682317786,1.61472064154989,0,0,0,0,0,0,0,0,0,0,0,0,0,0,0,0,0.36326,0,0,0,0,0,0,0,0,1.87421e-15,0,0,0,0,0,0,0,0,
1.2,1.22,1.25002631568912,1.613491552024561,0,0,0,0,0,0,0,0,0,0,0,0,0,0,0,0,0.363465,0,0,0,0,0,0,0,0,1.89811e-15,0,0,0,0,0,0,0,0,
1.22,1.24,1.248405776280844,1.612356786419675,0,0,0,0,0,0,0,0,0,0,0,0,0,0,0,0,0.363951,0,0,0,0,0,0,0,0,1.92298e-15,0,0,0,0,0,0,0,0,
1.24,1.26,1.246724774146756,1.611096407779618,0,0,0,0,0,0,0,0,0,0,0,0,0,0,0,0,0.364372,0,0,0,0,0,0,0,0,1.94886e-15,0,0,0,0,0,0,0,0,
1.26,1.28,1.244989266841443,1.609718095784558,0,0,0,0,0,0,0,0,0,0,0,0,0,0,0,0,0.364729,0,0,0,0,0,0,0,0,1.97577e-15,0,0,0,0,0,0,0,0,
1.28,1.3,1.243204995156668,1.608229303672657,0,0,0,0,0,0,0,0,0,0,0,0,0,0,0,0,0.365024,0,0,0,0,0,0,0,0,2.00375e-15,0,0,0,0,0,0,0,0,
1.3,1.32,1.241377484256513,1.606637257191737,0,0,0,0,0,0,0,0,0,0,0,0,0,0,0,0,0.36526,0,0,0,0,0,0,0,0,2.03284e-15,0,0,0,0,0,0,0,0,
1.32,1.34,1.239474811625587,1.604948953999138,0,0,0,0,0,0,0,0,0,0,0,0,0,0,0,0,0.365474,0,0,0,0,0,0,0,0,2.06309e-15,0,0,0,0,0,0,0,0,
1.34,1.36,1.237538387508947,1.603171163483485,0,0,0,0,0,0,0,0,0,0,0,0,0,0,0,0,0.365633,0,0,0,0,0,0,0,0,2.09452e-15,0,0,0,0,0,0,0,0,
1.36,1.38,1.235575295979169,1.601310426983051,0,0,0,0,0,0,0,0,0,0,0,0,0,0,0,0,0.365735,0,0,0,0,0,0,0,0,2.12719e-15,0,0,0,0,0,0,0,0,
1.38,1.4,1.233590200529948,1.5993730583764,0,0,0,0,0,0,0,0,0,0,0,0,0,0,0,0,0.365783,0,0,0,0,0,0,0,0,2.16113e-15,0,0,0,0,0,0,0,0,
1.4,1.42,1.231587557887642,1.597365145021982,0,0,0,0,0,0,0,0,0,0,0,0,0,0,0,0,0.365778,0,0,0,0,0,0,0,0,2.19639e-15,0,0,0,0,0,0,0,0,
1.42,1.44,1.229571620661295,1.595292549024222,0,0,0,0,0,0,0,0,0,0,0,0,0,0,0,0,0.365721,0,0,0,0,0,0,0,0,2.23302e-15,0,0,0,0,0,0,0,0,
1.44,1.46,1.227545344414187,1.593160908804623,0,0,0,0,0,0,0,0,0,0,0,0,0,0,0,0,0.365616,0,0,0,0,0,0,0,0,2.27107e-15,0,0,0,0,0,0,0,0,
1.46,1.48,1.225509987943904,1.590975640957207,0,0,0,0,0,0,0,0,0,0,0,0,0,0,0,0,0.365466,0,0,0,0,0,0,0,0,2.31058e-15,0,0,0,0,0,0,0,0,
1.48,1.5,1.223472700717925,1.588741942368537,0,0,0,0,0,0,0,0,0,0,0,0,0,0,0,0,0.365269,0,0,0,0,0,0,0,0,2.35161e-15,0,0,0,0,0,0,0,0,
1.5,1.52,1.221437107176126,1.586464792583321,0,0,0,0,0,0,0,0,0,0,0,0,0,0,0,0,0.365028,0,0,0,0,0,0,0,0,2.39421e-15,0,0,0,0,0,0,0,0,
1.52,1.54,1.219406490457664,1.584148956397475,0,0,0,0,0,0,0,0,0,0,0,0,0,0,0,0,0.364742,0,0,0,0,0,0,0,0,2.43845e-15,0,0,0,0,0,0,0,0,
1.54,1.56,1.217381532670547,1.581798986661222,0,0,0,0,0,0,0,0,0,0,0,0,0,0,0,0,0.364417,0,0,0,0,0,0,0,0,2.48437e-15,0,0,0,0,0,0,0,0,
1.56,1.58,1.215356429839814,1.579419227275617,0,0,0,0,0,0,0,0,0,0,0,0,0,0,0,0,0.364063,0,0,0,0,0,0,0,0,2.53205e-15,0,0,0,0,0,0,0,0,
1.58,1.6,1.213345336426953,1.577013816366581,0,0,0,0,0,0,0,0,0,0,0,0,0,0,0,0,0.363668,0,0,0,0,0,0,0,0,2.58153e-15,0,0,0,0,0,0,0,0,
1.6,1.62,1.211350665571707,1.574586689621256,0,0,0,0,0,0,0,0,0,0,0,0,0,0,0,0,0.363236,0,0,0,0,0,0,0,0,2.6329e-15,0,0,0,0,0,0,0,0,
1.62,1.64,1.209374988827352,1.572141583772144,0,0,0,0,0,0,0,0,0,0,0,0,0,0,0,0,0.362767,0,0,0,0,0,0,0,0,2.68621e-15,0,0,0,0,0,0,0,0,
1.64,1.66,1.207420537432321,1.569682040215198,0,0,0,0,0,0,0,0,0,0,0,0,0,0,0,0,0.362262,0,0,0,0,0,0,0,0,2.74154e-15,0,0,0,0,0,0,0,0,
1.66,1.68,1.205489380179828,1.567211408748638,0,0,0,0,0,0,0,0,0,0,0,0,0,0,0,0,0.361722,0,0,0,0,0,0,0,0,2.79896e-15,0,0,0,0,0,0,0,0,
1.68,1.7,1.203583427471143,1.564732851419892,0,0,0,0,0,0,0,0,0,0,0,0,0,0,0,0,0.361149,0,0,0,0,0,0,0,0,2.85855e-15,0,0,0,0,0,0,0,0,
1.7,1.72,1.201704435404131,1.562249346468672,0,0,0,0,0,0,0,0,0,0,0,0,0,0,0,0,0.360545,0,0,0,0,0,0,0,0,2.92039e-15,0,0,0,0,0,0,0,0,
1.72,1.74,1.199854009889293,1.559763692354752,0,0,0,0,0,0,0,0,0,0,0,0,0,0,0,0,0.35991,0,0,0,0,0,0,0,0,2.98455e-15,0,0,0,0,0,0,0,0,
1.74,1.76,1.198033610785961,1.557278511859598,0,0,0,0,0,0,0,0,0,0,0,0,0,0,0,0,0.359245,0,0,0,0,0,0,0,0,3.05113e-15,0,0,0,0,0,0,0,0,
1.76,1.78,1.196243984701902,1.554796256251514,0,0,0,0,0,0,0,0,0,0,0,0,0,0,0,0,0.358552,0,0,0,0,0,0,0,0,3.12022e-15,0,0,0,0,0,0,0,0,
1.78,1.8,1.194485743570332,1.552319209504505,0,0,0,0,0,0,0,0,0,0,0,0,0,0,0,0,0.357833,0,0,0,0,0,0,0,0,3.1919e-15,0,0,0,0,0,0,0,0,
1.8,1.82,1.192761065632197,1.549849492561558,0,0,0,0,0,0,0,0,0,0,0,0,0,0,0,0,0.357088,0,0,0,0,0,0,0,0,3.26627e-15,0,0,0,0,0,0,0,0,
1.82,1.84,1.19107086965416,1.547389067633514,0,0,0,0,0,0,0,0,0,0,0,0,0,0,0,0,0.356318,0,0,0,0,0,0,0,0,3.34343e-15,0,0,0,0,0,0,0,0,
1.84,1.86,1.189415191439632,1.544939742525189,0,0,0,0,0,0,0,0,0,0,0,0,0,0,0,0,0.355525,0,0,0,0,0,0,0,0,3.42349e-15,0,0,0,0,0,0,0,0,
1.86,1.88,1.187795423584917,1.542503174980838,0,0,0,0,0,0,0,0,0,0,0,0,0,0,0,0,0.354708,0,0,0,0,0,0,0,0,3.50654e-15,0,0,0,0,0,0,0,0,
1.88,1.9,1.186212222917982,1.540080877041494,0,0,0,0,0,0,0,0,0,0,0,0,0,0,0,0,0.353869,0,0,0,0,0,0,0,0,3.59271e-15,0,0,0,0,0,0,0,0,
1.9,1.92,1.184666029609201,1.537674219407143,0,0,0,0,0,0,0,0,0,0,0,0,0,0,0,0,0.353008,0,0,0,0,0,0,0,0,3.68211e-15,0,0,0,0,0,0,0,0,
1.92,1.94,1.183157174854487,1.535284435797068,0,0,0,0,0,0,0,0,0,0,0,0,0,0,0,0,0.352127,0,0,0,0,0,0,0,0,3.77485e-15,0,0,0,0,0,0,0,0,
1.94,1.96,1.181685884890102,1.532912627302116,0,0,0,0,0,0,0,0,0,0,0,0,0,0,0,0,0.351227,0,0,0,0,0,0,0,0,3.87107e-15,0,0,0,0,0,0,0,0,
1.96,1.98,1.18025228496963,1.530559766723001,0,0,0,0,0,0,0,0,0,0,0,0,0,0,0,0,0.350307,0,0,0,0,0,0,0,0,3.97089e-15,0,0,0,0,0,0,0,0,
1.98,2,1.178856403299652,1.528226702889101,0,0,0,0,0,0,0,0,0,0,0,0,0,0,0,0,0.34937,0,0,0,0,0,0,0,0,4.07444e-15,0,0,0,0,0,0,0,0,
2,2.02,1.177498174930862,1.525914164952567,0,0,0,0,0,0,0,0,0,0,0,0,0,0,0,0,0.348416,0,0,0,0,0,0,0,0,4.18187e-15,0,0,0,0,0,0,0,0,
2.02,2.04,1.17617744560164,1.523622766652902,0,0,0,0,0,0,0,0,0,0,0,0,0,0,0,0,0.347445,0,0,0,0,0,0,0,0,4.29332e-15,0,0,0,0,0,0,0,0,
2.04,2.06,1.174893975531301,1.521353010547441,0,0,0,0,0,0,0,0,0,0,0,0,0,0,0,0,0.346459,0,0,0,0,0,0,0,0,4.40894e-15,0,0,0,0,0,0,0,0,
2.06,2.08,1.173647443160467,1.51911636334734,0,0,0,0,0,0,0,0,0,0,0,0,0,0,0,0,0.345469,0,0,0,0,0,0,0,0,4.52889e-15,0,0,0,0,0,0,0,0,
2.08,2.1,1.172437448836206,1.516922721261175,0,0,0,0,0,0,0,0,0,0,0,0,0,0,0,0,0.344485,0,0,0,0,0,0,0,0,4.65332e-15,0,0,0,0,0,0,0,0,
2.1,2.12,1.171263518439806,1.514750670284151,0,0,0,0,0,0,0,0,0,0,0,0,0,0,0,0,0.343487,0,0,0,0,0,0,0,0,4.78241e-15,0,0,0,0,0,0,0,0,
2.12,2.14,1.170125106955216,1.51260024471975,0,0,0,0,0,0,0,0,0,0,0,0,0,0,0,0,0.342475,0,0,0,0,0,0,0,0,4.91634e-15,0,0,0,0,0,0,0,0,
2.14,2.16,1.169021601976381,1.510471391938245,0,0,0,0,0,0,0,0,0,0,0,0,0,0,0,0,0.34145,0,0,0,0,0,0,0,0,5.05528e-15,0,0,0,0,0,0,0,0,
2.16,2.18,1.167952327151884,1.508363976251079,0,0,0,0,0,0,0,0,0,0,0,0,0,0,0,0,0.340412,0,0,0,0,0,0,0,0,5.19942e-15,0,0,0,0,0,0,0,0,
2.18,2.2,1.166916545565444,1.506277782725849,0,0,0,0,0,0,0,0,0,0,0,0,0,0,0,0,0.339361,0,0,0,0,0,0,0,0,5.34895e-15,0,0,0,0,0,0,0,0,
2.2,2.22,1.165913463051017,1.504212520939641,0,0,0,0,0,0,0,0,0,0,0,0,0,0,0,0,0.338299,0,0,0,0,0,0,0,0,5.50409e-15,0,0,0,0,0,0,0,0,
2.22,2.24,1.164942231441363,1.502167828668654,0,0,0,0,0,0,0,0,0,0,0,0,0,0,0,0,0.337226,0,0,0,0,0,0,0,0,5.66504e-15,0,0,0,0,0,0,0,0,
2.24,2.26,1.164001951749118,1.500143285283126,0,0,0,0,0,0,0,0,0,0,0,0,0,0,0,0,0.336141,0,0,0,0,0,0,0,0,5.83203e-15,0,0,0,0,0,0,0,0,
2.26,2.28,1.162946429511907,1.498283703781456,0,0,0,0,0,0,0,0,0,0,0,0,0,0,0,0,0.335337,0,0,0,0,0,0,0,0,6.00527e-15,0,0,0,0,0,0,0,0,
2.28,2.3,1.16187590510141,1.49648734455762,0,0,0,0,0,0,0,0,0,0,0,0,0,0,0,0,0.334611,0,0,0,0,0,0,0,0,6.18501e-15,0,0,0,0,0,0,0,0,
2.3,2.32,1.160830099861845,1.494712720587372,0,0,0,0,0,0,0,0,0,0,0,0,0,0,0,0,0.333883,0,0,0,0,0,0,0,0,6.37149e-15,0,0,0,0,0,0,0,0,
2.32,2.34,1.159808034337914,1.492959080991911,0,0,0,0,0,0,0,0,0,0,0,0,0,0,0,0,0.333151,0,0,0,0,0,0,0,0,6.56496e-15,0,0,0,0,0,0,0,0,
2.34,2.36,1.158808694188491,1.491225595859857,0,0,0,0,0,0,0,0,0,0,0,0,0,0,0,0,0.332417,0,0,0,0,0,0,0,0,6.7657e-15,0,0,0,0,0,0,0,0,
2.36,2.38,1.157831032857101,1.489511431521184,0,0,0,0,0,0,0,0,0,0,0,0,0,0,0,0,0.33168,0,0,0,0,0,0,0,0,6.97397e-15,0,0,0,0,0,0,0,0,
2.38,2.4,1.156873974173422,1.487815737328626,0,0,0,0,0,0,0,0,0,0,0,0,0,0,0,0,0.330942,0,0,0,0,0,0,0,0,7.19007e-15,0,0,0,0,0,0,0,0,
2.4,2.42,1.15593641488579,1.486137478202325,0,0,0,0,0,0,0,0,0,0,0,0,0,0,0,0,0.330201,0,0,0,0,0,0,0,0,7.41428e-15,0,0,0,0,0,0,0,0,
2.42,2.44,1.155017227124752,1.484475665005273,0,0,0,0,0,0,0,0,0,0,0,0,0,0,0,0,0.329458,0,0,0,0,0,0,0,0,7.64692e-15,0,0,0,0,0,0,0,0,
2.44,2.46,1.154115260797827,1.482829272155853,0,0,0,0,0,0,0,0,0,0,0,0,0,0,0,0,0.328714,0,0,0,0,0,0,0,0,7.88831e-15,0,0,0,0,0,0,0,0,
2.46,2.48,1.153229345915682,1.481197240539625,0,0,0,0,0,0,0,0,0,0,0,0,0,0,0,0,0.327968,0,0,0,0,0,0,0,0,8.13877e-15,0,0,0,0,0,0,0,0,
2.48,2.5,1.152357920717943,1.479578480343892,0,0,0,0,0,0,0,0,0,0,0,0,0,0,0,0,0.327221,0,0,0,0,0,0,0,0,8.39866e-15,0,0,0,0,0,0,0,0,
2.5,2.52,1.151499882754456,1.477971873815027,0,0,0,0,0,0,0,0,0,0,0,0,0,0,0,0,0.326472,0,0,0,0,0,0,0,0,8.66833e-15,0,0,0,0,0,0,0,0,
2.52,2.54,1.15065428527425,1.476376277938682,0,0,0,0,0,0,0,0,0,0,0,0,0,0,0,0,0.325722,0,0,0,0,0,0,0,0,8.94815e-15,0,0,0,0,0,0,0,0,
2.54,2.56,1.149819901638108,1.474790527043059,0,0,0,0,0,0,0,0,0,0,0,0,0,0,0,0,0.324971,0,0,0,0,0,0,0,0,9.23852e-15,0,0,0,0,0,0,0,0,
2.56,2.58,1.148995495889469,1.473213435325516,0,0,0,0,0,0,0,0,0,0,0,0,0,0,0,0,0.324218,0,0,0,0,0,0,0,0,9.53983e-15,0,0,0,0,0,0,0,0,
2.58,2.6,1.14817982467568,1.471643799302883,0,0,0,0,0,0,0,0,0,0,0,0,0,0,0,0,0.323464,0,0,0,0,0,0,0,0,9.85249e-15,0,0,0,0,0,0,0,0,
2.6,2.62,1.147371639112333,1.470080400185915,0,0,0,0,0,0,0,0,0,0,0,0,0,0,0,0,0.322709,0,0,0,0,0,0,0,0,1.01769e-14,0,0,0,0,0,0,0,0,
2.62,2.64,1.146569686572076,1.468522006178405,0,0,0,0,0,0,0,0,0,0,0,0,0,0,0,0,0.321952,0,0,0,0,0,0,0,0,1.05136e-14,0,0,0,0,0,0,0,0,
2.64,2.66,1.145772667166418,1.466967418837821,0,0,0,0,0,0,0,0,0,0,0,0,0,0,0,0,0.321195,0,0,0,0,0,0,0,0,1.0863e-14,0,0,0,0,0,0,0,0,
2.66,2.68,1.144979340552922,1.465415373273312,0,0,0,0,0,0,0,0,0,0,0,0,0,0,0,0,0.320436,0,0,0,0,0,0,0,0,1.12256e-14,0,0,0,0,0,0,0,0,
2.68,2.7,1.144188485684975,1.463864579223271,0,0,0,0,0,0,0,0,0,0,0,0,0,0,0,0,0.319676,0,0,0,0,0,0,0,0,1.16019e-14,0,0,0,0,0,0,0,0,
2.7,2.72,1.143398851625231,1.462313774385108,0,0,0,0,0,0,0,0,0,0,0,0,0,0,0,0,0.318915,0,0,0,0,0,0,0,0,1.19925e-14,0,0,0,0,0,0,0,0,
2.72,2.74,1.142609191721809,1.460761693837969,0,0,0,0,0,0,0,0,0,0,0,0,0,0,0,0,0.318153,0,0,0,0,0,0,0,0,1.23977e-14,0,0,0,0,0,0,0,0,
2.74,2.76,1.141818265031791,1.459207071903964,0,0,0,0,0,0,0,0,0,0,0,0,0,0,0,0,0.317389,0,0,0,0,0,0,0,0,1.28183e-14,0,0,0,0,0,0,0,0,
2.76,2.78,1.141024837686086,1.457648643939299,0,0,0,0,0,0,0,0,0,0,0,0,0,0,0,0,0.316624,0,0,0,0,0,0,0,0,1.32548e-14,0,0,0,0,0,0,0,0,
2.78,2.8,1.140227684196609,1.45608514805626,0,0,0,0,0,0,0,0,0,0,0,0,0,0,0,0,0.315857,0,0,0,0,0,0,0,0,1.37079e-14,0,0,0,0,0,0,0,0,
2.8,2.82,1.139409997536067,1.454530917947699,0,0,0,0,0,0,0,0,0,0,0,0,0,0,0,0,0.315121,0,0,0,0,0,0,0,0,1.41781e-14,0,0,0,0,0,0,0,0,
2.82,2.84,1.138527781783765,1.453027493022609,0,0,0,0,0,0,0,0,0,0,0,0,0,0,0,0,0.3145,0,0,0,0,0,0,0,0,1.46661e-14,0,0,0,0,0,0,0,0,
2.84,2.86,1.137637517589398,1.451515955602892,0,0,0,0,0,0,0,0,0,0,0,0,0,0,0,0,0.313878,0,0,0,0,0,0,0,0,1.51725e-14,0,0,0,0,0,0,0,0,
2.86,2.88,1.136738057410088,1.449995038192029,0,0,0,0,0,0,0,0,0,0,0,0,0,0,0,0,0.313257,0,0,0,0,0,0,0,0,1.56982e-14,0,0,0,0,0,0,0,0,
2.88,2.9,1.13582826784426,1.448463483653983,0,0,0,0,0,0,0,0,0,0,0,0,0,0,0,0,0.312635,0,0,0,0,0,0,0,0,1.62438e-14,0,0,0,0,0,0,0,0,
2.9,2.92,1.134907030549323,1.446920046562533,0,0,0,0,0,0,0,0,0,0,0,0,0,0,0,0,0.312013,0,0,0,0,0,0,0,0,1.68101e-14,0,0,0,0,0,0,0,0,
2.92,2.94,1.133973243122278,1.445363494488347,0,0,0,0,0,0,0,0,0,0,0,0,0,0,0,0,0.31139,0,0,0,0,0,0,0,0,1.73979e-14,0,0,0,0,0,0,0,0,
2.94,2.96,1.133025819985335,1.443792609224968,0,0,0,0,0,0,0,0,0,0,0,0,0,0,0,0,0.310767,0,0,0,0,0,0,0,0,1.80081e-14,0,0,0,0,0,0,0,0,
2.96,2.98,1.132063686485984,1.442206194669438,0,0,0,0,0,0,0,0,0,0,0,0,0,0,0,0,0.310143,0,0,0,0,0,0,0,0,1.86413e-14,0,0,0,0,0,0,0,0,
2.98,3,1.131085762415618,1.440603095178835,0,0,0,0,0,0,0,0,0,0,0,0,0,0,0,0,0.309517,0,0,0,0,0,0,0,0,1.92987e-14,0,0,0,0,0,0,0,0,
3,3.02,1.130091055275668,1.438983746337872,0,0,0,0,0,0,0,0,0,0,0,0,0,0,0,0,0.308893,0,0,0,0,0,0,0,0,1.9981e-14,0,0,0,0,0,0,0,0,
3.02,3.04,1.129078554488279,1.437378906291995,0,0,0,0,0,0,0,0,0,0,0,0,0,0,0,0,0.3083,0,0,0,0,0,0,0,0,2.06893e-14,0,0,0,0,0,0,0,0,
3.04,3.06,1.128047269915967,1.435755077015084,0,0,0,0,0,0,0,0,0,0,0,0,0,0,0,0,0.307708,0,0,0,0,0,0,0,0,2.14244e-14,0,0,0,0,0,0,0,0,
3.06,3.08,1.126996232453005,1.434111117527994,0,0,0,0,0,0,0,0,0,0,0,0,0,0,0,0,0.307115,0,0,0,0,0,0,0,0,2.21876e-14,0,0,0,0,0,0,0,0,
3.08,3.1,1.125924494145659,1.432445907548051,0,0,0,0,0,0,0,0,0,0,0,0,0,0,0,0,0.306521,0,0,0,0,0,0,0,0,2.29798e-14,0,0,0,0,0,0,0,0,
3.1,3.12,1.124831129706591,1.430758348315118,0,0,0,0,0,0,0,0,0,0,0,0,0,0,0,0,0.305927,0,0,0,0,0,0,0,0,2.38021e-14,0,0,0,0,0,0,0,0,
3.12,3.14,1.123715236579085,1.429047363366199,0,0,0,0,0,0,0,0,0,0,0,0,0,0,0,0,0.305332,0,0,0,0,0,0,0,0,2.46558e-14,0,0,0,0,0,0,0,0,
3.14,3.16,1.122575934884761,1.427311899259827,0,0,0,0,0,0,0,0,0,0,0,0,0,0,0,0,0.304736,0,0,0,0,0,0,0,0,2.5542e-14,0,0,0,0,0,0,0,0,
3.16,3.18,1.121412368133605,1.425550926251458,0,0,0,0,0,0,0,0,0,0,0,0,0,0,0,0,0.304139,0,0,0,0,0,0,0,0,2.64619e-14,0,0,0,0,0,0,0,0,
3.18,3.2,1.12022370358261,1.423763438921128,0,0,0,0,0,0,0,0,0,0,0,0,0,0,0,0,0.30354,0,0,0,0,0,0,0,0,2.74169e-14,0,0,0,0,0,0,0,0,
3.2,3.22,1.119009132559301,1.421948456754573,0,0,0,0,0,0,0,0,0,0,0,0,0,0,0,0,0.302939,0,0,0,0,0,0,0,0,2.84083e-14,0,0,0,0,0,0,0,0,
3.22,3.24,1.117767870751149,1.420105024679065,0,0,0,0,0,0,0,0,0,0,0,0,0,0,0,0,0.302337,0,0,0,0,0,0,0,0,2.94375e-14,0,0,0,0,0,0,0,0,
3.24,3.26,1.116496877811671,1.418232213555161,0,0,0,0,0,0,0,0,0,0,0,0,0,0,0,0,0.301735,0,0,0,0,0,0,0,0,3.0506e-14,0,0,0,0,0,0,0,0,
3.26,3.28,1.115192811156582,1.416329120625593,0,0,0,0,0,0,0,0,0,0,0,0,0,0,0,0,0.301136,0,0,0,0,0,0,0,0,3.16153e-14,0,0,0,0,0,0,0,0,
3.28,3.3,1.113859931407771,1.414394869922493,0,0,0,0,0,0,0,0,0,0,0,0,0,0,0,0,0.300535,0,0,0,0,0,0,0,0,3.27669e-14,0,0,0,0,0,0,0,0,
3.3,3.32,1.112497549618792,1.412428612634157,0,0,0,0,0,0,0,0,0,0,0,0,0,0,0,0,0.299931,0,0,0,0,0,0,0,0,3.39624e-14,0,0,0,0,0,0,0,0,
3.32,3.34,1.111105017954843,1.410429527432525,0,0,0,0,0,0,0,0,0,0,0,0,0,0,0,0,0.299325,0,0,0,0,0,0,0,0,3.52036e-14,0,0,0,0,0,0,0,0,
3.34,3.36,1.109681703835817,1.408396820762559,0,0,0,0,0,0,0,0,0,0,0,0,0,0,0,0,0.298715,0,0,0,0,0,0,0,0,3.64923e-14,0,0,0,0,0,0,0,0,
3.36,3.38,1.108227000127004,1.406329727094683,0,0,0,0,0,0,0,0,0,0,0,0,0,0,0,0,0.298103,0,0,0,0,0,0,0,0,3.78301e-14,0,0,0,0,0,0,0,0,
3.38,3.4,1.106740325192313,1.404227509141423,0,0,0,0,0,0,0,0,0,0,0,0,0,0,0,0,0.297487,0,0,0,0,0,0,0,0,3.92192e-14,0,0,0,0,0,0,0,0,
3.4,3.42,1.105221122922154,1.402089458039414,0,0,0,0,0,0,0,0,0,0,0,0,0,0,0,0,0.296868,0,0,0,0,0,0,0,0,4.06613e-14,0,0,0,0,0,0,0,0,
3.42,3.44,1.103668862736874,1.399914893497866,0,0,0,0,0,0,0,0,0,0,0,0,0,0,0,0,0.296246,0,0,0,0,0,0,0,0,4.21585e-14,0,0,0,0,0,0,0,0,
3.44,3.46,1.102083039566655,1.397703163914628,0,0,0,0,0,0,0,0,0,0,0,0,0,0,0,0,0.29562,0,0,0,0,0,0,0,0,4.3713e-14,0,0,0,0,0,0,0,0,
3.46,3.48,1.100463173808727,1.395453646460933,0,0,0,0,0,0,0,0,0,0,0,0,0,0,0,0,0.29499,0,0,0,0,0,0,0,0,4.5327e-14,0,0,0,0,0,0,0,0,
3.48,3.5,1.098808811146509,1.393165747135903,0,0,0,0,0,0,0,0,0,0,0,0,0,0,0,0,0.294357,0,0,0,0,0,0,0,0,4.70028e-14,0,0,0,0,0,0,0,0,
3.5,3.52,1.097119522673897,1.390838900791902,0,0,0,0,0,0,0,0,0,0,0,0,0,0,0,0,0.293719,0,0,0,0,0,0,0,0,4.87427e-14,0,0,0,0,0,0,0,0,
3.52,3.54,1.095394904861468,1.388472571131759,0,0,0,0,0,0,0,0,0,0,0,0,0,0,0,0,0.293078,0,0,0,0,0,0,0,0,5.05492e-14,0,0,0,0,0,0,0,0,
3.54,3.56,1.093634579123505,1.38606625067892,0,0,0,0,0,0,0,0,0,0,0,0,0,0,0,0,0.292432,0,0,0,0,0,0,0,0,5.24249e-14,0,0,0,0,0,0,0,0,
3.56,3.58,1.091838191817137,1.38361946072153,0,0,0,0,0,0,0,0,0,0,0,0,0,0,0,0,0.291781,0,0,0,0,0,0,0,0,5.43725e-14,0,0,0,0,0,0,0,0,
3.58,3.6,1.090005413867794,1.381131751231466,0,0,0,0,0,0,0,0,0,0,0,0,0,0,0,0,0.291126,0,0,0,0,0,0,0,0,5.63946e-14,0,0,0,0,0,0,0,0,
3.6,3.62,1.088135940927047,1.378602700759281,0,0,0,0,0,0,0,0,0,0,0,0,0,0,0,0,0.290467,0,0,0,0,0,0,0,0,5.84943e-14,0,0,0,0,0,0,0,0,
3.62,3.64,1.086229493460749,1.376031916306052,0,0,0,0,0,0,0,0,0,0,0,0,0,0,0,0,0.289802,0,0,0,0,0,0,0,0,6.06744e-14,0,0,0,0,0,0,0,0,
3.64,3.66,1.084285815820229,1.373419033173064,0,0,0,0,0,0,0,0,0,0,0,0,0,0,0,0,0.289133,0,0,0,0,0,0,0,0,6.29381e-14,0,0,0,0,0,0,0,0,
3.66,3.68,1.082304676331942,1.370763714790266,0,0,0,0,0,0,0,0,0,0,0,0,0,0,0,0,0.288459,0,0,0,0,0,0,0,0,6.52886e-14,0,0,0,0,0,0,0,0,
3.68,3.7,1.080285866955656,1.368065652524428,0,0,0,0,0,0,0,0,0,0,0,0,0,0,0,0,0.28778,0,0,0,0,0,0,0,0,6.77292e-14,0,0,0,0,0,0,0,0,
3.7,3.72,1.078229203180023,1.365324565467868,0,0,0,0,0,0,0,0,0,0,0,0,0,0,0,0,0.287095,0,0,0,0,0,0,0,0,7.02635e-14,0,0,0,0,0,0,0,0,
3.72,3.74,1.076134523944348,1.36254020020866,0,0,0,0,0,0,0,0,0,0,0,0,0,0,0,0,0.286406,0,0,0,0,0,0,0,0,7.2895e-14,0,0,0,0,0,0,0,0,
3.74,3.76,1.074001690961689,1.359712330583158,0,0,0,0,0,0,0,0,0,0,0,0,0,0,0,0,0.285711,0,0,0,0,0,0,0,0,7.56274e-14,0,0,0,0,0,0,0,0,
3.76,3.78,1.071830588601849,1.356840757411692,0,0,0,0,0,0,0,0,0,0,0,0,0,0,0,0,0.28501,0,0,0,0,0,0,0,0,7.84647e-14,0,0,0,0,0,0,0,0,
3.78,3.8,1.069621123593102,1.353925308218261,0,0,0,0,0,0,0,0,0,0,0,0,0,0,0,0,0.284304,0,0,0,0,0,0,0,0,8.1411e-14,0,0,0,0,0,0,0,0,
3.8,3.82,1.067373224713868,1.350965836935023,0,0,0,0,0,0,0,0,0,0,0,0,0,0,0,0,0.283593,0,0,0,0,0,0,0,0,8.44703e-14,0,0,0,0,0,0,0,0,
3.82,3.84,1.065086842474941,1.347962223592375,0,0,0,0,0,0,0,0,0,0,0,0,0,0,0,0,0.282875,0,0,0,0,0,0,0,0,8.76472e-14,0,0,0,0,0,0,0,0,
3.84,3.86,1.062761948792858,1.344914373995397,0,0,0,0,0,0,0,0,0,0,0,0,0,0,0,0,0.282152,0,0,0,0,0,0,0,0,9.0946e-14,0,0,0,0,0,0,0,0,
3.86,3.88,1.060398536654975,1.341822219387404,0,0,0,0,0,0,0,0,0,0,0,0,0,0,0,0,0.281424,0,0,0,0,0,0,0,0,9.43715e-14,0,0,0,0,0,0,0,0,
3.88,3.9,1.05799585242954,1.338685716101349,0,0,0,0,0,0,0,0,0,0,0,0,0,0,0,0,0.28069,0,0,0,0,0,0,0,0,9.79287e-14,0,0,0,0,0,0,0,0,
3.9,3.92,1.055554000416984,1.335504845199789,0,0,0,0,0,0,0,0,0,0,0,0,0,0,0,0,0.279951,0,0,0,0,0,0,0,0,1.01623e-13,0,0,0,0,0,0,0,0,
3.92,3.94,1.0530737462817,1.332279612104116,0,0,0,0,0,0,0,0,0,0,0,0,0,0,0,0,0.279206,0,0,0,0,0,0,0,0,1.05458e-13,0,0,0,0,0,0,0,0,
3.94,3.96,1.050555164307047,1.329010046213736,0,0,0,0,0,0,0,0,0,0,0,0,0,0,0,0,0.278455,0,0,0,0,0,0,0,0,1.09442e-13,0,0,0,0,0,0,0,0,
3.96,3.98,1.047998348050641,1.325696200515848,0,0,0,0,0,0,0,0,0,0,0,0,0,0,0,0,0.277698,0,0,0,0,0,0,0,0,1.13578e-13,0,0,0,0,0,0,0,0,
3.98,4,1.045403409970936,1.322338151186497,0,0,0,0,0,0,0,0,0,0,0,0,0,0,0,0,0.276935,0,0,0,0,0,0,0,0,1.17873e-13,0,0,0,0,0,0,0,0,
4,4.02,1.042770481049143,1.318935997183491,0,0,0,0,0,0,0,0,0,0,0,0,0,0,0,0,0.276166,0,0,0,0,0,0,0,0,1.22334e-13,0,0,0,0,0,0,0,0,
4.02,4.04,1.040098413131351,1.315489859831839,0,0,0,0,0,0,0,0,0,0,0,0,0,0,0,0,0.275391,0,0,0,0,0,0,0,0,1.26966e-13,0,0,0,0,0,0,0,0,
4.04,4.06,1.037387580760725,1.311999882402264,0,0,0,0,0,0,0,0,0,0,0,0,0,0,0,0,0.274612,0,0,0,0,0,0,0,0,1.31776e-13,0,0,0,0,0,0,0,0,
4.06,4.08,1.034639273656664,1.308466229683405,0,0,0,0,0,0,0,0,0,0,0,0,0,0,0,0,0.273827,0,0,0,0,0,0,0,0,1.36771e-13,0,0,0,0,0,0,0,0,
4.08,4.1,1.031853692103359,1.304889087548238,0,0,0,0,0,0,0,0,0,0,0,0,0,0,0,0,0.273035,0,0,0,0,0,0,0,0,1.41959e-13,0,0,0,0,0,0,0,0,
4.1,4.12,1.029031056608792,1.301268662515294,0,0,0,0,0,0,0,0,0,0,0,0,0,0,0,0,0.272238,0,0,0,0,0,0,0,0,1.47346e-13,0,0,0,0,0,0,0,0,
4.12,4.14,1.026171601561473,1.297605181305178,0,0,0,0,0,0,0,0,0,0,0,0,0,0,0,0,0.271434,0,0,0,0,0,0,0,0,1.5294e-13,0,0,0,0,0,0,0,0,
4.14,4.16,1.02327557712225,1.293898890392916,0,0,0,0,0,0,0,0,0,0,0,0,0,0,0,0,0.270623,0,0,0,0,0,0,0,0,1.5875e-13,0,0,0,0,0,0,0,0,
4.16,4.18,1.02034324882425,1.290150055556626,0,0,0,0,0,0,0,0,0,0,0,0,0,0,0,0,0.269807,0,0,0,0,0,0,0,0,1.64783e-13,0,0,0,0,0,0,0,0,
4.18,4.2,1.017372917075184,1.28635896142299,0,0,0,0,0,0,0,0,0,0,0,0,0,0,0,0,0.268986,0,0,0,0,0,0,0,0,1.71048e-13,0,0,0,0,0,0,0,0,
4.2,4.22,1.014362965308525,1.282525911010005,0,0,0,0,0,0,0,0,0,0,0,0,0,0,0,0,0.268163,0,0,0,0,0,0,0,0,1.77555e-13,0,0,0,0,0,0,0,0,
4.22,4.24,1.011317662971045,1.278651225267456,0,0,0,0,0,0,0,0,0,0,0,0,0,0,0,0,0.267334,0,0,0,0,0,0,0,0,1.84312e-13,0,0,0,0,0,0,0,0,
4.24,4.26,1.008237334253359,1.274735242615548,0,0,0,0,0,0,0,0,0,0,0,0,0,0,0,0,0.266498,0,0,0,0,0,0,0,0,1.9133e-13,0,0,0,0,0,0,0,0,
4.26,4.28,1.005122316652344,1.270778318482127,0,0,0,0,0,0,0,0,0,0,0,0,0,0,0,0,0.265656,0,0,0,0,0,0,0,0,1.98618e-13,0,0,0,0,0,0,0,0,
4.28,4.3,1.001972960570475,1.266780824838895,0,0,0,0,0,0,0,0,0,0,0,0,0,0,0,0,0.264808,0,0,0,0,0,0,0,0,2.06186e-13,0,0,0,0,0,0,0,0,
4.3,4.32,0.998789628916041,1.262743149737005,0,0,0,0,0,0,0,0,0,0,0,0,0,0,0,0,0.263954,0,0,0,0,0,0,0,0,2.14046e-13,0,0,0,0,0,0,0,0,
4.32,4.34,0.995572696704501,1.258665696842433,0,0,0,0,0,0,0,0,0,0,0,0,0,0,0,0,0.263093,0,0,0,0,0,0,0,0,2.22209e-13,0,0,0,0,0,0,0,0,
4.34,4.36,0.99232255066125,1.254548884971472,0,0,0,0,0,0,0,0,0,0,0,0,0,0,0,0,0.262226,0,0,0,0,0,0,0,0,2.30686e-13,0,0,0,0,0,0,0,0,
4.36,4.38,0.989039588826039,1.250393147626727,0,0,0,0,0,0,0,0,0,0,0,0,0,0,0,0,0.261354,0,0,0,0,0,0,0,0,2.3949e-13,0,0,0,0,0,0,0,0,
4.38,4.4,0.985724220159295,1.246198932533919,0,0,0,0,0,0,0,0,0,0,0,0,0,0,0,0,0.260475,0,0,0,0,0,0,0,0,2.48633e-13,0,0,0,0,0,0,0,0,
4.4,4.42,0.982376864150564,1.241966701179861,0,0,0,0,0,0,0,0,0,0,0,0,0,0,0,0,0.25959,0,0,0,0,0,0,0,0,2.58128e-13,0,0,0,0,0,0,0,0,
4.42,4.44,0.978997950429309,1.237696928351886,0,0,0,0,0,0,0,0,0,0,0,0,0,0,0,0,0.258699,0,0,0,0,0,0,0,0,2.6799e-13,0,0,0,0,0,0,0,0,
4.44,4.46,0.975587918378259,1.233390101679051,0,0,0,0,0,0,0,0,0,0,0,0,0,0,0,0,0.257802,0,0,0,0,0,0,0,0,2.78231e-13,0,0,0,0,0,0,0,0,
4.46,4.48,0.972147216749526,1.229046721175403,0,0,0,0,0,0,0,0,0,0,0,0,0,0,0,0,0.2569,0,0,0,0,0,0,0,0,2.88867e-13,0,0,0,0,0,0,0,0,
4.48,4.5,0.968676303283673,1.224667298785571,0,0,0,0,0,0,0,0,0,0,0,0,0,0,0,0,0.255991,0,0,0,0,0,0,0,0,2.99914e-13,0,0,0,0,0,0,0,0,
4.5,4.52,0.965175644331916,1.220252357932971,0,0,0,0,0,0,0,0,0,0,0,0,0,0,0,0,0.255077,0,0,0,0,0,0,0,0,3.11386e-13,0,0,0,0,0,0,0,0,
4.52,4.54,0.961645714481638,1.215802433070859,0,0,0,0,0,0,0,0,0,0,0,0,0,0,0,0,0.254157,0,0,0,0,0,0,0,0,3.233e-13,0,0,0,0,0,0,0,0,
4.54,4.56,0.958086996185383,1.211318069236489,0,0,0,0,0,0,0,0,0,0,0,0,0,0,0,0,0.253231,0,0,0,0,0,0,0,0,3.35674e-13,0,0,0,0,0,0,0,0,
4.56,4.58,0.954499979393483,1.206799821608596,0,0,0,0,0,0,0,0,0,0,0,0,0,0,0,0,0.2523,0,0,0,0,0,0,0,0,3.48525e-13,0,0,0,0,0,0,0,0,
4.58,4.6,0.950885161190465,1.202248255068441,0,0,0,0,0,0,0,0,0,0,0,0,0,0,0,0,0.251363,0,0,0,0,0,0,0,0,3.61872e-13,0,0,0,0,0,0,0,0,
4.6,4.62,0.94724304543539,1.197663943764609,0,0,0,0,0,0,0,0,0,0,0,0,0,0,0,0,0.250421,0,0,0,0,0,0,0,0,3.75733e-13,0,0,0,0,0,0,0,0,
4.62,4.64,0.943574142406247,1.193047470681784,0,0,0,0,0,0,0,0,0,0,0,0,0,0,0,0,0.249473,0,0,0,0,0,0,0,0,3.9013e-13,0,0,0,0,0,0,0,0,
4.64,4.66,0.93987896844853,1.188399427213662,0,0,0,0,0,0,0,0,0,0,0,0,0,0,0,0,0.24852,0,0,0,0,0,0,0,0,4.05081e-13,0,0,0,0,0,0,0,0,
4.66,4.68,0.936158045628128,1.183720412740217,0,0,0,0,0,0,0,0,0,0,0,0,0,0,0,0,0.247562,0,0,0,0,0,0,0,0,4.20609e-13,0,0,0,0,0,0,0,0,
4.68,4.7,0.932411901388614,1.179011034209465,0,0,0,0,0,0,0,0,0,0,0,0,0,0,0,0,0.246599,0,0,0,0,0,0,0,0,4.36736e-13,0,0,0,0,0,0,0,0,
4.7,4.72,0.928641068213071,1.174271905723896,0,0,0,0,0,0,0,0,0,0,0,0,0,0,0,0,0.245631,0,0,0,0,0,0,0,0,4.53485e-13,0,0,0,0,0,0,0,0,
4.72,4.74,0.924846083290523,1.169503648131731,0,0,0,0,0,0,0,0,0,0,0,0,0,0,0,0,0.244658,0,0,0,0,0,0,0,0,4.70881e-13,0,0,0,0,0,0,0,0,
4.74,4.76,0.921027488187078,1.164706888623146,0,0,0,0,0,0,0,0,0,0,0,0,0,0,0,0,0.243679,0,0,0,0,0,0,0,0,4.88948e-13,0,0,0,0,0,0,0,0,
4.76,4.78,0.917185828521862,1.159882260331594,0,0,0,0,0,0,0,0,0,0,0,0,0,0,0,0,0.242696,0,0,0,0,0,0,0,0,5.07712e-13,0,0,0,0,0,0,0,0,
4.78,4.8,0.913321653647825,1.155030401940357,0,0,0,0,0,0,0,0,0,0,0,0,0,0,0,0,0.241709,0,0,0,0,0,0,0,0,5.272e-13,0,0,0,0,0,0,0,0,
4.8,4.82,0.90943551633749,1.150151957294444,0,0,0,0,0,0,0,0,0,0,0,0,0,0,0,0,0.240716,0,0,0,0,0,0,0,0,5.4744e-13,0,0,0,0,0,0,0,0,
4.82,4.84,0.905527972473707,1.145247575017951,0,0,0,0,0,0,0,0,0,0,0,0,0,0,0,0,0.23972,0,0,0,0,0,0,0,0,5.68461e-13,0,0,0,0,0,0,0,0,
4.84,4.86,0.901599580745479,1.140317908136977,0,0,0,0,0,0,0,0,0,0,0,0,0,0,0,0,0.238718,0,0,0,0,0,0,0,0,5.90293e-13,0,0,0,0,0,0,0,0,
4.86,4.88,0.897650902348911,1.135363613708199,0,0,0,0,0,0,0,0,0,0,0,0,0,0,0,0,0.237713,0,0,0,0,0,0,0,0,6.12968e-13,0,0,0,0,0,0,0,0,
4.88,4.9,0.893682471998051,1.130385352453194,0,0,0,0,0,0,0,0,0,0,0,0,0,0,0,0,0.236703,0,0,0,0,0,0,0,0,6.36519e-13,0,0,0,0,0,0,0,0,
4.9,4.92,0.889694884208287,1.125383788398586,0,0,0,0,0,0,0,0,0,0,0,0,0,0,0,0,0.235689,0,0,0,0,0,0,0,0,6.60978e-13,0,0,0,0,0,0,0,0,
4.92,4.94,0.88568870603677,1.120359588522091,0,0,0,0,0,0,0,0,0,0,0,0,0,0,0,0,0.234671,0,0,0,0,0,0,0,0,6.86382e-13,0,0,0,0,0,0,0,0,
4.94,4.96,0.881664505820599,1.115313422404536,0,0,0,0,0,0,0,0,0,0,0,0,0,0,0,0,0.233649,0,0,0,0,0,0,0,0,7.12766e-13,0,0,0,0,0,0,0,0,
4.96,4.98,0.877622852986879,1.110245961887903,0,0,0,0,0,0,0,0,0,0,0,0,0,0,0,0,0.232623,0,0,0,0,0,0,0,0,7.40169e-13,0,0,0,0,0,0,0,0,
4.98,5,0.873564317785283,1.105157880739459,0,0,0,0,0,0,0,0,0,0,0,0,0,0,0,0,0.231594,0,0,0,0,0,0,0,0,7.6863e-13,0,0,0,0,0,0,0,0,
5,5.02,0.869489471025965,1.100049854322016,0,0,0,0,0,0,0,0,0,0,0,0,0,0,0,0,0.23056,0,0,0,0,0,0,0,0,7.9819e-13,0,0,0,0,0,0,0,0,
5.02,5.04,0.865398883822865,1.094922559270377,0,0,0,0,0,0,0,0,0,0,0,0,0,0,0,0,0.229524,0,0,0,0,0,0,0,0,8.28891e-13,0,0,0,0,0,0,0,0,
5.04,5.06,0.861293127342399,1.089776673173979,0,0,0,0,0,0,0,0,0,0,0,0,0,0,0,0,0.228484,0,0,0,0,0,0,0,0,8.60778e-13,0,0,0,0,0,0,0,0,
5.06,5.08,0.857170558593769,1.084612874265794,0,0,0,0,0,0,0,0,0,0,0,0,0,0,0,0,0.227442,0,0,0,0,0,0,0,0,8.93896e-13,0,0,0,0,0,0,0,0,
5.08,5.1,0.85303358794983,1.079431841117494,0,0,0,0,0,0,0,0,0,0,0,0,0,0,0,0,0.226398,0,0,0,0,0,0,0,0,9.28293e-13,0,0,0,0,0,0,0,0,
5.1,5.12,0.848883184331582,1.074234252340909,0,0,0,0,0,0,0,0,0,0,0,0,0,0,0,0,0.225351,0,0,0,0,0,0,0,0,9.64018e-13,0,0,0,0,0,0,0,0,
5.12,5.14,0.844719917120898,1.069020786295793,0,0,0,0,0,0,0,0,0,0,0,0,0,0,0,0,0.224301,0,0,0,0,0,0,0,0,1.00112e-12,0,0,0,0,0,0,0,0,
5.14,5.16,0.840544354562018,1.063792120803909,0,0,0,0,0,0,0,0,0,0,0,0,0,0,0,0,0.223248,0,0,0,0,0,0,0,0,1.03966e-12,0,0,0,0,0,0,0,0,
5.16,5.18,0.836357063542746,1.058548932869438,0,0,0,0,0,0,0,0,0,0,0,0,0,0,0,0,0.222192,0,0,0,0,0,0,0,0,1.07969e-12,0,0,0,0,0,0,0,0,
5.18,5.2,0.832158609381015,1.053291898405717,0,0,0,0,0,0,0,0,0,0,0,0,0,0,0,0,0.221133,0,0,0,0,0,0,0,0,1.12126e-12,0,0,0,0,0,0,0,0,
5.2,5.22,0.827949555616812,1.048021691968298,0,0,0,0,0,0,0,0,0,0,0,0,0,0,0,0,0.220072,0,0,0,0,0,0,0,0,1.16444e-12,0,0,0,0,0,0,0,0,
5.22,5.24,0.823730463809432,1.042738986494331,0,0,0,0,0,0,0,0,0,0,0,0,0,0,0,0,0.219009,0,0,0,0,0,0,0,0,1.20928e-12,0,0,0,0,0,0,0,0,
5.24,5.26,0.819501893340052,1.037444453048251,0,0,0,0,0,0,0,0,0,0,0,0,0,0,0,0,0.217943,0,0,0,0,0,0,0,0,1.25586e-12,0,0,0,0,0,0,0,0,
5.26,5.28,0.815262261103638,1.032140900689699,0,0,0,0,0,0,0,0,0,0,0,0,0,0,0,0,0.216879,0,0,0,0,0,0,0,0,1.30424e-12,0,0,0,0,0,0,0,0,
5.28,5.3,0.8110022213267,1.02683889622715,0,0,0,0,0,0,0,0,0,0,0,0,0,0,0,0,0.215837,0,0,0,0,0,0,0,0,1.35448e-12,0,0,0,0,0,0,0,0,
5.3,5.32,0.80673552782326,1.021525901544782,0,0,0,0,0,0,0,0,0,0,0,0,0,0,0,0,0.21479,0,0,0,0,0,0,0,0,1.40667e-12,0,0,0,0,0,0,0,0,
5.32,5.34,0.802462699131818,1.0162026080598,0,0,0,0,0,0,0,0,0,0,0,0,0,0,0,0,0.21374,0,0,0,0,0,0,0,0,1.46087e-12,0,0,0,0,0,0,0,0,
5.34,5.36,0.798184248598275,1.010869703816901,0,0,0,0,0,0,0,0,0,0,0,0,0,0,0,0,0.212685,0,0,0,0,0,0,0,0,1.51717e-12,0,0,0,0,0,0,0,0,
5.36,5.38,0.793900685760233,1.005527873266145,0,0,0,0,0,0,0,0,0,0,0,0,0,0,0,0,0.211627,0,0,0,0,0,0,0,0,1.57564e-12,0,0,0,0,0,0,0,0,
5.38,5.4,0.789612526265111,1.000177797047246,0,0,0,0,0,0,0,0,0,0,0,0,0,0,0,0,0.210565,0,0,0,0,0,0,0,0,1.63637e-12,0,0,0,0,0,0,0,0,
5.4,5.42,0.785320276648766,0.99482015178026,0,0,0,0,0,0,0,0,0,0,0,0,0,0,0,0,0.2095,0,0,0,0,0,0,0,0,1.69945e-12,0,0,0,0,0,0,0,0,
5.42,5.44,0.781024440067393,0.989455609862622,0,0,0,0,0,0,0,0,0,0,0,0,0,0,0,0,0.208431,0,0,0,0,0,0,0,0,1.76496e-12,0,0,0,0,0,0,0,0,
5.44,5.46,0.776725220198192,0.98408483927247,0,0,0,0,0,0,0,0,0,0,0,0,0,0,0,0,0.20736,0,0,0,0,0,0,0,0,1.83301e-12,0,0,0,0,0,0,0,0,
5.46,5.48,0.772422888744776,0.978708503378224,0,0,0,0,0,0,0,0,0,0,0,0,0,0,0,0,0.206286,0,0,0,0,0,0,0,0,1.90368e-12,0,0,0,0,0,0,0,0,
5.48,5.5,0.768118466328507,0.973327260754345,0,0,0,0,0,0,0,0,0,0,0,0,0,0,0,0,0.205209,0,0,0,0,0,0,0,0,1.97709e-12,0,0,0,0,0,0,0,0,
5.5,5.52,0.76381244133112,0.967941765003242,0,0,0,0,0,0,0,0,0,0,0,0,0,0,0,0,0.204129,0,0,0,0,0,0,0,0,2.05333e-12,0,0,0,0,0,0,0,0,
5.52,5.54,0.759505298085919,0.962552664583239,0,0,0,0,0,0,0,0,0,0,0,0,0,0,0,0,0.203047,0,0,0,0,0,0,0,0,2.13252e-12,0,0,0,0,0,0,0,0,
5.54,5.56,0.755197516758487,0.957160602642577,0,0,0,0,0,0,0,0,0,0,0,0,0,0,0,0,0.201963,0,0,0,0,0,0,0,0,2.21477e-12,0,0,0,0,0,0,0,0,
5.56,5.58,0.750889573231806,0.951766216859353,0,0,0,0,0,0,0,0,0,0,0,0,0,0,0,0,0.200877,0,0,0,0,0,0,0,0,2.30019e-12,0,0,0,0,0,0,0,0,
5.58,5.6,0.746581341626782,0.946370139287362,0,0,0,0,0,0,0,0,0,0,0,0,0,0,0,0,0.199789,0,0,0,0,0,0,0,0,2.38892e-12,0,0,0,0,0,0,0,0,
5.6,5.62,0.742273752575402,0.940972996207758,0,0,0,0,0,0,0,0,0,0,0,0,0,0,0,0,0.198699,0,0,0,0,0,0,0,0,2.48108e-12,0,0,0,0,0,0,0,0,
5.62,5.64,0.737967427015231,0.935575407986472,0,0,0,0,0,0,0,0,0,0,0,0,0,0,0,0,0.197608,0,0,0,0,0,0,0,0,2.5768e-12,0,0,0,0,0,0,0,0,
5.64,5.66,0.733662822263707,0.930177988937319,0,0,0,0,0,0,0,0,0,0,0,0,0,0,0,0,0.196515,0,0,0,0,0,0,0,0,2.67621e-12,0,0,0,0,0,0,0,0,
5.66,5.68,0.729360390844272,0.924781347190729,0,0,0,0,0,0,0,0,0,0,0,0,0,0,0,0,0.195421,0,0,0,0,0,0,0,0,2.77947e-12,0,0,0,0,0,0,0,0,
5.68,5.7,0.725060580397044,0.91938608456802,0,0,0,0,0,0,0,0,0,0,0,0,0,0,0,0,0.194326,0,0,0,0,0,0,0,0,2.88672e-12,0,0,0,0,0,0,0,0,
5.7,5.72,0.7207638335935,0.913992796461145,0,0,0,0,0,0,0,0,0,0,0,0,0,0,0,0,0.193229,0,0,0,0,0,0,0,0,2.99812e-12,0,0,0,0,0,0,0,0,
5.72,5.74,0.716470588055142,0.908602071717845,0,0,0,0,0,0,0,0,0,0,0,0,0,0,0,0,0.192131,0,0,0,0,0,0,0,0,3.11382e-12,0,0,0,0,0,0,0,0,
5.74,5.76,0.712181063098793,0.903214492532121,0,0,0,0,0,0,0,0,0,0,0,0,0,0,0,0,0.191033,0,0,0,0,0,0,0,0,3.23399e-12,0,0,0,0,0,0,0,0,
5.76,5.78,0.707895829873648,0.897830634339966,0,0,0,0,0,0,0,0,0,0,0,0,0,0,0,0,0.189935,0,0,0,0,0,0,0,0,3.35881e-12,0,0,0,0,0,0,0,0,
5.78,5.8,0.703615383065319,0.892451065720265,0,0,0,0,0,0,0,0,0,0,0,0,0,0,0,0,0.188836,0,0,0,0,0,0,0,0,3.48845e-12,0,0,0,0,0,0,0,0,
5.8,5.82,0.69934013940158,0.887076348300787,0,0,0,0,0,0,0,0,0,0,0,0,0,0,0,0,0.187736,0,0,0,0,0,0,0,0,3.6231e-12,0,0,0,0,0,0,0,0,
5.82,5.84,0.695070510208787,0.881707036669207,0,0,0,0,0,0,0,0,0,0,0,0,0,0,0,0,0.186637,0,0,0,0,0,0,0,0,3.76296e-12,0,0,0,0,0,0,0,0,
5.84,5.86,0.690806901353204,0.876343678289056,0,0,0,0,0,0,0,0,0,0,0,0,0,0,0,0,0.185537,0,0,0,0,0,0,0,0,3.90822e-12,0,0,0,0,0,0,0,0,
5.86,5.88,0.686549713185876,0.87098681342054,0,0,0,0,0,0,0,0,0,0,0,0,0,0,0,0,0.184437,0,0,0,0,0,0,0,0,4.0591e-12,0,0,0,0,0,0,0,0,
5.88,5.9,0.682299340491013,0.865636975046134,0,0,0,0,0,0,0,0,0,0,0,0,0,0,0,0,0.183338,0,0,0,0,0,0,0,0,4.21581e-12,0,0,0,0,0,0,0,0,
5.9,5.92,0.678056172437815,0.860294688800876,0,0,0,0,0,0,0,0,0,0,0,0,0,0,0,0,0.182239,0,0,0,0,0,0,0,0,4.37857e-12,0,0,0,0,0,0,0,0,
5.92,5.94,0.673820592535681,0.854960472907284,0,0,0,0,0,0,0,0,0,0,0,0,0,0,0,0,0.18114,0,0,0,0,0,0,0,0,4.54763e-12,0,0,0,0,0,0,0,0,
5.94,5.96,0.669590564464718,0.849637252242826,0,0,0,0,0,0,0,0,0,0,0,0,0,0,0,0,0.180047,0,0,0,0,0,0,0,0,4.72322e-12,0,0,0,0,0,0,0,0,
5.96,5.98,0.665360850596787,0.844331139724571,0,0,0,0,0,0,0,0,0,0,0,0,0,0,0,0,0.17897,0,0,0,0,0,0,0,0,4.90561e-12,0,0,0,0,0,0,0,0,
5.98,6,0.661139508398852,0.839034939819114,0,0,0,0,0,0,0,0,0,0,0,0,0,0,0,0,0.177895,0,0,0,0,0,0,0,0,5.09504e-12,0,0,0,0,0,0,0,0,
6,6.02,0.656926916258516,0.833749122637748,0,0,0,0,0,0,0,0,0,0,0,0,0,0,0,0,0.176822,0,0,0,0,0,0,0,0,5.29179e-12,0,0,0,0,0,0,0,0,
6.02,6.04,0.652723446362581,0.828474150985896,0,0,0,0,0,0,0,0,0,0,0,0,0,0,0,0,0.175751,0,0,0,0,0,0,0,0,5.49615e-12,0,0,0,0,0,0,0,0,
6.04,6.06,0.648529464673133,0.823210480322169,0,0,0,0,0,0,0,0,0,0,0,0,0,0,0,0,0.174681,0,0,0,0,0,0,0,0,5.70841e-12,0,0,0,0,0,0,0,0,
6.06,6.08,0.644345330906708,0.817958558721352,0,0,0,0,0,0,0,0,0,0,0,0,0,0,0,0,0.173613,0,0,0,0,0,0,0,0,5.92888e-12,0,0,0,0,0,0,0,0,
6.08,6.1,0.640171398516463,0.812718826841232,0,0,0,0,0,0,0,0,0,0,0,0,0,0,0,0,0.172547,0,0,0,0,0,0,0,0,6.15787e-12,0,0,0,0,0,0,0,0,
6.1,6.12,0.6360080146773,0.807491717893209,0,0,0,0,0,0,0,0,0,0,0,0,0,0,0,0,0.171484,0,0,0,0,0,0,0,0,6.39571e-12,0,0,0,0,0,0,0,0,
6.12,6.14,0.63185552027387,0.802277657616598,0,0,0,0,0,0,0,0,0,0,0,0,0,0,0,0,0.170422,0,0,0,0,0,0,0,0,6.64274e-12,0,0,0,0,0,0,0,0,
6.14,6.16,0.627714249891394,0.797077064256554,0,0,0,0,0,0,0,0,0,0,0,0,0,0,0,0,0.169363,0,0,0,0,0,0,0,0,6.89933e-12,0,0,0,0,0,0,0,0,
6.16,6.18,0.623584531809237,0.791890348545527,0,0,0,0,0,0,0,0,0,0,0,0,0,0,0,0,0.168306,0,0,0,0,0,0,0,0,7.16584e-12,0,0,0,0,0,0,0,0,
6.18,6.2,0.619466687997176,0.786717913688203,0,0,0,0,0,0,0,0,0,0,0,0,0,0,0,0,0.167251,0,0,0,0,0,0,0,0,7.44265e-12,0,0,0,0,0,0,0,0,
6.2,6.22,0.615361034114287,0.781560155349812,0,0,0,0,0,0,0,0,0,0,0,0,0,0,0,0,0.166199,0,0,0,0,0,0,0,0,7.73016e-12,0,0,0,0,0,0,0,0,
6.22,6.24,0.611267879510404,0.776417461647769,0,0,0,0,0,0,0,0,0,0,0,0,0,0,0,0,0.16515,0,0,0,0,0,0,0,0,8.02878e-12,0,0,0,0,0,0,0,0,
6.24,6.26,0.607187527230073,0.771290213146534,0,0,0,0,0,0,0,0,0,0,0,0,0,0,0,0,0.164103,0,0,0,0,0,0,0,0,8.33896e-12,0,0,0,0,0,0,0,0,
6.26,6.28,0.603120274018948,0.76617878285565,0,0,0,0,0,0,0,0,0,0,0,0,0,0,0,0,0.163059,0,0,0,0,0,0,0,0,8.66112e-12,0,0,0,0,0,0,0,0,
6.28,6.3,0.599066410332557,0.761083536230859,0,0,0,0,0,0,0,0,0,0,0,0,0,0,0,0,0.162017,0,0,0,0,0,0,0,0,8.99574e-12,0,0,0,0,0,0,0,0,
6.3,6.32,0.595026220347396,0.75600483117823,0,0,0,0,0,0,0,0,0,0,0,0,0,0,0,0,0.160979,0,0,0,0,0,0,0,0,9.3433e-12,0,0,0,0,0,0,0,0,
6.32,6.34,0.590999981974263,0.750943018061231,0,0,0,0,0,0,0,0,0,0,0,0,0,0,0,0,0.159943,0,0,0,0,0,0,0,0,9.70429e-12,0,0,0,0,0,0,0,0,
6.34,6.36,0.5869879668738,0.745898439710665,0,0,0,0,0,0,0,0,0,0,0,0,0,0,0,0,0.15891,0,0,0,0,0,0,0,0,1.00792e-11,0,0,0,0,0,0,0,0,
6.36,6.38,0.582990440474159,0.740871431437391,0,0,0,0,0,0,0,0,0,0,0,0,0,0,0,0,0.157881,0,0,0,0,0,0,0,0,1.04687e-11,0,0,0,0,0,0,0,0,
6.38,6.4,0.579007661990749,0.735862321047775,0,0,0,0,0,0,0,0,0,0,0,0,0,0,0,0,0.156855,0,0,0,0,0,0,0,0,1.08732e-11,0,0,0,0,0,0,0,0,
6.4,6.42,0.575039884447999,0.73087142886178,0,0,0,0,0,0,0,0,0,0,0,0,0,0,0,0,0.155832,0,0,0,0,0,0,0,0,1.12933e-11,0,0,0,0,0,0,0,0,
6.42,6.44,0.57108735470308,0.725899067733637,0,0,0,0,0,0,0,0,0,0,0,0,0,0,0,0,0.154812,0,0,0,0,0,0,0,0,1.17297e-11,0,0,0,0,0,0,0,0,
6.44,6.46,0.567150313471524,0.720945543075019,0,0,0,0,0,0,0,0,0,0,0,0,0,0,0,0,0.153795,0,0,0,0,0,0,0,0,1.2183e-11,0,0,0,0,0,0,0,0,
6.46,6.48,0.563228995354694,0.716011152880653,0,0,0,0,0,0,0,0,0,0,0,0,0,0,0,0,0.152782,0,0,0,0,0,0,0,0,1.26538e-11,0,0,0,0,0,0,0,0,
6.48,6.5,0.559323628869038,0.711096187756299,0,0,0,0,0,0,0,0,0,0,0,0,0,0,0,0,0.151773,0,0,0,0,0,0,0,0,1.31428e-11,0,0,0,0,0,0,0,0,
6.5,6.52,0.555434436477074,0.706200930949017,0,0,0,0,0,0,0,0,0,0,0,0,0,0,0,0,0.150766,0,0,0,0,0,0,0,0,1.36507e-11,0,0,0,0,0,0,0,0,
6.52,6.54,0.551561634620057,0.701325658379679,0,0,0,0,0,0,0,0,0,0,0,0,0,0,0,0,0.149764,0,0,0,0,0,0,0,0,1.41782e-11,0,0,0,0,0,0,0,0,
6.54,6.56,0.547705433752266,0.696470638677631,0,0,0,0,0,0,0,0,0,0,0,0,0,0,0,0,0.148765,0,0,0,0,0,0,0,0,1.47262e-11,0,0,0,0,0,0,0,0,
6.56,6.58,0.543866038376857,0.691636133217451,0,0,0,0,0,0,0,0,0,0,0,0,0,0,0,0,0.14777,0,0,0,0,0,0,0,0,1.52953e-11,0,0,0,0,0,0,0,0,
6.58,6.6,0.540043647083245,0.686822396157746,0,0,0,0,0,0,0,0,0,0,0,0,0,0,0,0,0.146779,0,0,0,0,0,0,0,0,1.58864e-11,0,0,0,0,0,0,0,0,
6.6,6.62,0.53623845258593,0.682029674481906,0,0,0,0,0,0,0,0,0,0,0,0,0,0,0,0,0.145791,0,0,0,0,0,0,0,0,1.65004e-11,0,0,0,0,0,0,0,0,
6.62,6.64,0.532450641764759,0.677258208040754,0,0,0,0,0,0,0,0,0,0,0,0,0,0,0,0,0.144808,0,0,0,0,0,0,0,0,1.71381e-11,0,0,0,0,0,0,0,0,
6.64,6.66,0.528680395706526,0.672508229597046,0,0,0,0,0,0,0,0,0,0,0,0,0,0,0,0,0.143828,0,0,0,0,0,0,0,0,1.78005e-11,0,0,0,0,0,0,0,0,
6.66,6.68,0.524927889747904,0.667779964871733,0,0,0,0,0,0,0,0,0,0,0,0,0,0,0,0,0.142852,0,0,0,0,0,0,0,0,1.84885e-11,0,0,0,0,0,0,0,0,
6.68,6.7,0.521193293519622,0.663073632591941,0,0,0,0,0,0,0,0,0,0,0,0,0,0,0,0,0.14188,0,0,0,0,0,0,0,0,1.92031e-11,0,0,0,0,0,0,0,0,
6.7,6.72,0.51747677099187,0.6583894445406,0,0,0,0,0,0,0,0,0,0,0,0,0,0,0,0,0.140913,0,0,0,0,0,0,0,0,1.99453e-11,0,0,0,0,0,0,0,0,
6.72,6.74,0.513778480520853,0.653727605607665,0,0,0,0,0,0,0,0,0,0,0,0,0,0,0,0,0.139949,0,0,0,0,0,0,0,0,2.07163e-11,0,0,0,0,0,0,0,0,
6.74,6.76,0.510098574896479,0.649088313842865,0,0,0,0,0,0,0,0,0,0,0,0,0,0,0,0,0.13899,0,0,0,0,0,0,0,0,2.1517e-11,0,0,0,0,0,0,0,0,
6.76,6.78,0.506437201391106,0.644471760509932,0,0,0,0,0,0,0,0,0,0,0,0,0,0,0,0,0.138035,0,0,0,0,0,0,0,0,2.23487e-11,0,0,0,0,0,0,0,0,
6.78,6.8,0.502794501809315,0.639878130142232,0,0,0,0,0,0,0,0,0,0,0,0,0,0,0,0,0.137084,0,0,0,0,0,0,0,0,2.32126e-11,0,0,0,0,0,0,0,0,
6.8,6.82,0.499170612538673,0.635307600599769,0,0,0,0,0,0,0,0,0,0,0,0,0,0,0,0,0.136137,0,0,0,0,0,0,0,0,2.41099e-11,0,0,0,0,0,0,0,0,
6.82,6.84,0.495565664601417,0.630760343127479,0,0,0,0,0,0,0,0,0,0,0,0,0,0,0,0,0.135195,0,0,0,0,0,0,0,0,2.50419e-11,0,0,0,0,0,0,0,0,
6.84,6.86,0.491979783707044,0.626236522414778,0,0,0,0,0,0,0,0,0,0,0,0,0,0,0,0,0.134257,0,0,0,0,0,0,0,0,2.60099e-11,0,0,0,0,0,0,0,0,
6.86,6.88,0.488413090305734,0.621736296656296,0,0,0,0,0,0,0,0,0,0,0,0,0,0,0,0,0.133323,0,0,0,0,0,0,0,0,2.70153e-11,0,0,0,0,0,0,0,0,
6.88,6.9,0.484865699642598,0.617259817613756,0,0,0,0,0,0,0,0,0,0,0,0,0,0,0,0,0.132394,0,0,0,0,0,0,0,0,2.80596e-11,0,0,0,0,0,0,0,0,
6.9,6.92,0.481337721812672,0.612807230678936,0,0,0,0,0,0,0,0,0,0,0,0,0,0,0,0,0.13147,0,0,0,0,0,0,0,0,2.91443e-11,0,0,0,0,0,0,0,0,
6.92,6.94,0.477829261816653,0.608378674937661,0,0,0,0,0,0,0,0,0,0,0,0,0,0,0,0,0.130549,0,0,0,0,0,0,0,0,3.0271e-11,0,0,0,0,0,0,0,0,
6.94,6.96,0.474340419617305,0.603974283234791,0,0,0,0,0,0,0,0,0,0,0,0,0,0,0,0,0.129634,0,0,0,0,0,0,0,0,3.14412e-11,0,0,0,0,0,0,0,0,
6.96,6.98,0.470871290196517,0.599594182240129,0,0,0,0,0,0,0,0,0,0,0,0,0,0,0,0,0.128723,0,0,0,0,0,0,0,0,3.26567e-11,0,0,0,0,0,0,0,0,
6.98,7,0.467421963612968,0.595238492515221,0,0,0,0,0,0,0,0,0,0,0,0,0,0,0,0,0.127817,0,0,0,0,0,0,0,0,3.39191e-11,0,0,0,0,0,0,0,0,
7,7.02,0.463992525060361,0.590907328580989,0,0,0,0,0,0,0,0,0,0,0,0,0,0,0,0,0.126915,0,0,0,0,0,0,0,0,3.52304e-11,0,0,0,0,0,0,0,0,
7.02,7.04,0.460583054926181,0.586600798986157,0,0,0,0,0,0,0,0,0,0,0,0,0,0,0,0,0.126018,0,0,0,0,0,0,0,0,3.65924e-11,0,0,0,0,0,0,0,0,
7.04,7.06,0.457193628850957,0.582319006376415,0,0,0,0,0,0,0,0,0,0,0,0,0,0,0,0,0.125125,0,0,0,0,0,0,0,0,3.80071e-11,0,0,0,0,0,0,0,0,
7.06,7.08,0.453824317787984,0.57806204756428,0,0,0,0,0,0,0,0,0,0,0,0,0,0,0,0,0.124238,0,0,0,0,0,0,0,0,3.94765e-11,0,0,0,0,0,0,0,0,
7.08,7.1,0.45047518806346,0.573830013599612,0,0,0,0,0,0,0,0,0,0,0,0,0,0,0,0,0.123355,0,0,0,0,0,0,0,0,4.10027e-11,0,0,0,0,0,0,0,0,
7.1,7.12,0.447146301437025,0.569622989840736,0,0,0,0,0,0,0,0,0,0,0,0,0,0,0,0,0.122477,0,0,0,0,0,0,0,0,4.25879e-11,0,0,0,0,0,0,0,0,
7.12,7.14,0.443837715162647,0.565441056026127,0,0,0,0,0,0,0,0,0,0,0,0,0,0,0,0,0.121603,0,0,0,0,0,0,0,0,4.42344e-11,0,0,0,0,0,0,0,0,
7.14,7.16,0.440549482049842,0.561284286346625,0,0,0,0,0,0,0,0,0,0,0,0,0,0,0,0,0.120735,0,0,0,0,0,0,0,0,4.59446e-11,0,0,0,0,0,0,0,0,
7.16,7.18,0.437281650525181,0.557152749518121,0,0,0,0,0,0,0,0,0,0,0,0,0,0,0,0,0.119871,0,0,0,0,0,0,0,0,4.77209e-11,0,0,0,0,0,0,0,0,
7.18,7.2,0.434034264694054,0.553046508854692,0,0,0,0,0,0,0,0,0,0,0,0,0,0,0,0,0.119012,0,0,0,0,0,0,0,0,4.95659e-11,0,0,0,0,0,0,0,0,
7.2,7.22,0.430807364402674,0.548965622342136,0,0,0,0,0,0,0,0,0,0,0,0,0,0,0,0,0.118158,0,0,0,0,0,0,0,0,5.14823e-11,0,0,0,0,0,0,0,0,
7.22,7.24,0.427600985300271,0.544910142711868,0,0,0,0,0,0,0,0,0,0,0,0,0,0,0,0,0.117309,0,0,0,0,0,0,0,0,5.34728e-11,0,0,0,0,0,0,0,0,
7.24,7.26,0.424415158901467,0.540880117515141,0,0,0,0,0,0,0,0,0,0,0,0,0,0,0,0,0.116465,0,0,0,0,0,0,0,0,5.55402e-11,0,0,0,0,0,0,0,0,
7.26,7.28,0.421249912648785,0.536875589197555,0,0,0,0,0,0,0,0,0,0,0,0,0,0,0,0,0.115626,0,0,0,0,0,0,0,0,5.76876e-11,0,0,0,0,0,0,0,0,
7.28,7.3,0.418105269975277,0.532896595173821,0,0,0,0,0,0,0,0,0,0,0,0,0,0,0,0,0.114791,0,0,0,0,0,0,0,0,5.99181e-11,0,0,0,0,0,0,0,0,
7.3,7.32,0.414981250367237,0.52894316790273,0,0,0,0,0,0,0,0,0,0,0,0,0,0,0,0,0.113962,0,0,0,0,0,0,0,0,6.22348e-11,0,0,0,0,0,0,0,0,
7.32,7.34,0.411877869426979,0.52501533496232,0,0,0,0,0,0,0,0,0,0,0,0,0,0,0,0,0.113137,0,0,0,0,0,0,0,0,6.46411e-11,0,0,0,0,0,0,0,0,
7.34,7.36,0.408795138935642,0.521113119125174,0,0,0,0,0,0,0,0,0,0,0,0,0,0,0,0,0.112318,0,0,0,0,0,0,0,0,6.71404e-11,0,0,0,0,0,0,0,0,
7.36,7.38,0.405733066916015,0.517236538433843,0,0,0,0,0,0,0,0,0,0,0,0,0,0,0,0,0.111503,0,0,0,0,0,0,0,0,6.97364e-11,0,0,0,0,0,0,0,0,
7.38,7.4,0.402691657695335,0.51338560627635,0,0,0,0,0,0,0,0,0,0,0,0,0,0,0,0,0.110694,0,0,0,0,0,0,0,0,7.24328e-11,0,0,0,0,0,0,0,0,
7.4,7.42,0.399670911968055,0.509560331461736,0,0,0,0,0,0,0,0,0,0,0,0,0,0,0,0,0.109889,0,0,0,0,0,0,0,0,7.52335e-11,0,0,0,0,0,0,0,0,
7.42,7.44,0.396670826858548,0.50576071829564,0,0,0,0,0,0,0,0,0,0,0,0,0,0,0,0,0.10909,0,0,0,0,0,0,0,0,7.81425e-11,0,0,0,0,0,0,0,0,
7.44,7.46,0.393691395983722,0.50198676665586,0,0,0,0,0,0,0,0,0,0,0,0,0,0,0,0,0.108295,0,0,0,0,0,0,0,0,8.1164e-11,0,0,0,0,0,0,0,0,
7.46,7.48,0.390732609515528,0.498238472067875,0,0,0,0,0,0,0,0,0,0,0,0,0,0,0,0,0.107506,0,0,0,0,0,0,0,0,8.43023e-11,0,0,0,0,0,0,0,0,
7.48,7.5,0.387794454243347,0.494515825780306,0,0,0,0,0,0,0,0,0,0,0,0,0,0,0,0,0.106721,0,0,0,0,0,0,0,0,8.7562e-11,0,0,0,0,0,0,0,0,
7.5,7.52,0.384876913636216,0.490818814840276,0,0,0,0,0,0,0,0,0,0,0,0,0,0,0,0,0.105942,0,0,0,0,0,0,0,0,9.09477e-11,0,0,0,0,0,0,0,0,
7.52,7.54,0.381979967904892,0.487147422168651,0,0,0,0,0,0,0,0,0,0,0,0,0,0,0,0,0.105167,0,0,0,0,0,0,0,0,9.44644e-11,0,0,0,0,0,0,0,0,
7.54,7.56,0.379103594063726,0.483501626635136,0,0,0,0,0,0,0,0,0,0,0,0,0,0,0,0,0.104398,0,0,0,0,0,0,0,0,9.81171e-11,0,0,0,0,0,0,0,0,
7.56,7.58,0.376247765992322,0.47988140313319,0,0,0,0,0,0,0,0,0,0,0,0,0,0,0,0,0.103634,0,0,0,0,0,0,0,0,1.01911e-10,0,0,0,0,0,0,0,0,
7.58,7.6,0.373412454496974,0.476286722654753,0,0,0,0,0,0,0,0,0,0,0,0,0,0,0,0,0.102874,0,0,0,0,0,0,0,0,1.05852e-10,0,0,0,0,0,0,0,0,
7.6,7.62,0.370597627371858,0.472717552364744,0,0,0,0,0,0,0,0,0,0,0,0,0,0,0,0,0.10212,0,0,0,0,0,0,0,0,1.09945e-10,0,0,0,0,0,0,0,0,
7.62,7.64,0.36780324945996,0.469173855675317,0,0,0,0,0,0,0,0,0,0,0,0,0,0,0,0,0.101371,0,0,0,0,0,0,0,0,1.14196e-10,0,0,0,0,0,0,0,0,
7.64,7.66,0.365029282713721,0.465655592319849,0,0,0,0,0,0,0,0,0,0,0,0,0,0,0,0,0.100626,0,0,0,0,0,0,0,0,1.18612e-10,0,0,0,0,0,0,0,0,
7.66,7.68,0.362275686255394,0.462162718426639,0,0,0,0,0,0,0,0,0,0,0,0,0,0,0,0,0.099887,0,0,0,0,0,0,0,0,1.23198e-10,0,0,0,0,0,0,0,0,
7.68,7.7,0.359542416437081,0.458695186592294,0,0,0,0,0,0,0,0,0,0,0,0,0,0,0,0,0.0991528,0,0,0,0,0,0,0,0,1.27962e-10,0,0,0,0,0,0,0,0,
7.7,7.72,0.356829426900446,0.455252945954788,0,0,0,0,0,0,0,0,0,0,0,0,0,0,0,0,0.0984235,0,0,0,0,0,0,0,0,1.32911e-10,0,0,0,0,0,0,0,0,
7.72,7.74,0.354136668636091,0.451835942266166,0,0,0,0,0,0,0,0,0,0,0,0,0,0,0,0,0.0976993,0,0,0,0,0,0,0,0,1.3805e-10,0,0,0,0,0,0,0,0,
7.74,7.76,0.351464090042571,0.448444117964879,0,0,0,0,0,0,0,0,0,0,0,0,0,0,0,0,0.09698,0,0,0,0,0,0,0,0,1.43388e-10,0,0,0,0,0,0,0,0,
7.76,7.78,0.348811636985036,0.445077412247733,0,0,0,0,0,0,0,0,0,0,0,0,0,0,0,0,0.0962658,0,0,0,0,0,0,0,0,1.48933e-10,0,0,0,0,0,0,0,0,
7.78,7.8,0.346179252853504,0.441735761141425,0,0,0,0,0,0,0,0,0,0,0,0,0,0,0,0,0.0955565,0,0,0,0,0,0,0,0,1.54692e-10,0,0,0,0,0,0,0,0,
7.8,7.82,0.343566878620718,0.438419097573658,0,0,0,0,0,0,0,0,0,0,0,0,0,0,0,0,0.0948522,0,0,0,0,0,0,0,0,1.60674e-10,0,0,0,0,0,0,0,0,
7.82,7.84,0.340974452899617,0.43512735144382,0,0,0,0,0,0,0,0,0,0,0,0,0,0,0,0,0.0941529,0,0,0,0,0,0,0,0,1.66887e-10,0,0,0,0,0,0,0,0,
7.84,7.86,0.33840191200037,0.431860449693196,0,0,0,0,0,0,0,0,0,0,0,0,0,0,0,0,0.0934585,0,0,0,0,0,0,0,0,1.73341e-10,0,0,0,0,0,0,0,0,
7.86,7.88,0.335849189986992,0.428618316374717,0,0,0,0,0,0,0,0,0,0,0,0,0,0,0,0,0.0927691,0,0,0,0,0,0,0,0,1.80044e-10,0,0,0,0,0,0,0,0,
7.88,7.9,0.333316218733506,0.425400872722212,0,0,0,0,0,0,0,0,0,0,0,0,0,0,0,0,0.0920847,0,0,0,0,0,0,0,0,1.87006e-10,0,0,0,0,0,0,0,0,
7.9,7.92,0.330802927979666,0.422208037219169,0,0,0,0,0,0,0,0,0,0,0,0,0,0,0,0,0.0914051,0,0,0,0,0,0,0,0,1.94238e-10,0,0,0,0,0,0,0,0,
7.92,7.94,0.328309245386209,0.41903972566697,0,0,0,0,0,0,0,0,0,0,0,0,0,0,0,0,0.0907305,0,0,0,0,0,0,0,0,2.01749e-10,0,0,0,0,0,0,0,0,
7.94,7.96,0.325835096589639,0.415895851252601,0,0,0,0,0,0,0,0,0,0,0,0,0,0,0,0,0.0900608,0,0,0,0,0,0,0,0,2.09551e-10,0,0,0,0,0,0,0,0,
7.96,7.98,0.323380405256528,0.412776324615827,0,0,0,0,0,0,0,0,0,0,0,0,0,0,0,0,0.0893959,0,0,0,0,0,0,0,0,2.17654e-10,0,0,0,0,0,0,0,0,
7.98,8,0.320945093137332,0.409681053915798,0,0,0,0,0,0,0,0,0,0,0,0,0,0,0,0,0.088736,0,0,0,0,0,0,0,0,2.26071e-10,0,0,0,0,0,0,0,0,
8,8.02,0.318529080119708,0.406609944897104,0,0,0,0,0,0,0,0,0,0,0,0,0,0,0,0,0.0880809,0,0,0,0,0,0,0,0,2.34814e-10,0,0,0,0,0,0,0,0,
8.02,8.04,0.316132284281321,0.403562900955248,0,0,0,0,0,0,0,0,0,0,0,0,0,0,0,0,0.0874306,0,0,0,0,0,0,0,0,2.43894e-10,0,0,0,0,0,0,0,0,
8.04,8.06,0.313754621942147,0.400539823201526,0,0,0,0,0,0,0,0,0,0,0,0,0,0,0,0,0.0867852,0,0,0,0,0,0,0,0,2.53326e-10,0,0,0,0,0,0,0,0,
8.06,8.08,0.311396007716249,0.39754061052732,0,0,0,0,0,0,0,0,0,0,0,0,0,0,0,0,0.0861446,0,0,0,0,0,0,0,0,2.63122e-10,0,0,0,0,0,0,0,0,
8.08,8.1,0.30905635456303,0.394565159667778,0,0,0,0,0,0,0,0,0,0,0,0,0,0,0,0,0.0855088,0,0,0,0,0,0,0,0,2.73297e-10,0,0,0,0,0,0,0,0,
8.1,8.12,0.306735573837951,0.391613365264877,0,0,0,0,0,0,0,0,0,0,0,0,0,0,0,0,0.0848778,0,0,0,0,0,0,0,0,2.83866e-10,0,0,0,0,0,0,0,0,
8.12,8.14,0.304433575342716,0.388685119929863,0,0,0,0,0,0,0,0,0,0,0,0,0,0,0,0,0.0842515,0,0,0,0,0,0,0,0,2.94844e-10,0,0,0,0,0,0,0,0,
8.14,8.16,0.302150267374903,0.38578031430506,0,0,0,0,0,0,0,0,0,0,0,0,0,0,0,0,0.08363,0,0,0,0,0,0,0,0,3.06246e-10,0,0,0,0,0,0,0,0,
8.16,8.18,0.299885556777056,0.382898837125033,0,0,0,0,0,0,0,0,0,0,0,0,0,0,0,0,0.0830133,0,0,0,0,0,0,0,0,3.18089e-10,0,0,0,0,0,0,0,0,
8.18,8.2,0.297639342254889,0.380040575277109,0,0,0,0,0,0,0,0,0,0,0,0,0,0,0,0,0.0824012,0,0,0,0,0,0,0,0,3.3039e-10,0,0,0,0,0,0,0,0,
8.2,8.22,0.295411390849038,0.377205413861236,0,0,0,0,0,0,0,0,0,0,0,0,0,0,0,0,0.081794,0,0,0,0,0,0,0,0,3.43167e-10,0,0,0,0,0,0,0,0,
8.22,8.24,0.293201751433903,0.374393236249189,0,0,0,0,0,0,0,0,0,0,0,0,0,0,0,0,0.0811915,0,0,0,0,0,0,0,0,3.56438e-10,0,0,0,0,0,0,0,0,
8.24,8.26,0.291010325527314,0.371603924143101,0,0,0,0,0,0,0,0,0,0,0,0,0,0,0,0,0.0805936,0,0,0,0,0,0,0,0,3.70222e-10,0,0,0,0,0,0,0,0,
8.26,8.28,0.288837013427467,0.368837357633325,0,0,0,0,0,0,0,0,0,0,0,0,0,0,0,0,0.0800003,0,0,0,0,0,0,0,0,3.84539e-10,0,0,0,0,0,0,0,0,
8.28,8.3,0.28668171425867,0.366093415255614,0,0,0,0,0,0,0,0,0,0,0,0,0,0,0,0,0.0794117,0,0,0,0,0,0,0,0,3.9941e-10,0,0,0,0,0,0,0,0,
8.3,8.32,0.2845443260165,0.363371974047627,0,0,0,0,0,0,0,0,0,0,0,0,0,0,0,0,0.0788276,0,0,0,0,0,0,0,0,4.14856e-10,0,0,0,0,0,0,0,0,
8.32,8.34,0.282424745612392,0.360672909604734,0,0,0,0,0,0,0,0,0,0,0,0,0,0,0,0,0.0782482,0,0,0,0,0,0,0,0,4.309e-10,0,0,0,0,0,0,0,0,
8.34,8.36,0.280322868917635,0.357996096135138,0,0,0,0,0,0,0,0,0,0,0,0,0,0,0,0,0.0776732,0,0,0,0,0,0,0,0,4.47564e-10,0,0,0,0,0,0,0,0,
8.36,8.38,0.27823859080679,0.355341406514306,0,0,0,0,0,0,0,0,0,0,0,0,0,0,0,0,0.0771028,0,0,0,0,0,0,0,0,4.64872e-10,0,0,0,0,0,0,0,0,
8.38,8.4,0.276171805200522,0.352708712338687,0,0,0,0,0,0,0,0,0,0,0,0,0,0,0,0,0.0765369,0,0,0,0,0,0,0,0,4.8285e-10,0,0,0,0,0,0,0,0,
8.4,8.42,0.274122405107847,0.350097883978741,0,0,0,0,0,0,0,0,0,0,0,0,0,0,0,0,0.0759755,0,0,0,0,0,0,0,0,5.01523e-10,0,0,0,0,0,0,0,0,
8.42,8.44,0.272090282667778,0.347508790631262,0,0,0,0,0,0,0,0,0,0,0,0,0,0,0,0,0.0754185,0,0,0,0,0,0,0,0,5.20918e-10,0,0,0,0,0,0,0,0,
8.44,8.46,0.270075329190399,0.344941300370988,0,0,0,0,0,0,0,0,0,0,0,0,0,0,0,0,0.074866,0,0,0,0,0,0,0,0,5.41064e-10,0,0,0,0,0,0,0,0,
8.46,8.48,0.268077435197336,0.342395280201507,0,0,0,0,0,0,0,0,0,0,0,0,0,0,0,0,0.0743178,0,0,0,0,0,0,0,0,5.61988e-10,0,0,0,0,0,0,0,0,
8.48,8.5,0.26609649046164,0.339870596105455,0,0,0,0,0,0,0,0,0,0,0,0,0,0,0,0,0.0737741,0,0,0,0,0,0,0,0,5.83722e-10,0,0,0,0,0,0,0,0,
8.5,8.52,0.264132384047081,0.337367113093999,0,0,0,0,0,0,0,0,0,0,0,0,0,0,0,0,0.0732347,0,0,0,0,0,0,0,0,6.06296e-10,0,0,0,0,0,0,0,0,
8.52,8.54,0.262185004346846,0.334884695255608,0,0,0,0,0,0,0,0,0,0,0,0,0,0,0,0,0.0726997,0,0,0,0,0,0,0,0,6.29744e-10,0,0,0,0,0,0,0,0,
8.54,8.56,0.260254239121653,0.332423205804108,0,0,0,0,0,0,0,0,0,0,0,0,0,0,0,0,0.072169,0,0,0,0,0,0,0,0,6.54098e-10,0,0,0,0,0,0,0,0,
8.56,8.58,0.258339975537265,0.329982507126034,0,0,0,0,0,0,0,0,0,0,0,0,0,0,0,0,0.0716425,0,0,0,0,0,0,0,0,6.79394e-10,0,0,0,0,0,0,0,0,
8.58,8.6,0.25644210020142,0.327562460827251,0,0,0,0,0,0,0,0,0,0,0,0,0,0,0,0,0.0711204,0,0,0,0,0,0,0,0,7.05668e-10,0,0,0,0,0,0,0,0,
8.6,8.62,0.254560499200171,0.325162927778877,0,0,0,0,0,0,0,0,0,0,0,0,0,0,0,0,0.0706024,0,0,0,0,0,0,0,0,7.32958e-10,0,0,0,0,0,0,0,0,
8.62,8.64,0.252695058133634,0.322783768162486,0,0,0,0,0,0,0,0,0,0,0,0,0,0,0,0,0.0700887,0,0,0,0,0,0,0,0,7.61304e-10,0,0,0,0,0,0,0,0,
8.64,8.66,0.250845662151154,0.320424841514593,0,0,0,0,0,0,0,0,0,0,0,0,0,0,0,0,0.0695792,0,0,0,0,0,0,0,0,7.90747e-10,0,0,0,0,0,0,0,0,
8.66,8.68,0.249012195985875,0.318086006770437,0,0,0,0,0,0,0,0,0,0,0,0,0,0,0,0,0.0690738,0,0,0,0,0,0,0,0,8.21327e-10,0,0,0,0,0,0,0,0,
8.68,8.7,0.247194543988741,0.315767122307047,0,0,0,0,0,0,0,0,0,0,0,0,0,0,0,0,0.0685726,0,0,0,0,0,0,0,0,8.53091e-10,0,0,0,0,0,0,0,0,
8.7,8.72,0.245392590161899,0.313468045985598,0,0,0,0,0,0,0,0,0,0,0,0,0,0,0,0,0.0680755,0,0,0,0,0,0,0,0,8.86083e-10,0,0,0,0,0,0,0,0,
8.72,8.74,0.243606218191533,0.311188635193064,0,0,0,0,0,0,0,0,0,0,0,0,0,0,0,0,0.0675824,0,0,0,0,0,0,0,0,9.20351e-10,0,0,0,0,0,0,0,0,
8.74,8.76,0.241835311480107,0.308928746883159,0,0,0,0,0,0,0,0,0,0,0,0,0,0,0,0,0.0670934,0,0,0,0,0,0,0,0,9.55944e-10,0,0,0,0,0,0,0,0,
8.76,8.78,0.240079753178047,0.306688237616579,0,0,0,0,0,0,0,0,0,0,0,0,0,0,0,0,0.0666085,0,0,0,0,0,0,0,0,9.92914e-10,0,0,0,0,0,0,0,0,
8.78,8.8,0.238339426214835,0.304466963600536,0,0,0,0,0,0,0,0,0,0,0,0,0,0,0,0,0.0661275,0,0,0,0,0,0,0,0,1.03131e-09,0,0,0,0,0,0,0,0,
8.8,8.82,0.236614213329538,0.302264780727602,0,0,0,0,0,0,0,0,0,0,0,0,0,0,0,0,0.0656506,0,0,0,0,0,0,0,0,1.0712e-09,0,0,0,0,0,0,0,0,
8.82,8.84,0.234903997100767,0.300081544613844,0,0,0,0,0,0,0,0,0,0,0,0,0,0,0,0,0.0651775,0,0,0,0,0,0,0,0,1.11263e-09,0,0,0,0,0,0,0,0,
8.84,8.86,0.233208659976073,0.297917110636278,0,0,0,0,0,0,0,0,0,0,0,0,0,0,0,0,0.0647085,0,0,0,0,0,0,0,0,1.15565e-09,0,0,0,0,0,0,0,0,
8.86,8.88,0.231528084300772,0.295771333969621,0,0,0,0,0,0,0,0,0,0,0,0,0,0,0,0,0.0642432,0,0,0,0,0,0,0,0,1.20035e-09,0,0,0,0,0,0,0,0,
8.88,8.9,0.229862152346219,0.293644069622362,0,0,0,0,0,0,0,0,0,0,0,0,0,0,0,0,0.0637819,0,0,0,0,0,0,0,0,1.24677e-09,0,0,0,0,0,0,0,0,
8.9,8.92,0.22821074633752,0.291535172472149,0,0,0,0,0,0,0,0,0,0,0,0,0,0,0,0,0.0633244,0,0,0,0,0,0,0,0,1.29499e-09,0,0,0,0,0,0,0,0,
8.92,8.94,0.226573748480691,0.289444497300486,0,0,0,0,0,0,0,0,0,0,0,0,0,0,0,0,0.0628707,0,0,0,0,0,0,0,0,1.34507e-09,0,0,0,0,0,0,0,0,
8.94,8.96,0.224951040989271,0.287371898826768,0,0,0,0,0,0,0,0,0,0,0,0,0,0,0,0,0.0624209,0,0,0,0,0,0,0,0,1.39709e-09,0,0,0,0,0,0,0,0,
8.96,8.98,0.223342506110381,0.285317231741628,0,0,0,0,0,0,0,0,0,0,0,0,0,0,0,0,0.0619747,0,0,0,0,0,0,0,0,1.45112e-09,0,0,0,0,0,0,0,0,
8.98,9,0.221748026150252,0.283280350739626,0,0,0,0,0,0,0,0,0,0,0,0,0,0,0,0,0.0615323,0,0,0,0,0,0,0,0,1.50724e-09,0,0,0,0,0,0,0,0,
9,9.02,0.220167483499198,0.281261110551265,0,0,0,0,0,0,0,0,0,0,0,0,0,0,0,0,0.0610936,0,0,0,0,0,0,0,0,1.56553e-09,0,0,0,0,0,0,0,0,
9.02,9.04,0.218600760656073,0.279259365974349,0,0,0,0,0,0,0,0,0,0,0,0,0,0,0,0,0.0606586,0,0,0,0,0,0,0,0,1.62608e-09,0,0,0,0,0,0,0,0,
9.04,9.06,0.217047740252182,0.277274971904689,0,0,0,0,0,0,0,0,0,0,0,0,0,0,0,0,0.0602272,0,0,0,0,0,0,0,0,1.68896e-09,0,0,0,0,0,0,0,0,
9.06,9.08,0.215508305074669,0.275307783366148,0,0,0,0,0,0,0,0,0,0,0,0,0,0,0,0,0.0597995,0,0,0,0,0,0,0,0,1.75428e-09,0,0,0,0,0,0,0,0,
9.08,9.1,0.21398233808939,0.273357655540049,0,0,0,0,0,0,0,0,0,0,0,0,0,0,0,0,0.0593753,0,0,0,0,0,0,0,0,1.82213e-09,0,0,0,0,0,0,0,0,
9.1,9.12,0.212469722463256,0.271424443793932,0,0,0,0,0,0,0,0,0,0,0,0,0,0,0,0,0.0589547,0,0,0,0,0,0,0,0,1.8926e-09,0,0,0,0,0,0,0,0,
9.12,9.14,0.210970341586071,0.269508003709679,0,0,0,0,0,0,0,0,0,0,0,0,0,0,0,0,0.0585377,0,0,0,0,0,0,0,0,1.96579e-09,0,0,0,0,0,0,0,0,
9.14,9.16,0.209484079091852,0.267608191111003,0,0,0,0,0,0,0,0,0,0,0,0,0,0,0,0,0.0581241,0,0,0,0,0,0,0,0,2.04182e-09,0,0,0,0,0,0,0,0,
9.16,9.18,0.208010818879656,0.265724862090316,0,0,0,0,0,0,0,0,0,0,0,0,0,0,0,0,0.057714,0,0,0,0,0,0,0,0,2.12079e-09,0,0,0,0,0,0,0,0,
9.18,9.2,0.206550445133892,0.263857873034963,0,0,0,0,0,0,0,0,0,0,0,0,0,0,0,0,0.0573074,0,0,0,0,0,0,0,0,2.20281e-09,0,0,0,0,0,0,0,0,
9.2,9.22,0.205102842344148,0.262007080652857,0,0,0,0,0,0,0,0,0,0,0,0,0,0,0,0,0.0569042,0,0,0,0,0,0,0,0,2.288e-09,0,0,0,0,0,0,0,0,
9.22,9.24,0.203667895324523,0.260172341997482,0,0,0,0,0,0,0,0,0,0,0,0,0,0,0,0,0.0565044,0,0,0,0,0,0,0,0,2.37648e-09,0,0,0,0,0,0,0,0,
9.24,9.26,0.202245489232467,0.258353514492308,0,0,0,0,0,0,0,0,0,0,0,0,0,0,0,0,0.056108,0,0,0,0,0,0,0,0,2.46839e-09,0,0,0,0,0,0,0,0,
9.26,9.28,0.200835509587154,0.256550455954596,0,0,0,0,0,0,0,0,0,0,0,0,0,0,0,0,0.0557149,0,0,0,0,0,0,0,0,2.56386e-09,0,0,0,0,0,0,0,0,
9.28,9.3,0.199437842287358,0.254763024618609,0,0,0,0,0,0,0,0,0,0,0,0,0,0,0,0,0.0553252,0,0,0,0,0,0,0,0,2.66301e-09,0,0,0,0,0,0,0,0,
9.3,9.32,0.198052373628876,0.252991079158238,0,0,0,0,0,0,0,0,0,0,0,0,0,0,0,0,0.0549387,0,0,0,0,0,0,0,0,2.766e-09,0,0,0,0,0,0,0,0,
9.32,9.34,0.196678990321473,0.251234478709045,0,0,0,0,0,0,0,0,0,0,0,0,0,0,0,0,0.0545555,0,0,0,0,0,0,0,0,2.87298e-09,0,0,0,0,0,0,0,0,
9.34,9.36,0.195317579505363,0.24949308288972,0,0,0,0,0,0,0,0,0,0,0,0,0,0,0,0,0.0541755,0,0,0,0,0,0,0,0,2.98409e-09,0,0,0,0,0,0,0,0,
9.36,9.38,0.193968028767247,0.247766751822982,0,0,0,0,0,0,0,0,0,0,0,0,0,0,0,0,0.0537987,0,0,0,0,0,0,0,0,3.0995e-09,0,0,0,0,0,0,0,0,
9.38,9.4,0.192630226155882,0.246055346155899,0,0,0,0,0,0,0,0,0,0,0,0,0,0,0,0,0.0534251,0,0,0,0,0,0,0,0,3.21937e-09,0,0,0,0,0,0,0,0,
9.4,9.42,0.191304060197214,0.244358727079658,0,0,0,0,0,0,0,0,0,0,0,0,0,0,0,0,0.0530547,0,0,0,0,0,0,0,0,3.34387e-09,0,0,0,0,0,0,0,0,
9.42,9.44,0.189989419909066,0.242676756348782,0,0,0,0,0,0,0,0,0,0,0,0,0,0,0,0,0.0526873,0,0,0,0,0,0,0,0,3.4732e-09,0,0,0,0,0,0,0,0,
9.44,9.46,0.18868619481539,0.241009296299795,0,0,0,0,0,0,0,0,0,0,0,0,0,0,0,0,0.0523231,0,0,0,0,0,0,0,0,3.60752e-09,0,0,0,0,0,0,0,0,
9.46,9.48,0.187394274960088,0.23935620986935,0,0,0,0,0,0,0,0,0,0,0,0,0,0,0,0,0.0519619,0,0,0,0,0,0,0,0,3.74704e-09,0,0,0,0,0,0,0,0,
9.48,9.5,0.186113550920405,0.23771736061182,0,0,0,0,0,0,0,0,0,0,0,0,0,0,0,0,0.0516038,0,0,0,0,0,0,0,0,3.89196e-09,0,0,0,0,0,0,0,0,
9.5,9.52,0.184843913819903,0.236092612716363,0,0,0,0,0,0,0,0,0,0,0,0,0,0,0,0,0.0512487,0,0,0,0,0,0,0,0,4.04248e-09,0,0,0,0,0,0,0,0,
9.52,9.54,0.183585255341021,0.234481831023463,0,0,0,0,0,0,0,0,0,0,0,0,0,0,0,0,0.0508966,0,0,0,0,0,0,0,0,4.19882e-09,0,0,0,0,0,0,0,0,
9.54,9.56,0.182337467737221,0.232884881040956,0,0,0,0,0,0,0,0,0,0,0,0,0,0,0,0,0.0505474,0,0,0,0,0,0,0,0,4.3612e-09,0,0,0,0,0,0,0,0,
9.56,9.58,0.181100443844731,0.231301628959545,0,0,0,0,0,0,0,0,0,0,0,0,0,0,0,0,0.0502012,0,0,0,0,0,0,0,0,4.52987e-09,0,0,0,0,0,0,0,0,
9.58,9.6,0.179874077093887,0.229731941667817,0,0,0,0,0,0,0,0,0,0,0,0,0,0,0,0,0.0498579,0,0,0,0,0,0,0,0,4.70506e-09,0,0,0,0,0,0,0,0,
9.6,9.62,0.178658261520085,0.228175686766754,0,0,0,0,0,0,0,0,0,0,0,0,0,0,0,0,0.0495174,0,0,0,0,0,0,0,0,4.88703e-09,0,0,0,0,0,0,0,0,
9.62,9.64,0.177452891774335,0.226632732583764,0,0,0,0,0,0,0,0,0,0,0,0,0,0,0,0,0.0491798,0,0,0,0,0,0,0,0,5.07604e-09,0,0,0,0,0,0,0,0,
9.64,9.66,0.176257863133444,0.225102948186223,0,0,0,0,0,0,0,0,0,0,0,0,0,0,0,0,0.0488451,0,0,0,0,0,0,0,0,5.27235e-09,0,0,0,0,0,0,0,0,
9.66,9.68,0.175073071509805,0.223586203394535,0,0,0,0,0,0,0,0,0,0,0,0,0,0,0,0,0.0485131,0,0,0,0,0,0,0,0,5.47626e-09,0,0,0,0,0,0,0,0,
9.68,9.7,0.173898413460828,0.222082368794733,0,0,0,0,0,0,0,0,0,0,0,0,0,0,0,0,0.048184,0,0,0,0,0,0,0,0,5.68805e-09,0,0,0,0,0,0,0,0,
9.7,9.72,0.172733786197993,0.220591315750603,0,0,0,0,0,0,0,0,0,0,0,0,0,0,0,0,0.0478575,0,0,0,0,0,0,0,0,5.90803e-09,0,0,0,0,0,0,0,0,
9.72,9.74,0.171579087595546,0.219112916415357,0,0,0,0,0,0,0,0,0,0,0,0,0,0,0,0,0.0475338,0,0,0,0,0,0,0,0,6.13652e-09,0,0,0,0,0,0,0,0,
9.74,9.76,0.170434216198831,0.217647043742855,0,0,0,0,0,0,0,0,0,0,0,0,0,0,0,0,0.0472128,0,0,0,0,0,0,0,0,6.37385e-09,0,0,0,0,0,0,0,0,
9.76,9.78,0.169299071232282,0.216193571498375,0,0,0,0,0,0,0,0,0,0,0,0,0,0,0,0,0.0468945,0,0,0,0,0,0,0,0,6.62036e-09,0,0,0,0,0,0,0,0,
9.78,9.8,0.168173552607054,0.214752374268951,0,0,0,0,0,0,0,0,0,0,0,0,0,0,0,0,0.0465788,0,0,0,0,0,0,0,0,6.8764e-09,0,0,0,0,0,0,0,0,
9.8,9.82,0.167057560928326,0.213323327473277,0,0,0,0,0,0,0,0,0,0,0,0,0,0,0,0,0.0462658,0,0,0,0,0,0,0,0,7.14235e-09,0,0,0,0,0,0,0,0,
9.82,9.84,0.165950997502259,0.211906307371184,0,0,0,0,0,0,0,0,0,0,0,0,0,0,0,0,0.0459553,0,0,0,0,0,0,0,0,7.41857e-09,0,0,0,0,0,0,0,0,
9.84,9.86,0.164853764342625,0.210501191072696,0,0,0,0,0,0,0,0,0,0,0,0,0,0,0,0,0.0456474,0,0,0,0,0,0,0,0,7.70549e-09,0,0,0,0,0,0,0,0,
9.86,9.88,0.163765764177115,0.209107856546679,0,0,0,0,0,0,0,0,0,0,0,0,0,0,0,0,0.0453421,0,0,0,0,0,0,0,0,8.00349e-09,0,0,0,0,0,0,0,0,
9.88,9.9,0.162686900453324,0.207726182629076,0,0,0,0,0,0,0,0,0,0,0,0,0,0,0,0,0.0450393,0,0,0,0,0,0,0,0,8.31303e-09,0,0,0,0,0,0,0,0,
9.9,9.92,0.161617077344415,0.206356049030748,0,0,0,0,0,0,0,0,0,0,0,0,0,0,0,0,0.044739,0,0,0,0,0,0,0,0,8.63453e-09,0,0,0,0,0,0,0,0,
9.92,9.94,0.160556199754485,0.204997336344916,0,0,0,0,0,0,0,0,0,0,0,0,0,0,0,0,0.0444411,0,0,0,0,0,0,0,0,8.96847e-09,0,0,0,0,0,0,0,0,
9.94,9.96,0.159504173323617,0.203649926054218,0,0,0,0,0,0,0,0,0,0,0,0,0,0,0,0,0.0441458,0,0,0,0,0,0,0,0,9.31533e-09,0,0,0,0,0,0,0,0,
9.96,9.98,0.158460904432637,0.202313700537388,0,0,0,0,0,0,0,0,0,0,0,0,0,0,0,0,0.0438528,0,0,0,0,0,0,0,0,9.6756e-09,0,0,0,0,0,0,0,0,
9.98,10,0.157426300207574,0.200988543075554,0,0,0,0,0,0,0,0,0,0,0,0,0,0,0,0,0.0435622,0,0,0,0,0,0,0,0,1.00498e-08,0,0,0,0,0,0,0,0,
10,10.02,0.156400268523832,0.199674337858171,0,0,0,0,0,0,0,0,0,0,0,0,0,0,0,0,0.0432741,0,0,0,0,0,0,0,0,1.04385e-08,0,0,0,0,0,0,0,0,
10.02,10.04,0.155382718010079,0.198370969988591,0,0,0,0,0,0,0,0,0,0,0,0,0,0,0,0,0.0429883,0,0,0,0,0,0,0,0,1.08422e-08,0,0,0,0,0,0,0,0,
10.04,10.06,0.154373558051855,0.197078325489278,0,0,0,0,0,0,0,0,0,0,0,0,0,0,0,0,0.0427048,0,0,0,0,0,0,0,0,1.12615e-08,0,0,0,0,0,0,0,0,
10.06,10.08,0.153372698794908,0.195796291306673,0,0,0,0,0,0,0,0,0,0,0,0,0,0,0,0,0.0424236,0,0,0,0,0,0,0,0,1.1697e-08,0,0,0,0,0,0,0,0,
10.08,10.1,0.152380051148257,0.194524755315712,0,0,0,0,0,0,0,0,0,0,0,0,0,0,0,0,0.0421447,0,0,0,0,0,0,0,0,1.21494e-08,0,0,0,0,0,0,0,0,
10.1,10.12,0.151395526786996,0.19326360632401,0,0,0,0,0,0,0,0,0,0,0,0,0,0,0,0,0.0418681,0,0,0,0,0,0,0,0,1.26193e-08,0,0,0,0,0,0,0,0,
10.12,10.14,0.150419038154833,0.192012734075714,0,0,0,0,0,0,0,0,0,0,0,0,0,0,0,0,0.0415937,0,0,0,0,0,0,0,0,1.31074e-08,0,0,0,0,0,0,0,0,
10.14,10.16,0.149450498466385,0.190772029255027,0,0,0,0,0,0,0,0,0,0,0,0,0,0,0,0,0.0413215,0,0,0,0,0,0,0,0,1.36143e-08,0,0,0,0,0,0,0,0,
10.16,10.18,0.148489821709207,0.18954138348942,0,0,0,0,0,0,0,0,0,0,0,0,0,0,0,0,0.0410516,0,0,0,0,0,0,0,0,1.41408e-08,0,0,0,0,0,0,0,0,
10.18,10.2,0.147536922645595,0.188320689352518,0,0,0,0,0,0,0,0,0,0,0,0,0,0,0,0,0.0407838,0,0,0,0,0,0,0,0,1.46877e-08,0,0,0,0,0,0,0,0,
10.2,10.22,0.146591716814134,0.187109840366693,0,0,0,0,0,0,0,0,0,0,0,0,0,0,0,0,0.0405181,0,0,0,0,0,0,0,0,1.52558e-08,0,0,0,0,0,0,0,0,
10.22,10.24,0.145654120531022,0.185908731005346,0,0,0,0,0,0,0,0,0,0,0,0,0,0,0,0,0.0402546,0,0,0,0,0,0,0,0,1.58458e-08,0,0,0,0,0,0,0,0,
10.24,10.26,0.144724050891156,0.184717256694897,0,0,0,0,0,0,0,0,0,0,0,0,0,0,0,0,0.0399932,0,0,0,0,0,0,0,0,1.64586e-08,0,0,0,0,0,0,0,0,
10.26,10.28,0.143801425768998,0.183535313816486,0,0,0,0,0,0,0,0,0,0,0,0,0,0,0,0,0.0397339,0,0,0,0,0,0,0,0,1.70951e-08,0,0,0,0,0,0,0,0,
10.28,10.3,0.142886163819217,0.182362799707386,0,0,0,0,0,0,0,0,0,0,0,0,0,0,0,0,0.0394766,0,0,0,0,0,0,0,0,1.77563e-08,0,0,0,0,0,0,0,0,
10.3,10.32,0.141978184477115,0.181199612662145,0,0,0,0,0,0,0,0,0,0,0,0,0,0,0,0,0.0392214,0,0,0,0,0,0,0,0,1.8443e-08,0,0,0,0,0,0,0,0,
10.32,10.34,0.141077407958841,0.180045651933448,0,0,0,0,0,0,0,0,0,0,0,0,0,0,0,0,0.0389682,0,0,0,0,0,0,0,0,1.91563e-08,0,0,0,0,0,0,0,0,
10.34,10.36,0.140183755261405,0.178900817732717,0,0,0,0,0,0,0,0,0,0,0,0,0,0,0,0,0.0387171,0,0,0,0,0,0,0,0,1.98972e-08,0,0,0,0,0,0,0,0,
10.36,10.38,0.139297148162474,0.17776501123045,0,0,0,0,0,0,0,0,0,0,0,0,0,0,0,0,0.0384679,0,0,0,0,0,0,0,0,2.06667e-08,0,0,0,0,0,0,0,0,
10.38,10.4,0.138417509219986,0.176638134556302,0,0,0,0,0,0,0,0,0,0,0,0,0,0,0,0,0.0382206,0,0,0,0,0,0,0,0,2.1466e-08,0,0,0,0,0,0,0,0,
10.4,10.42,0.137544761771562,0.175520090798916,0,0,0,0,0,0,0,0,0,0,0,0,0,0,0,0,0.0379753,0,0,0,0,0,0,0,0,2.22962e-08,0,0,0,0,0,0,0,0,
10.42,10.44,0.136678829933729,0.174410784005513,0,0,0,0,0,0,0,0,0,0,0,0,0,0,0,0,0.037732,0,0,0,0,0,0,0,0,2.31585e-08,0,0,0,0,0,0,0,0,
10.44,10.46,0.13581963860096,0.17331011918124,0,0,0,0,0,0,0,0,0,0,0,0,0,0,0,0,0.0374905,0,0,0,0,0,0,0,0,2.40541e-08,0,0,0,0,0,0,0,0,
10.46,10.48,0.134967113444532,0.172218002288285,0,0,0,0,0,0,0,0,0,0,0,0,0,0,0,0,0.0372509,0,0,0,0,0,0,0,0,2.49844e-08,0,0,0,0,0,0,0,0,
10.48,10.5,0.13412118091121,0.171134340244761,0,0,0,0,0,0,0,0,0,0,0,0,0,0,0,0,0.0370132,0,0,0,0,0,0,0,0,2.59507e-08,0,0,0,0,0,0,0,0,
10.5,10.52,0.133281768221754,0.170059040923375,0,0,0,0,0,0,0,0,0,0,0,0,0,0,0,0,0.0367773,0,0,0,0,0,0,0,0,2.69544e-08,0,0,0,0,0,0,0,0,
10.52,10.54,0.132448803369264,0.168992013149869,0,0,0,0,0,0,0,0,0,0,0,0,0,0,0,0,0.0365432,0,0,0,0,0,0,0,0,2.79968e-08,0,0,0,0,0,0,0,0,
10.54,10.56,0.131622215117356,0.167933166701258,0,0,0,0,0,0,0,0,0,0,0,0,0,0,0,0,0.036311,0,0,0,0,0,0,0,0,2.90796e-08,0,0,0,0,0,0,0,0,
10.56,10.58,0.130801932998182,0.166882412303849,0,0,0,0,0,0,0,0,0,0,0,0,0,0,0,0,0.0360805,0,0,0,0,0,0,0,0,3.02042e-08,0,0,0,0,0,0,0,0,
10.58,10.6,0.129987887310291,0.165839661631071,0,0,0,0,0,0,0,0,0,0,0,0,0,0,0,0,0.0358518,0,0,0,0,0,0,0,0,3.13724e-08,0,0,0,0,0,0,0,0,
10.6,10.62,0.129180009116341,0.164804827301098,0,0,0,0,0,0,0,0,0,0,0,0,0,0,0,0,0.0356248,0,0,0,0,0,0,0,0,3.25857e-08,0,0,0,0,0,0,0,0,
10.62,10.64,0.128378230240662,0.16377782287428,0,0,0,0,0,0,0,0,0,0,0,0,0,0,0,0,0.0353996,0,0,0,0,0,0,0,0,3.3846e-08,0,0,0,0,0,0,0,0,
10.64,10.66,0.127582483266675,0.162758562850396,0,0,0,0,0,0,0,0,0,0,0,0,0,0,0,0,0.0351761,0,0,0,0,0,0,0,0,3.5155e-08,0,0,0,0,0,0,0,0,
10.66,10.68,0.12679270153417,0.161746962665709,0,0,0,0,0,0,0,0,0,0,0,0,0,0,0,0,0.0349543,0,0,0,0,0,0,0,0,3.65146e-08,0,0,0,0,0,0,0,0,
10.68,10.7,0.126008819136452,0.160742938689859,0,0,0,0,0,0,0,0,0,0,0,0,0,0,0,0,0.0347341,0,0,0,0,0,0,0,0,3.79268e-08,0,0,0,0,0,0,0,0,
10.7,10.72,0.125230770917346,0.15974640822257,0,0,0,0,0,0,0,0,0,0,0,0,0,0,0,0,0.0345156,0,0,0,0,0,0,0,0,3.93936e-08,0,0,0,0,0,0,0,0,
10.72,10.74,0.124458492468087,0.158757289490198,0,0,0,0,0,0,0,0,0,0,0,0,0,0,0,0,0.0342988,0,0,0,0,0,0,0,0,4.09172e-08,0,0,0,0,0,0,0,0,
10.74,10.76,0.123691920124069,0.157775501642108,0,0,0,0,0,0,0,0,0,0,0,0,0,0,0,0,0.0340836,0,0,0,0,0,0,0,0,4.24997e-08,0,0,0,0,0,0,0,0,
10.76,10.78,0.122930990961484,0.1568009647469,0,0,0,0,0,0,0,0,0,0,0,0,0,0,0,0,0.03387,0,0,0,0,0,0,0,0,4.41433e-08,0,0,0,0,0,0,0,0,
10.78,10.8,0.122175642793841,0.155833599788472,0,0,0,0,0,0,0,0,0,0,0,0,0,0,0,0,0.033658,0,0,0,0,0,0,0,0,4.58506e-08,0,0,0,0,0,0,0,0,
10.8,10.82,0.121425814168366,0.154873328661936,0,0,0,0,0,0,0,0,0,0,0,0,0,0,0,0,0.0334475,0,0,0,0,0,0,0,0,4.76239e-08,0,0,0,0,0,0,0,0,
10.82,10.84,0.120681444362298,0.153920074169395,0,0,0,0,0,0,0,0,0,0,0,0,0,0,0,0,0.0332386,0,0,0,0,0,0,0,0,4.94657e-08,0,0,0,0,0,0,0,0,
10.84,10.86,0.11994247337907,0.152973760015565,0,0,0,0,0,0,0,0,0,0,0,0,0,0,0,0,0.0330313,0,0,0,0,0,0,0,0,5.13788e-08,0,0,0,0,0,0,0,0,
10.86,10.88,0.119208841944397,0.152034310803274,0,0,0,0,0,0,0,0,0,0,0,0,0,0,0,0,0.0328255,0,0,0,0,0,0,0,0,5.33659e-08,0,0,0,0,0,0,0,0,
10.88,10.9,0.118480491502251,0.151101652028819,0,0,0,0,0,0,0,0,0,0,0,0,0,0,0,0,0.0326212,0,0,0,0,0,0,0,0,5.54298e-08,0,0,0,0,0,0,0,0,
10.9,10.92,0.117757364210746,0.150175710077198,0,0,0,0,0,0,0,0,0,0,0,0,0,0,0,0,0.0324183,0,0,0,0,0,0,0,0,5.75736e-08,0,0,0,0,0,0,0,0,
10.92,10.94,0.117039402937933,0.14925641221722,0,0,0,0,0,0,0,0,0,0,0,0,0,0,0,0,0.032217,0,0,0,0,0,0,0,0,5.98002e-08,0,0,0,0,0,0,0,0,
10.94,10.96,0.11632655125749,0.148343686596487,0,0,0,0,0,0,0,0,0,0,0,0,0,0,0,0,0.0320171,0,0,0,0,0,0,0,0,6.2113e-08,0,0,0,0,0,0,0,0,
10.96,10.98,0.115618753444342,0.147437462236268,0,0,0,0,0,0,0,0,0,0,0,0,0,0,0,0,0.0318187,0,0,0,0,0,0,0,0,6.45153e-08,0,0,0,0,0,0,0,0,
10.98,11,0.114915954470185,0.14653766902626,0,0,0,0,0,0,0,0,0,0,0,0,0,0,0,0,0.0316217,0,0,0,0,0,0,0,0,6.70104e-08,0,0,0,0,0,0,0,0,
11,11.02,0.114218099998929,0.145644237719231,0,0,0,0,0,0,0,0,0,0,0,0,0,0,0,0,0.0314261,0,0,0,0,0,0,0,0,6.9602e-08,0,0,0,0,0,0,0,0,
11.02,11.04,0.113525136382071,0.144757099925574,0,0,0,0,0,0,0,0,0,0,0,0,0,0,0,0,0.031232,0,0,0,0,0,0,0,0,7.22939e-08,0,0,0,0,0,0,0,0,
11.04,11.06,0.112837010653984,0.143876188107747,0,0,0,0,0,0,0,0,0,0,0,0,0,0,0,0,0.0310392,0,0,0,0,0,0,0,0,7.50899e-08,0,0,0,0,0,0,0,0,
11.06,11.08,0.112153670527137,0.143001435574624,0,0,0,0,0,0,0,0,0,0,0,0,0,0,0,0,0.0308478,0,0,0,0,0,0,0,0,7.7994e-08,0,0,0,0,0,0,0,0,
11.08,11.1,0.111475064387248,0.142132776475747,0,0,0,0,0,0,0,0,0,0,0,0,0,0,0,0,0.0306577,0,0,0,0,0,0,0,0,8.10104e-08,0,0,0,0,0,0,0,0,
11.1,11.12,0.110801141288365,0.141270145795496,0,0,0,0,0,0,0,0,0,0,0,0,0,0,0,0,0.030469,0,0,0,0,0,0,0,0,8.41435e-08,0,0,0,0,0,0,0,0,
11.12,11.14,0.110131850947889,0.140413479347165,0,0,0,0,0,0,0,0,0,0,0,0,0,0,0,0,0.0302816,0,0,0,0,0,0,0,0,8.73978e-08,0,0,0,0,0,0,0,0,
11.14,11.16,0.109467143741532,0.139562713766964,0,0,0,0,0,0,0,0,0,0,0,0,0,0,0,0,0.0300956,0,0,0,0,0,0,0,0,9.07779e-08,0,0,0,0,0,0,0,0,
11.16,11.18,0.10880697069822,0.138717786507933,0,0,0,0,0,0,0,0,0,0,0,0,0,0,0,0,0.0299108,0,0,0,0,0,0,0,0,9.42887e-08,0,0,0,0,0,0,0,0,
11.18,11.2,0.108151283494935,0.137878635833786,0,0,0,0,0,0,0,0,0,0,0,0,0,0,0,0,0.0297274,0,0,0,0,0,0,0,0,9.79354e-08,0,0,0,0,0,0,0,0,
11.2,11.22,0.107500034451511,0.137045200812686,0,0,0,0,0,0,0,0,0,0,0,0,0,0,0,0,0.0295452,0,0,0,0,0,0,0,0,1.01723e-07,0,0,0,0,0,0,0,0,
11.22,11.24,0.106853176525376,0.136217421310942,0,0,0,0,0,0,0,0,0,0,0,0,0,0,0,0,0.0293642,0,0,0,0,0,0,0,0,1.05657e-07,0,0,0,0,0,0,0,0,
11.24,11.26,0.106210663306245,0.13539523798665,0,0,0,0,0,0,0,0,0,0,0,0,0,0,0,0,0.0291846,0,0,0,0,0,0,0,0,1.09743e-07,0,0,0,0,0,0,0,0,
11.26,11.28,0.105572449010772,0.134578592283266,0,0,0,0,0,0,0,0,0,0,0,0,0,0,0,0,0.0290061,0,0,0,0,0,0,0,0,1.13988e-07,0,0,0,0,0,0,0,0,
11.28,11.3,0.104938488477154,0.133767426423123,0,0,0,0,0,0,0,0,0,0,0,0,0,0,0,0,0.0288289,0,0,0,0,0,0,0,0,1.18396e-07,0,0,0,0,0,0,0,0,
11.3,11.32,0.104308737159701,0.132961683400887,0,0,0,0,0,0,0,0,0,0,0,0,0,0,0,0,0.0286529,0,0,0,0,0,0,0,0,1.22975e-07,0,0,0,0,0,0,0,0,
11.32,11.34,0.103683151123358,0.132161306976969,0,0,0,0,0,0,0,0,0,0,0,0,0,0,0,0,0.0284782,0,0,0,0,0,0,0,0,1.27731e-07,0,0,0,0,0,0,0,0,
11.34,11.36,0.103061687038206,0.131366241670878,0,0,0,0,0,0,0,0,0,0,0,0,0,0,0,0,0.0283046,0,0,0,0,0,0,0,0,1.32671e-07,0,0,0,0,0,0,0,0,
11.36,11.38,0.102444302173916,0.130576432754534,0,0,0,0,0,0,0,0,0,0,0,0,0,0,0,0,0.0281321,0,0,0,0,0,0,0,0,1.37803e-07,0,0,0,0,0,0,0,0,
11.38,11.4,0.101830954394177,0.129791826245529,0,0,0,0,0,0,0,0,0,0,0,0,0,0,0,0,0.0279609,0,0,0,0,0,0,0,0,1.43132e-07,0,0,0,0,0,0,0,0,
11.4,11.42,0.101221602151098,0.129012368900359,0,0,0,0,0,0,0,0,0,0,0,0,0,0,0,0,0.0277908,0,0,0,0,0,0,0,0,1.48668e-07,0,0,0,0,0,0,0,0,
11.42,11.44,0.100616204479582,0.128238008207604,0,0,0,0,0,0,0,0,0,0,0,0,0,0,0,0,0.0276218,0,0,0,0,0,0,0,0,1.54417e-07,0,0,0,0,0,0,0,0,
11.44,11.46,0.10001472099167,0.127468692381083,0,0,0,0,0,0,0,0,0,0,0,0,0,0,0,0,0.027454,0,0,0,0,0,0,0,0,1.6039e-07,0,0,0,0,0,0,0,0,
11.46,11.48,0.09941711187087,0.126704370352969,0,0,0,0,0,0,0,0,0,0,0,0,0,0,0,0,0.0272873,0,0,0,0,0,0,0,0,1.66593e-07,0,0,0,0,0,0,0,0,
11.48,11.5,0.098823337866459,0.125944991766878,0,0,0,0,0,0,0,0,0,0,0,0,0,0,0,0,0.0271217,0,0,0,0,0,0,0,0,1.73036e-07,0,0,0,0,0,0,0,0,
11.5,11.52,0.098233360287777,0.12519050697093,0,0,0,0,0,0,0,0,0,0,0,0,0,0,0,0,0.0269571,0,0,0,0,0,0,0,0,1.79728e-07,0,0,0,0,0,0,0,0,
11.52,11.54,0.09764714099849,0.124440867010784,0,0,0,0,0,0,0,0,0,0,0,0,0,0,0,0,0.0267937,0,0,0,0,0,0,0,0,1.86679e-07,0,0,0,0,0,0,0,0,
11.54,11.56,0.097064642410849,0.123696023622646,0,0,0,0,0,0,0,0,0,0,0,0,0,0,0,0,0.0266314,0,0,0,0,0,0,0,0,1.93899e-07,0,0,0,0,0,0,0,0,
11.56,11.58,0.096485827479934,0.122955929226267,0,0,0,0,0,0,0,0,0,0,0,0,0,0,0,0,0.0264701,0,0,0,0,0,0,0,0,2.01398e-07,0,0,0,0,0,0,0,0,
11.58,11.6,0.095910659697887,0.122220536917915,0,0,0,0,0,0,0,0,0,0,0,0,0,0,0,0,0.0263099,0,0,0,0,0,0,0,0,2.09187e-07,0,0,0,0,0,0,0,0,
11.6,11.62,0.095339103088136,0.121489800463333,0,0,0,0,0,0,0,0,0,0,0,0,0,0,0,0,0.0261507,0,0,0,0,0,0,0,0,2.17277e-07,0,0,0,0,0,0,0,0,
11.62,11.64,0.094771122199607,0.120763674290688,0,0,0,0,0,0,0,0,0,0,0,0,0,0,0,0,0.0259926,0,0,0,0,0,0,0,0,2.2568e-07,0,0,0,0,0,0,0,0,
11.64,11.66,0.094206682100943,0.120042113483504,0,0,0,0,0,0,0,0,0,0,0,0,0,0,0,0,0.0258354,0,0,0,0,0,0,0,0,2.34409e-07,0,0,0,0,0,0,0,0,
11.66,11.68,0.093645748374706,0.119325073773589,0,0,0,0,0,0,0,0,0,0,0,0,0,0,0,0,0.0256793,0,0,0,0,0,0,0,0,2.43474e-07,0,0,0,0,0,0,0,0,
11.68,11.7,0.093088287111584,0.118612511533956,0,0,0,0,0,0,0,0,0,0,0,0,0,0,0,0,0.0255242,0,0,0,0,0,0,0,0,2.52891e-07,0,0,0,0,0,0,0,0,
11.7,11.72,0.092534264904594,0.11790438377174,0,0,0,0,0,0,0,0,0,0,0,0,0,0,0,0,0.0253701,0,0,0,0,0,0,0,0,2.62672e-07,0,0,0,0,0,0,0,0,
11.72,11.74,0.091983648843295,0.117200648121111,0,0,0,0,0,0,0,0,0,0,0,0,0,0,0,0,0.025217,0,0,0,0,0,0,0,0,2.7283e-07,0,0,0,0,0,0,0,0,
11.74,11.76,0.091436406507987,0.116501262836188,0,0,0,0,0,0,0,0,0,0,0,0,0,0,0,0,0.0250649,0,0,0,0,0,0,0,0,2.83382e-07,0,0,0,0,0,0,0,0,
11.76,11.78,0.090892505963933,0.115806186783955,0,0,0,0,0,0,0,0,0,0,0,0,0,0,0,0,0.0249137,0,0,0,0,0,0,0,0,2.94342e-07,0,0,0,0,0,0,0,0,
11.78,11.8,0.090351915755573,0.115115379437183,0,0,0,0,0,0,0,0,0,0,0,0,0,0,0,0,0.0247635,0,0,0,0,0,0,0,0,3.05726e-07,0,0,0,0,0,0,0,0,
11.8,11.82,0.089814604900751,0.114428800867349,0,0,0,0,0,0,0,0,0,0,0,0,0,0,0,0,0.0246142,0,0,0,0,0,0,0,0,3.1755e-07,0,0,0,0,0,0,0,0,
11.82,11.84,0.089280542884951,0.113746411737578,0,0,0,0,0,0,0,0,0,0,0,0,0,0,0,0,0.0244659,0,0,0,0,0,0,0,0,3.29831e-07,0,0,0,0,0,0,0,0,
11.84,11.86,0.088749699655539,0.113068173295579,0,0,0,0,0,0,0,0,0,0,0,0,0,0,0,0,0.0243185,0,0,0,0,0,0,0,0,3.42587e-07,0,0,0,0,0,0,0,0,
11.86,11.88,0.088222045616023,0.1123940473666,0,0,0,0,0,0,0,0,0,0,0,0,0,0,0,0,0.024172,0,0,0,0,0,0,0,0,3.55837e-07,0,0,0,0,0,0,0,0,
11.88,11.9,0.087697551620318,0.111723996346399,0,0,0,0,0,0,0,0,0,0,0,0,0,0,0,0,0.0240264,0,0,0,0,0,0,0,0,3.69599e-07,0,0,0,0,0,0,0,0,
11.9,11.92,0.087176188967029,0.111057983194219,0,0,0,0,0,0,0,0,0,0,0,0,0,0,0,0,0.0238818,0,0,0,0,0,0,0,0,3.83893e-07,0,0,0,0,0,0,0,0,
11.92,11.94,0.086657929393751,0.110395971425791,0,0,0,0,0,0,0,0,0,0,0,0,0,0,0,0,0.023738,0,0,0,0,0,0,0,0,3.9874e-07,0,0,0,0,0,0,0,0,
11.94,11.96,0.086142745071381,0.109737925106349,0,0,0,0,0,0,0,0,0,0,0,0,0,0,0,0,0.0235952,0,0,0,0,0,0,0,0,4.14162e-07,0,0,0,0,0,0,0,0,
11.96,11.98,0.08563060859845,0.109083808843662,0,0,0,0,0,0,0,0,0,0,0,0,0,0,0,0,0.0234532,0,0,0,0,0,0,0,0,4.3018e-07,0,0,0,0,0,0,0,0,
11.98,12,0.085121492995472,0.108433587781097,0,0,0,0,0,0,0,0,0,0,0,0,0,0,0,0,0.0233121,0,0,0,0,0,0,0,0,4.46817e-07,0,0,0,0,0,0,0,0,
