0,0,510,520,0,0,0,0,10,0,0,0,0,0,
0,0.1,509.999999999978955,520.201003341700338,0,0,0,0,10.201,0,0,4.22158e-11,0,0,
0.1,0.2,510.10050167080332,520.404026800569411,0,0,0,0,10.3035,0,0,8.52801e-11,0,0,
0.2,0.3,510.202013400211536,520.609090679122297,0,0,0,0,10.4071,0,0,1.29206e-10,0,0,
0.3,0.4,510.304545339461134,520.81621548391774,0,0,0,0,10.5117,0,0,1.74006e-10,0,0,
0.4,0.5,510.408107741831479,521.02542192760883,0,0,0,0,10.6173,0,0,2.19693e-10,0,0,
0.5,0.6,510.512710963649107,521.236730931014277,0,0,0,0,10.724,0,0,2.66281e-10,0,0,
0.6,0.7,510.618365465323364,521.450163625210517,0,0,0,0,10.8318,0,0,3.13784e-10,0,0,
0.7,0.8,510.725081812392463,521.665741353644834,0,0,0,0,10.9407,0,0,3.62214e-10,0,0,
0.8,0.9,510.832870676580035,521.883485674269724,0,0,0,0,11.0506,0,0,4.11586e-10,0,0,
0.9,1,510.941742836862321,522.103418361698709,0,0,0,0,11.1617,0,0,4.61914e-10,0,0,
1,1.1,511.051709180546072,522.325561409383812,0,0,0,0,11.2739,0,0,5.13211e-10,0,0,
1.1,1.2,511.162780704357291,522.549937031814924,0,0,0,0,11.3872,0,0,5.65494e-10,0,0,
1.2,1.3,511.274968515540916,522.776567666741274,0,0,0,0,11.5016,0,0,6.18775e-10,0,0,
1.3,1.4,511.388283832971553,523.005475977415217,0,0,0,0,11.6172,0,0,6.7307e-10,0,0,
1.4,1.5,511.502737988275369,523.236684854858582,0,0,0,0,11.7339,0,0,7.28394e-10,0,0,
1.5,1.6,511.61834242696327,523.470217420151792,0,0,0,0,11.8519,0,0,7.84762e-10,0,0,
1.6,1.7,511.735108709575458,523.706097026745991,0,0,0,0,11.971,0,0,8.42189e-10,0,0,
1.7,1.8,511.853048512837495,523.944347262798411,0,0,0,0,12.0913,0,0,9.00691e-10,0,0,
1.8,1.9,511.972173630827989,524.184991953531201,0,0,0,0,12.2128,0,0,9.60285e-10,0,0,
1.9,2,512.092495976158004,524.428055163613979,0,0,0,0,12.3356,0,0,1.02098e-09,0,0,
2,2.1,512.214027581162339,524.673561199570309,0,0,0,0,12.4595,0,0,1.08281e-09,0,0,
2.1,2.2,512.336780599102767,524.921534612208381,0,0,0,0,12.5848,0,0,1.14577e-09,0,0,
2.2,2.3,512.460767305383372,525.172000199076107,0,0,0,0,12.7112,0,0,1.20989e-09,0,0,
2.3,2.4,512.586000098778101,525.4249830069409,0,0,0,0,12.839,0,0,1.27518e-09,0,0,
2.4,2.5,512.71249150267065,525.680508334294371,0,0,0,0,12.968,0,0,1.34166e-09,0,0,
2.5,2.6,512.840254166306813,525.938601733882198,0,0,0,0,13.0983,0,0,1.40935e-09,0,0,
2.6,2.7,512.96930086605942,526.199289015259423,0,0,0,0,13.23,0,0,1.47827e-09,0,0,
2.7,2.8,513.099644506705981,526.462596247371427,0,0,0,0,13.363,0,0,1.54842e-09,0,0,
2.8,2.9,513.231298122719175,526.728549761160851,0,0,0,0,13.4973,0,0,1.61984e-09,0,0,
2.9,3,513.364274879570311,526.997176152200706,0,0,0,0,13.6329,0,0,1.69254e-09,0,0,
3,3.1,513.498588075045885,527.268502283353956,0,0,0,0,13.7699,0,0,1.76654e-09,0,0,
3.1,3.2,513.634251140577367,527.542555287459828,0,0,0,0,13.9083,0,0,1.84185e-09,0,0,
3.2,3.3,513.771277642584359,527.819362570047115,0,0,0,0,14.0481,0,0,1.91849e-09,0,0,
3.3,3.4,513.909681283831246,528.098951812074752,0,0,0,0,14.1893,0,0,1.99649e-09,0,0,
3.4,3.5,514.049475904797485,528.381350972699941,0,0,0,0,14.3319,0,0,2.07587e-09,0,0,
3.5,3.6,514.190675485061664,528.666588292074081,0,0,0,0,14.4759,0,0,2.15664e-09,0,0,
3.6,3.7,514.33329414469947,528.954692294166815,0,0,0,0,14.6214,0,0,2.23882e-09,0,0,
3.7,3.8,514.477346145695712,529.245691789618442,0,0,0,0,14.7683,0,0,2.32244e-09,0,0,
3.8,3.9,514.622845893370529,529.539615878621013,0,0,0,0,14.9168,0,0,2.40751e-09,0,0,
3.9,4,514.769807937819933,529.836493953828372,0,0,0,0,15.0667,0,0,2.49406e-09,0,0,
4,4.1,514.918246975370834,530.136355703295443,0,0,0,0,15.2181,0,0,2.5821e-09,0,0,
4.1,4.2,515.068177850050679,530.439231113447064,0,0,0,0,15.3711,0,0,2.67166e-09,0,0,
4.2,4.3,515.219615555071877,530.745150472076652,0,0,0,0,15.5255,0,0,2.76276e-09,0,0,
4.3,4.4,515.372575234331121,531.054144371375007,0,0,0,0,15.6816,0,0,2.85542e-09,0,0,
4.4,4.5,515.527072183923801,531.366243710989562,0,0,0,0,15.8392,0,0,2.94967e-09,0,0,
4.5,4.6,515.683121853673616,531.681479701114368,0,0,0,0,15.9984,0,0,3.04552e-09,0,0,
4.6,4.7,515.840739848677579,531.999883865611138,0,0,0,0,16.1591,0,0,3.143e-09,0,0,
4.7,4.8,515.999941930866534,532.321488045161666,0,0,0,0,16.3215,0,0,3.24213e-09,0,0,
4.8,4.9,516.160744020581363,532.646324400451916,0,0,0,0,16.4856,0,0,3.34294e-09,0,0,
4.9,5,516.323162198165035,532.974425415388122,0,0,0,0,16.6513,0,0,3.44544e-09,0,0,
5,5.1,516.487212705570652,533.305823900345199,0,0,0,0,16.8186,0,0,3.54967e-09,0,0,
5.1,5.2,516.652911947985656,533.640552995447817,0,0,0,0,16.9876,0,0,3.65565e-09,0,0,
5.2,5.3,516.820276495472368,533.978646173884432,0,0,0,0,17.1584,0,0,3.76339e-09,0,0,
5.3,5.4,516.989323084625001,534.32013724525464,0,0,0,0,17.3308,0,0,3.87294e-09,0,0,
5.4,5.5,517.160068620243338,534.66506035895016,0,0,0,0,17.505,0,0,3.9843e-09,0,0,
5.5,5.6,517.332530177023223,535.013450007569804,0,0,0,0,17.6809,0,0,4.09751e-09,0,0,
5.6,5.7,517.506725001264047,535.365341030368765,0,0,0,0,17.8586,0,0,4.2126e-09,0,0,
5.7,5.8,517.682670512593391,535.720768616742573,0,0,0,0,18.0381,0,0,4.32958e-09,0,0,
5.8,5.9,517.860384305709002,536.079768309746064,0,0,0,0,18.2194,0,0,4.44849e-09,0,0,
5.9,6,518.039884152138283,536.442376009647709,0,0,0,0,18.4025,0,0,4.56936e-09,0,0,
6,6.1,518.221188002015453,536.808627977519679,0,0,0,0,18.5874,0,0,4.6922e-09,0,0,
6.1,6.2,518.404313985876582,537.178560838863979,0,0,0,0,18.7742,0,0,4.81705e-09,0,0,
6.2,6.3,518.589280416472655,537.552211587275026,0,0,0,0,18.9629,0,0,4.94394e-09,0,0,
6.3,6.4,518.776105790600864,537.929617588139047,0,0,0,0,19.1535,0,0,5.07289e-09,0,0,
6.4,6.5,518.964808790954304,538.310816582370639,0,0,0,0,19.346,0,0,5.20393e-09,0,0,
6.5,6.6,519.155408287990258,538.695846690186899,0,0,0,0,19.5404,0,0,5.3371e-09,0,0,
6.6,6.7,519.347923341817255,539.084746414919474,0,0,0,0,19.7368,0,0,5.47241e-09,0,0,
6.7,6.8,519.542373204101102,539.477554646864929,0,0,0,0,19.9352,0,0,5.60991e-09,0,0,
6.8,6.9,519.738777319990062,539.874310667173805,0,0,0,0,20.1355,0,0,5.74962e-09,0,0,
6.9,7,519.937155330059389,540.275054151778773,0,0,0,0,20.3379,0,0,5.89156e-09,0,0,
7,7.1,520.137527072275398,540.679825175362252,0,0,0,0,20.5423,0,0,6.03579e-09,0,0,
7.1,7.2,520.339912583979282,541.088664215363917,0,0,0,0,20.7488,0,0,6.18231e-09,0,0,
7.2,7.3,520.544332103890858,541.501612156028478,0,0,0,0,20.9573,0,0,6.33117e-09,0,0,
7.3,7.4,520.750806074132461,541.918710292494131,0,0,0,0,21.1679,0,0,6.4824e-09,0,0,
7.4,7.5,520.95935514227317,542.340000334922114,0,0,0,0,21.3806,0,0,6.63603e-09,0,0,
7.5,7.6,521.170000163393585,542.765524412667751,0,0,0,0,21.5955,0,0,6.79209e-09,0,0,
7.6,7.7,521.382762202171348,543.195325078493429,0,0,0,0,21.8126,0,0,6.95062e-09,0,0,
7.7,7.8,521.597662534987631,543.629445312823908,0,0,0,0,22.0318,0,0,7.11165e-09,0,0,
7.8,7.9,521.814722652054794,544.067928528044394,0,0,0,0,22.2532,0,0,7.27521e-09,0,0,
7.9,8,522.033964259565419,544.510818572841822,0,0,0,0,22.4769,0,0,7.44134e-09,0,0,
8,8.1,522.255409281862954,544.958159736589753,0,0,0,0,22.7028,0,0,7.61008e-09,0,0,
8.1,8.2,522.479079863634156,545.409996753777359,0,0,0,0,22.9309,0,0,7.78146e-09,0,0,
8.2,8.3,522.704998372123591,545.866374808482894,0,0,0,0,23.1614,0,0,7.95551e-09,0,0,
8.3,8.4,522.933187399370363,546.327339538892156,0,0,0,0,23.3942,0,0,8.13228e-09,0,0,
8.4,8.5,523.163669764467349,546.79293704186233,0,0,0,0,23.6293,0,0,8.31179e-09,0,0,
8.5,8.6,523.396468515843121,547.263213877531721,0,0,0,0,23.8667,0,0,8.4941e-09,0,0,
8.6,8.7,523.631606933566805,547.738217073975802,0,0,0,0,24.1066,0,0,8.67922e-09,0,0,
8.7,8.8,523.869108531676119,548.217994131910063,0,0,0,0,24.3489,0,0,8.86721e-09,0,0,
8.8,8.9,524.108997060528781,548.702593029440121,0,0,0,0,24.5936,0,0,9.0581e-09,0,0,
8.9,9,524.351296509177577,549.192062226859573,0,0,0,0,24.8408,0,0,9.25194e-09,0,0,
9,9.1,524.596031107769281,549.686450671496058,0,0,0,0,25.0904,0,0,9.44875e-09,0,0,
9.1,9.2,524.84322532996769,550.185807802606041,0,0,0,0,25.3426,0,0,9.64859e-09,0,0,
9.2,9.3,525.092903895401012,550.690183556318774,0,0,0,0,25.5973,0,0,9.85149e-09,0,0,
9.3,9.4,525.345091772133846,551.199628370629952,0,0,0,0,25.8545,0,0,1.00575e-08,0,0,
9.4,9.5,525.599814179164014,551.714193190445554,0,0,0,0,26.1144,0,0,1.02666e-08,0,0,
9.5,9.6,525.857096588944482,552.233929472676374,0,0,0,0,26.3768,0,0,1.0479e-08,0,0,
9.6,9.7,526.116964729930622,552.758889191383758,0,0,0,0,26.6419,0,0,1.06945e-08,0,0,
9.7,9.8,526.379444589153078,553.289124842977056,0,0,0,0,26.9097,0,0,1.09134e-08,0,0,
9.8,9.9,526.644562414816503,553.824689451463297,0,0,0,0,27.1801,0,0,1.11355e-08,0,0,
9.9,10,526.912344718924381,554.365636573749648,0,0,0,0,27.4533,0,0,1.13611e-08,0,0,
10,10.1,527.182818279930271,554.912020304999135,0,0,0,0,27.7292,0,0,1.159e-08,0,0,
10.1,10.2,527.456010145415655,555.463895284040215,0,0,0,0,28.0079,0,0,1.18224e-08,0,0,
10.2,10.3,527.731947634794737,556.021316698830698,0,0,0,0,28.2894,0,0,1.20583e-08,0,0,
10.3,10.4,528.010658342046391,556.584340291976593,0,0,0,0,28.5737,0,0,1.22977e-08,0,0,
10.4,10.5,528.292170138473596,557.153022366306408,0,0,0,0,28.8609,0,0,1.25407e-08,0,0,
10.5,10.6,528.576511175490576,557.727419790501494,0,0,0,0,29.1509,0,0,1.27874e-08,0,0,
10.6,10.7,528.863709887437975,558.307590004782944,0,0,0,0,29.4439,0,0,1.30378e-08,0,0,
10.7,10.8,529.153794994426314,558.893591026655672,0,0,0,0,29.7398,0,0,1.32919e-08,0,0,
10.8,10.9,529.446795505208017,559.485481456710211,0,0,0,0,30.0387,0,0,1.35498e-08,0,0,
10.9,11,529.742740720078323,560.083320484482821,0,0,0,0,30.3406,0,0,1.38115e-08,0,0,
11,11.1,530.041660233805329,560.687167894374489,0,0,0,0,30.6455,0,0,1.40771e-08,0,0,
11.1,11.2,530.343583938589497,561.297084071629424,0,0,0,0,30.9535,0,0,1.43467e-08,0,0,
11.2,11.3,530.648542027052902,561.913130008373625,0,0,0,0,31.2646,0,0,1.46203e-08,0,0,
11.3,11.4,530.956564995258512,562.53536730971415,0,0,0,0,31.5788,0,0,1.48979e-08,0,0,
11.4,11.5,531.267683645759823,563.163858199899678,0,0,0,0,31.8962,0,0,1.51796e-08,0,0,
11.5,11.6,531.581929090681142,563.79866552854298,0,0,0,0,32.2167,0,0,1.54655e-08,0,0,
11.6,11.7,531.899332754828819,564.439852776905942,0,0,0,0,32.5405,0,0,1.57556e-08,0,0,
11.7,11.8,532.219926378833765,565.087484064247734,0,0,0,0,32.8676,0,0,1.60499e-08,0,0,
11.8,11.9,532.543742022325531,565.741624154236797,0,0,0,0,33.1979,0,0,1.63486e-08,0,0,
11.9,12,532.870812067138303,566.402338461427256,0,0,0,0,33.5315,0,0,1.66517e-08,0,0,
12,12.1,533.201169220549111,567.069693057800441,0,0,0,0,33.8685,0,0,1.69592e-08,0,0,
12.1,12.2,533.534846518548582,567.743754679372131,0,0,0,0,34.2089,0,0,1.72712e-08,0,0,
12.2,12.3,533.871877329144571,568.424590732866213,0,0,0,0,34.5527,0,0,1.75878e-08,0,0,
12.3,12.4,534.212295355698985,569.112269302455415,0,0,0,0,34.9,0,0,1.7909e-08,0,0,
12.4,12.5,534.556134640298154,569.806859156569772,0,0,0,0,35.2507,0,0,1.82348e-08,0,0,
12.5,12.6,534.903429567157054,570.508429754773538,0,0,0,0,35.605,0,0,1.85654e-08,0,0,
12.6,12.7,535.254214866057777,571.217051254711187,0,0,0,0,35.9628,0,0,1.89008e-08,0,0,
12.7,12.8,535.608525615822521,571.932794519123245,0,0,0,0,36.3243,0,0,1.92411e-08,0,0,
12.8,12.9,535.966397247821513,572.655731122932619,0,0,0,0,36.6893,0,0,1.95863e-08,0,0,
12.9,13,536.327865549516167,573.38593336040215,0,0,0,0,37.0581,0,0,1.99365e-08,0,0,
13,13.1,536.692966668037865,574.123474252364104,0,0,0,0,37.4305,0,0,2.02918e-08,0,0,
13.1,13.2,537.061737113802698,574.868427553522307,0,0,0,0,37.8067,0,0,2.06522e-08,0,0,
13.2,13.3,537.434213764162539,575.620867759827686,0,0,0,0,38.1867,0,0,2.10178e-08,0,0,
13.3,13.4,537.810433867092812,576.380870115927918,0,0,0,0,38.5704,0,0,2.13886e-08,0,0,
13.4,13.5,538.190435044917313,577.148510622691964,0,0,0,0,38.9581,0,0,2.17648e-08,0,0,
13.5,13.6,538.574255298070481,577.923866044810216,0,0,0,0,39.3496,0,0,2.21464e-08,0,0,
13.6,13.7,538.961933008897469,578.707013918471031,0,0,0,0,39.7451,0,0,2.25334e-08,0,0,
13.7,13.8,539.353506945492413,579.498032559114412,0,0,0,0,40.1445,0,0,2.2926e-08,0,0,
13.8,13.9,539.749016265575271,580.297001069263623,0,0,0,0,40.548,0,0,2.33242e-08,0,0,
13.9,14,540.148500520407633,581.103999346435498,0,0,0,0,40.9555,0,0,2.37281e-08,0,0,
14,14.1,540.55199965874787,581.919108091130273,0,0,0,0,41.3671,0,0,2.41378e-08,0,0,
14.1,14.2,540.959554030846054,582.742408814901689,0,0,0,0,41.7829,0,0,2.45533e-08,0,0,
14.2,14.3,541.371204392479011,583.573983848508223,0,0,0,0,42.2028,0,0,2.49747e-08,0,0,
14.3,14.4,541.786991909025936,584.413916350146229,0,0,0,0,42.6269,0,0,2.54021e-08,0,0,
14.4,14.5,542.206958159584956,585.262290313765834,0,0,0,0,43.0553,0,0,2.58355e-08,0,0,
14.5,14.6,542.631145141131087,586.119190577470394,0,0,0,0,43.488,0,0,2.62752e-08,0,0,
14.6,14.7,543.059595272715959,586.984702832000382,0,0,0,0,43.9251,0,0,2.6721e-08,0,0,
14.7,14.8,543.492351399709762,587.858913629302524,0,0,0,0,44.3666,0,0,2.71731e-08,0,0,
14.8,14.9,543.929456798085809,588.741910391185079,0,0,0,0,44.8125,0,0,2.76317e-08,0,0,
14.9,15,544.370955178748181,589.633781418060081,0,0,0,0,45.2628,0,0,2.80967e-08,0,0,
15,15.1,544.816890691902843,590.534615897773463,0,0,0,0,45.7177,0,0,2.85683e-08,0,0,
15.1,15.2,545.26730793147271,591.44450391452391,0,0,0,0,46.1772,0,0,2.90465e-08,0,0,
15.2,15.3,545.722251939557075,592.363536457871353,0,0,0,0,46.6413,0,0,2.95314e-08,0,0,
15.3,15.4,546.181768210935852,593.291805431836004,0,0,0,0,47.11,0,0,3.00232e-08,0,0,
15.4,15.5,546.645902697619092,594.229403664088838,0,0,0,0,47.5835,0,0,3.05218e-08,0,0,
15.5,15.6,547.114701813442232,595.176424915234428,0,0,0,0,48.0617,0,0,3.10274e-08,0,0,
15.6,15.7,547.588212438707499,596.132963888187096,0,0,0,0,48.5448,0,0,3.15402e-08,0,0,
15.7,15.8,548.066481924872003,597.099116237641268,0,0,0,0,49.0326,0,0,3.20601e-08,0,0,
15.8,15.9,548.549558099282899,598.074978579637036,0,0,0,0,49.5254,0,0,3.25872e-08,0,0,
15.9,16,549.037489269960182,599.060648501221836,0,0,0,0,50.0232,0,0,3.31217e-08,0,0,
16,16.1,549.530324230427509,600.056224570209241,0,0,0,0,50.5259,0,0,3.36637e-08,0,0,
16.1,16.2,550.02811226459161,601.061806345035811,0,0,0,0,51.0337,0,0,3.42132e-08,0,0,
16.2,16.3,550.530903151670709,602.077494384717037,0,0,0,0,51.5466,0,0,3.47704e-08,0,0,
16.3,16.4,551.038747171172488,603.103390258903314,0,0,0,0,52.0646,0,0,3.53353e-08,0,0,
16.4,16.5,551.551695107922086,604.139596558036993,0,0,0,0,52.5879,0,0,3.5908e-08,0,0,
16.5,16.6,552.069798257140624,605.186216903611508,0,0,0,0,53.1164,0,0,3.64887e-08,0,0,
16.6,16.7,552.593108429574756,606.243355958533625,0,0,0,0,53.6502,0,0,3.70775e-08,0,0,
16.7,16.8,553.121677956677798,607.311119437589809,0,0,0,0,54.1894,0,0,3.76743e-08,0,0,
16.8,16.9,553.65555969584292,608.389614118017787,0,0,0,0,54.7341,0,0,3.82795e-08,0,0,
16.9,17,554.194807035688925,609.478947850184368,0,0,0,0,55.2841,0,0,3.8893e-08,0,0,
17,17.1,554.739473901399153,610.579229568370568,0,0,0,0,55.8398,0,0,3.95149e-08,0,0,
17.1,17.2,555.289614760114049,611.690569301665128,0,0,0,0,56.401,0,0,4.01455e-08,0,0,
17.2,17.3,555.845284626377917,612.813078184967516,0,0,0,0,56.9678,0,0,4.07847e-08,0,0,
17.3,17.4,556.406539067640424,613.946868470101508,0,0,0,0,57.5403,0,0,4.14327e-08,0,0,
17.4,17.5,556.97343420981339,615.092053537040466,0,0,0,0,58.1186,0,0,4.20896e-08,0,0,
17.5,17.6,557.546026742883425,616.248747905245429,0,0,0,0,58.7027,0,0,4.27555e-08,0,0,
17.6,17.7,558.124373926580984,617.417067245117148,0,0,0,0,59.2927,0,0,4.34306e-08,0,0,
17.7,17.8,558.70853359610637,618.597128389563237,0,0,0,0,59.8886,0,0,4.41149e-08,0,0,
17.8,17.9,559.298564167913325,619.789049345681539,0,0,0,0,60.4905,0,0,4.48086e-08,0,0,
17.9,18,559.894524645550694,620.992949306560968,0,0,0,0,61.0984,0,0,4.55118e-08,0,0,
18,18.1,560.496474625562863,622.208948663200877,0,0,0,0,61.7125,0,0,4.62246e-08,0,0,
18.1,18.2,561.104474303449434,623.437169016550292,0,0,0,0,62.3327,0,0,4.69471e-08,0,0,
18.2,18.3,561.718584479684849,624.677733189668084,0,0,0,0,62.9591,0,0,4.76794e-08,0,0,
18.3,18.4,562.338866565798464,625.930765240005399,0,0,0,0,63.5919,0,0,4.84218e-08,0,0,
18.4,18.5,562.965382590515779,627.196390471811483,0,0,0,0,64.231,0,0,4.91742e-08,0,0,
18.5,18.6,563.598195205961338,628.474735448664233,0,0,0,0,64.8765,0,0,4.99369e-08,0,0,
18.6,18.7,564.237367693924013,629.765928006126644,0,0,0,0,65.5286,0,0,5.071e-08,0,0,
18.7,18.8,564.882963972185222,631.070097264530484,0,0,0,0,66.1871,0,0,5.14935e-08,0,0,
18.8,18.9,565.535048600910769,632.387373641888424,0,0,0,0,66.8523,0,0,5.22877e-08,0,0,
18.9,19,566.193686789106911,633.717888866935957,0,0,0,0,67.5242,0,0,5.30926e-08,0,0,
19,19.1,566.858944401141312,635.061775992304377,0,0,0,0,68.2028,0,0,5.39084e-08,0,0,
19.1,19.2,567.530887963329533,636.419169407826153,0,0,0,0,68.8883,0,0,5.47353e-08,0,0,
19.2,19.3,568.209584670587729,637.790204853974025,0,0,0,0,69.5806,0,0,5.55733e-08,0,0,
19.3,19.4,568.895102393152185,639.175019435435161,0,0,0,0,70.2799,0,0,5.64227e-08,0,0,
19.4,19.5,569.587509683366398,640.573751634821752,0,0,0,0,70.9862,0,0,5.72835e-08,0,0,
19.5,19.6,570.286875782536374,641.986541326519371,0,0,0,0,71.6997,0,0,5.81559e-08,0,0,
19.6,19.7,570.993270627854818,643.41352979067454,0,0,0,0,72.4203,0,0,5.90401e-08,0,0,
19.7,19.8,571.706764859394896,644.854859727322862,0,0,0,0,73.1481,0,0,5.99361e-08,0,0,
19.8,19.9,572.427429827174323,646.310675270659135,0,0,0,0,73.8832,0,0,6.08443e-08,0,0,
19.9,20,573.155337598290409,647.7811220034509,0,0,0,0,74.6258,0,0,6.17646e-08,0,0,
20,20.1,573.890560964126831,649.266346971596839,0,0,0,0,75.3758,0,0,6.26972e-08,0,0,
20.1,20.2,574.633173447632837,650.766498698831484,0,0,0,0,76.1333,0,0,6.36424e-08,0,0,
20.2,20.3,575.383249310675597,652.281727201577713,0,0,0,0,76.8985,0,0,6.46003e-08,0,0,
20.3,20.4,576.140863561466455,653.812184003948522,0,0,0,0,77.6713,0,0,6.55709e-08,0,0,
20.4,20.5,576.906091962061809,655.358022152899562,0,0,0,0,78.4519,0,0,6.65546e-08,0,0,
20.5,20.6,577.679011035939388,656.919396233533953,0,0,0,0,79.2404,0,0,6.75514e-08,0,0,
20.6,20.7,578.459698075650655,658.496462384560934,0,0,0,0,80.0368,0,0,6.85615e-08,0,0,
20.7,20.8,579.248231150550133,660.089378313909858,0,0,0,0,80.8411,0,0,6.95851e-08,0,0,
20.8,20.9,580.044689114602394,661.698303314501124,0,0,0,0,81.6536,0,0,7.06223e-08,0,0,
20.9,21,580.849151614267533,663.323398280175594,0,0,0,0,82.4742,0,0,7.16734e-08,0,0,
21,21.1,581.661699096465878,664.964825721784113,0,0,0,0,83.3031,0,0,7.27384e-08,0,0,
21.1,21.2,582.482412816622749,666.622749783438726,0,0,0,0,84.1403,0,0,7.38177e-08,0,0,
21.2,21.3,583.311374846794059,668.297336258927241,0,0,0,0,84.986,0,0,7.49112e-08,0,0,
21.3,21.4,584.148668083873609,669.988752608292721,0,0,0,0,85.8401,0,0,7.60193e-08,0,0,
21.4,21.5,584.994376257882816,671.697167974579657,0,0,0,0,86.7028,0,0,7.71421e-08,0,0,
21.5,21.6,585.848583940343817,673.422753200748386,0,0,0,0,87.5742,0,0,7.82798e-08,0,0,
21.6,21.7,586.711376552736673,675.165680846759544,0,0,0,0,88.4543,0,0,7.94326e-08,0,0,
21.7,21.8,587.582840375041586,676.926125206830211,0,0,0,0,89.3433,0,0,8.06006e-08,0,0,
21.8,21.9,588.463062554366976,678.704262326863468,0,0,0,0,90.2412,0,0,8.17841e-08,0,0,
21.9,22,589.352131113664273,680.500270022053128,0,0,0,0,91.1481,0,0,8.29833e-08,0,0,
22,22.1,590.25013496053027,682.314327894665419,0,0,0,0,92.0642,0,0,8.41982e-08,0,0,
22.1,22.2,591.157163896097962,684.14661735199935,0,0,0,0,92.9895,0,0,8.54292e-08,0,0,
22.2,22.3,592.073308624016731,685.997321624527605,0,0,0,0,93.924,0,0,8.66765e-08,0,0,
22.3,22.4,592.998660759522795,687.866625784219725,0,0,0,0,94.868,0,0,8.79402e-08,0,0,
22.4,22.5,593.933312838600809,689.754716763049463,0,0,0,0,95.8214,0,0,8.92205e-08,0,0,
22.5,22.6,594.87735832723752,691.661783371688156,0,0,0,0,96.7844,0,0,9.05177e-08,0,0,
22.6,22.7,595.830891630768466,693.588016318385928,0,0,0,0,97.7571,0,0,9.1832e-08,0,0,
22.7,22.8,596.794008103318586,695.533608228042678,0,0,0,0,98.7396,0,0,9.31635e-08,0,0,
22.8,22.9,597.766804057337707,697.49875366147073,0,0,0,0,99.7319,0,0,9.45126e-08,0,0,
22.9,23,598.749376773231861,699.48364913485109,0,0,0,0,100.734,0,0,9.58793e-08,0,0,
23,23.1,599.741824509091409,701.488493139385222,0,0,0,0,101.747,0,0,9.72639e-08,0,0,
23.1,23.2,600.744246510516958,703.513486161144311,0,0,0,0,102.769,0,0,9.86667e-08,0,0,
23.2,23.3,601.756743020543963,705.558830701118075,0,0,0,0,103.802,0,0,1.00088e-07,0,0,
23.3,23.4,602.779415289667143,707.624731295465003,0,0,0,0,104.845,0,0,1.01528e-07,0,0,
23.4,23.5,603.812365585965607,709.711394535966154,0,0,0,0,105.899,0,0,1.02986e-07,0,0,
23.5,23.6,604.85569720532975,711.819029090684499,0,0,0,0,106.963,0,0,1.04464e-07,0,0,
23.6,23.7,605.909514481790915,713.947845724831918,0,0,0,0,108.038,0,0,1.05961e-07,0,0,
23.7,23.8,606.973922797954892,716.098057321845884,0,0,0,0,109.124,0,0,1.07477e-07,0,0,
23.8,23.9,608.049028595540277,718.269878904677979,0,0,0,0,110.221,0,0,1.09014e-07,0,0,
23.9,24,609.13493938602271,720.463527657296386,0,0,0,0,111.329,0,0,1.1057e-07,0,0,
24,24.1,610.231763761386134,722.679222946404448,0,0,0,0,112.447,0,0,1.12147e-07,0,0,
24.1,24.2,611.339611404982073,724.91718634337753,0,0,0,0,113.578,0,0,1.13744e-07,0,0,
24.2,24.3,612.458593102498061,727.177641646420342,0,0,0,0,114.719,0,0,1.15362e-07,0,0,
24.3,24.4,613.588820753036297,729.460814902946946,0,0,0,0,115.872,0,0,1.17e-07,0,0,
24.4,24.5,614.730407380303655,731.766934432185685,0,0,0,0,117.037,0,0,1.18661e-07,0,0,
24.5,24.6,615.88346714391415,734.096230848011293,0,0,0,0,118.213,0,0,1.20342e-07,0,0,
24.6,24.7,617.048115350804993,736.448937082006476,0,0,0,0,119.401,0,0,1.22046e-07,0,0,
24.7,24.8,618.224468466767367,738.825288406755279,0,0,0,0,120.601,0,0,1.23772e-07,0,0,
24.8,24.9,619.412644128093138,741.225522459370502,0,0,0,0,121.813,0,0,1.2552e-07,0,0,
24.9,25,620.612761153338534,743.649879265257664,0,0,0,0,123.037,0,0,1.2729e-07,0,0,
25,25.1,621.824939555206156,746.098601262117683,0,0,0,0,124.274,0,0,1.29084e-07,0,0,
25.1,25.2,623.049300552546297,748.571933324190897,0,0,0,0,125.523,0,0,1.30901e-07,0,0,
25.2,25.3,624.285966582478947,751.070122786744681,0,0,0,0,126.784,0,0,1.32741e-07,0,0,
25.3,25.4,625.535061312637622,753.593419470807157,0,0,0,0,128.058,0,0,1.34605e-07,0,0,
25.4,25.5,626.796709653536204,756.142075708149534,0,0,0,0,129.345,0,0,1.36493e-07,0,0,
25.5,25.6,628.071037771060127,758.716346366519469,0,0,0,0,130.645,0,0,1.38405e-07,0,0,
25.6,25.7,629.358173099083034,761.316488875128083,0,0,0,0,131.958,0,0,1.40342e-07,0,0,
25.7,25.8,630.658244352210309,763.942763250393064,0,0,0,0,133.285,0,0,1.42304e-07,0,0,
25.8,25.9,631.971381538650611,766.595432121940559,0,0,0,0,134.624,0,0,1.44292e-07,0,0,
25.9,26,633.297715973216829,769.274760758868327,0,0,0,0,135.977,0,0,1.46305e-07,0,0,
26,26.1,634.637380290457653,771.98101709627289,0,0,0,0,137.344,0,0,1.48343e-07,0,0,
26.1,26.2,635.990508457921152,774.714471762043258,0,0,0,0,138.724,0,0,1.50408e-07,0,0,
26.2,26.3,637.357235789551644,777.475398103923931,0,0,0,0,140.118,0,0,1.525e-07,0,0,
26.3,26.4,638.737698959221185,780.264072216849928,0,0,0,0,141.526,0,0,1.54618e-07,0,0,
26.4,26.5,640.132036014397085,783.080772970556493,0,0,0,0,142.949,0,0,1.56764e-07,0,0,
26.5,26.6,641.540386389946759,785.925782037466307,0,0,0,0,144.385,0,0,1.58937e-07,0,0,
26.6,26.7,642.962890922081352,788.79938392085695,0,0,0,0,145.836,0,0,1.61137e-07,0,0,
26.7,26.8,644.399691862439449,791.701865983311489,0,0,0,0,147.302,0,0,1.63366e-07,0,0,
26.8,26.9,645.850932892312375,794.633518475454964,0,0,0,0,148.783,0,0,1.65624e-07,0,0,
26.9,27,647.316759137012447,797.594634564979681,0,0,0,0,150.278,0,0,1.6791e-07,0,0,
27,27.1,648.797317180385603,800.585510365962256,0,0,0,0,151.788,0,0,1.70226e-07,0,0,
27.1,27.2,650.292755079469933,803.606444968475243,0,0,0,0,153.314,0,0,1.72571e-07,0,0,
27.2,27.3,651.803222379301505,806.65774046849639,0,0,0,0,154.855,0,0,1.74946e-07,0,0,
27.3,27.4,653.328870127868972,809.73970199811851,0,0,0,0,156.411,0,0,1.77352e-07,0,0,
27.4,27.5,654.86985089121852,812.852637756062924,0,0,0,0,157.983,0,0,1.79788e-07,0,0,
27.5,27.6,656.426318768710585,815.996859038499603,0,0,0,0,159.571,0,0,1.82255e-07,0,0,
27.6,27.7,657.998429408429925,819.172680270177033,0,0,0,0,161.174,0,0,1.84754e-07,0,0,
27.7,27.8,659.586340022750547,822.380419035864974,0,0,0,0,162.794,0,0,1.87285e-07,0,0,
27.8,27.9,661.190209404057106,825.620396112113157,0,0,0,0,164.43,0,0,1.89847e-07,0,0,
27.9,28,662.810197940624232,828.892935499329261,0,0,0,0,166.083,0,0,1.92443e-07,0,0,
28,28.1,664.446467632655523,832.198364454179186,0,0,0,0,167.752,0,0,1.95071e-07,0,0,
28.1,28.2,666.099182108483686,835.537013522313011,0,0,0,0,169.438,0,0,1.97732e-07,0,0,
28.2,28.3,667.768506640933521,838.909216571419812,0,0,0,0,171.141,0,0,2.00428e-07,0,0,
28.3,28.4,669.454608163849321,842.315310824614742,0,0,0,0,172.861,0,0,2.03158e-07,0,0,
28.4,28.5,671.157655288788418,845.75563689416159,0,0,0,0,174.598,0,0,2.05922e-07,0,0,
28.5,28.6,672.877818321882453,849.230538815534322,0,0,0,0,176.353,0,0,2.08721e-07,0,0,
28.6,28.7,674.615269280868147,852.7403640818209,0,0,0,0,178.125,0,0,2.11556e-07,0,0,
28.7,28.8,676.370181912289216,856.285463678472879,0,0,0,0,179.915,0,0,2.14427e-07,0,0,
28.8,28.9,678.142731708871192,859.866192118404226,0,0,0,0,181.723,0,0,2.17334e-07,0,0,
28.9,29,679.933095927070784,863.482907477442966,0,0,0,0,183.55,0,0,2.20278e-07,0,0,
29,29.1,681.741453604801736,867.13597143013899,0,0,0,0,185.395,0,0,2.23259e-07,0,0,
29.1,29.2,683.567985579338736,870.825749285931855,0,0,0,0,187.258,0,0,2.26277e-07,0,0,
29.2,29.3,685.412874505401287,874.55261002568203,0,0,0,0,189.14,0,0,2.29334e-07,0,0,
29.3,29.4,687.276304873419336,878.31692633856929,0,0,0,0,191.041,0,0,2.3243e-07,0,0,
29.4,29.5,689.158463027982491,882.119074659361925,0,0,0,0,192.961,0,0,2.35564e-07,0,0,
29.5,29.6,691.059537186474618,885.959435206060538,0,0,0,0,194.9,0,0,2.38738e-07,0,0,
29.6,29.7,692.979717457895743,889.83839201792017,0,0,0,0,196.859,0,0,2.41952e-07,0,0,
29.7,29.8,694.919195861873082,893.756332993854563,0,0,0,0,198.837,0,0,2.45206e-07,0,0,
29.8,29.9,696.878166347863204,897.713649931226338,0,0,0,0,200.835,0,0,2.48502e-07,0,0,
29.9,30,698.856824814547139,901.710738565027057,0,0,0,0,202.854,0,0,2.51839e-07,0,0,
30,30.1,700.855369129420366,905.747998607451097,0,0,0,0,204.893,0,0,2.55218e-07,0,0,
30.1,30.2,702.873999148579769,909.825833787867157,0,0,0,0,206.952,0,0,2.58639e-07,0,0,
30.2,30.3,704.912916736709387,913.94465189319156,0,0,0,0,209.032,0,0,2.62104e-07,0,0,
30.3,30.4,706.972325787267065,918.10486480866727,0,0,0,0,211.133,0,0,2.65611e-07,0,0,
30.4,30.5,709.05243224287398,922.306888559052749,0,0,0,0,213.254,0,0,2.69163e-07,0,0,
30.5,30.6,711.153444115909047,926.551143350224808,0,0,0,0,215.398,0,0,2.7276e-07,0,0,
30.6,30.7,713.275571509310343,930.83805361119953,0,0,0,0,217.562,0,0,2.76402e-07,0,0,
30.7,30.8,715.419026637585573,935.16804803657553,0,0,0,0,219.749,0,0,2.80089e-07,0,0,
30.8,30.9,717.584023848033724,939.541559629403748,0,0,0,0,221.958,0,0,2.83822e-07,0,0,
30.9,31,719.770779642179932,943.959025744488148,0,0,0,0,224.188,0,0,2.87602e-07,0,0,
31,31.1,721.979512697425842,948.420888132121547,0,0,0,0,226.441,0,0,2.9143e-07,0,0,
31.1,31.2,724.210443888917531,952.927592982261003,0,0,0,0,228.717,0,0,2.95305e-07,0,0,
31.2,31.3,726.46379631163316,957.479590969147235,0,0,0,0,231.016,0,0,2.99229e-07,0,0,
31.3,31.4,728.739795302692759,962.077337296372317,0,0,0,0,233.338,0,0,3.03202e-07,0,0,
31.4,31.5,731.038668463892009,966.721291742400536,0,0,0,0,235.683,0,0,3.07225e-07,0,0,
31.5,31.6,733.360645684462675,971.411918706546561,0,0,0,0,238.051,0,0,3.11297e-07,0,0,
31.6,31.7,735.705959164061754,976.14968725541572,0,0,0,0,240.444,0,0,3.15421e-07,0,0,
31.7,31.8,738.074843435991548,980.935071169811149,0,0,0,0,242.86,0,0,3.19596e-07,0,0,
31.8,31.9,740.467535390653219,985.768548992112228,0,0,0,0,245.301,0,0,3.23823e-07,0,0,
31.9,32,742.884274299236107,990.650604074129141,0,0,0,0,247.766,0,0,3.28103e-07,0,0,
32,32.1,745.325301837644928,995.58172462543858,0,0,0,0,250.256,0,0,3.32436e-07,0,0,
32.1,32.2,747.790862110667632,1000.562403762205047,0,0,0,0,252.772,0,0,3.36823e-07,0,0,
32.2,32.3,750.281201676386091,1005.593139556492867,0,0,0,0,255.312,0,0,3.41265e-07,0,0,
32.3,32.4,752.796569570832088,1010.674435086073843,0,0,0,0,257.878,0,0,3.45762e-07,0,0,
32.4,32.5,755.337217332891101,1015.806798484735472,0,0,0,0,260.47,0,0,3.50314e-07,0,0,
32.5,32.6,757.903399029456486,1020.99074299309467,0,0,0,0,263.087,0,0,3.54924e-07,0,0,
32.6,32.7,760.49537128083629,1026.226787009922341,0,0,0,0,265.731,0,0,3.59591e-07,0,0,
32.7,32.8,763.113393286415561,1031.515454143983626,0,0,0,0,268.402,0,0,3.64315e-07,0,0,
32.8,32.9,765.75772685057646,1036.857273266399259,0,0,0,0,271.1,0,0,3.69099e-07,0,0,
32.9,33,768.428636408878924,1042.252778563533112,0,0,0,0,273.824,0,0,3.73941e-07,0,0,
33,33.1,771.12638905450445,1047.702509590411263,0,0,0,0,276.576,0,0,3.78844e-07,0,0,
33.1,33.2,773.851254564965666,1053.207011324677929,0,0,0,0,279.356,0,0,3.83807e-07,0,0,
33.2,33.3,776.603505429084231,1058.766834221093753,0,0,0,0,282.163,0,0,3.88832e-07,0,0,
33.3,33.4,779.383416874240034,1064.382534266581651,0,0,0,0,284.999,0,0,3.9392e-07,0,0,
33.4,33.5,782.191266893894097,1070.05467303582603,0,0,0,0,287.863,0,0,3.9907e-07,0,0,
33.5,33.6,785.027336275388152,1075.783817747430732,0,0,0,0,290.756,0,0,4.04284e-07,0,0,
33.6,33.7,787.891908628023673,1081.570541320641293,0,0,0,0,293.679,0,0,4.09562e-07,0,0,
33.7,33.8,790.785270411422973,1087.415422432637422,0,0,0,0,296.63,0,0,4.14906e-07,0,0,
33.8,33.9,793.707710964175428,1093.319045576401178,0,0,0,0,299.611,0,0,4.20316e-07,0,0,
33.9,34,796.659522532771606,1099.282001119166721,0,0,0,0,302.622,0,0,4.25792e-07,0,0,
34,34.1,799.641000300828093,1105.304885361457599,0,0,0,0,305.664,0,0,4.31336e-07,0,0,
34.1,34.2,802.652442418606188,1111.388300596717209,0,0,0,0,308.736,0,0,4.36949e-07,0,0,
34.2,34.3,805.694150032827108,1117.53285517153871,0,0,0,0,311.839,0,0,4.42631e-07,0,0,
34.3,34.4,808.766427316786929,1123.739163546500175,0,0,0,0,314.973,0,0,4.48383e-07,0,0,
34.4,34.5,811.869581500774176,1130.007846357611151,0,0,0,0,318.138,0,0,4.54206e-07,0,0,
34.5,34.6,815.003922902793135,1136.339530478376754,0,0,0,0,321.336,0,0,4.601e-07,0,0,
34.6,34.7,818.169764959595837,1142.734849082485611,0,0,0,0,324.565,0,0,4.66067e-07,0,0,
34.7,34.8,821.367424258026077,1149.19444170712768,0,0,0,0,327.827,0,0,4.72108e-07,0,0,
34.8,34.9,824.597220566678332,1155.718954316948527,0,0,0,0,331.122,0,0,4.78223e-07,0,0,
34.9,35,827.859476867874837,1162.309039368646384,0,0,0,0,334.45,0,0,4.84413e-07,0,0,
35,35.1,831.154519389964157,1168.965355876218286,0,0,0,0,337.811,0,0,4.9068e-07,0,0,
35.1,35.2,834.482677639944289,1175.688569476862031,0,0,0,0,341.206,0,0,4.97023e-07,0,0,
35.2,35.3,837.844284436413588,1182.479352497540496,0,0,0,0,344.635,0,0,5.03444e-07,0,0,
35.3,35.4,841.239675942852934,1189.33838402221487,0,0,0,0,348.099,0,0,5.09945e-07,0,0,
35.4,35.5,844.669191701242344,1196.266349959753629,0,0,0,0,351.597,0,0,5.16525e-07,0,0,
35.5,35.6,848.133174666015491,1203.263943112523955,0,0,0,0,355.131,0,0,5.23185e-07,0,0,
35.6,35.7,851.6319712383554,1210.33186324567259,0,0,0,0,358.7,0,0,5.29928e-07,0,0,
35.7,35.8,855.165931300834848,1217.470817157102928,0,0,0,0,362.305,0,0,5.36753e-07,0,0,
35.8,35.9,858.73540825240495,1224.681518748155375,0,0,0,0,365.946,0,0,5.43662e-07,0,0,
35.9,36,862.340759043735322,1231.964689094998086,0,0,0,0,369.624,0,0,5.50655e-07,0,0,
36,36.1,865.982344212909414,1239.321056520735229,0,0,0,0,373.339,0,0,5.57734e-07,0,0,
36.1,36.2,869.660527921478703,1246.751356668239808,0,0,0,0,377.091,0,0,5.649e-07,0,0,
36.2,36.3,873.37567799087911,1254.256332573718609,0,0,0,0,380.881,0,0,5.72154e-07,0,0,
36.3,36.4,877.12816593921338,1261.836734741016515,0,0,0,0,384.709,0,0,5.79496e-07,0,0,
36.4,36.5,880.918367018403336,1269.49332121666737,0,0,0,0,388.575,0,0,5.86928e-07,0,0,
36.5,36.6,884.746660251715258,1277.226857665699401,0,0,0,0,392.48,0,0,5.94451e-07,0,0,
36.6,36.7,888.613428471662587,1285.038117448202293,0,0,0,0,396.425,0,0,6.02066e-07,0,0,
36.7,36.8,892.519058358289551,1292.927881696663784,0,0,0,0,400.409,0,0,6.09773e-07,0,0,
36.8,36.9,896.463940477839346,1300.896939394083715,0,0,0,0,404.433,0,0,6.17575e-07,0,0,
36.9,37,900.448469321811198,1308.946087452872876,0,0,0,0,408.498,0,0,6.25473e-07,0,0,
37,37.1,904.473043346409859,1317.076130794544886,0,0,0,0,412.603,0,0,6.33466e-07,0,0,
37.1,37.2,908.538065012391449,1325.287882430209136,0,0,0,0,416.75,0,0,6.41557e-07,0,0,
37.2,37.3,912.643940825309978,1333.582163541872458,0,0,0,0,420.938,0,0,6.49747e-07,0,0,
37.3,37.4,916.791081376168147,1341.95980356455811,0,0,0,0,425.169,0,0,6.58036e-07,0,0,
37.4,37.5,920.979901382476897,1350.421640269249855,0,0,0,0,429.442,0,0,6.66427e-07,0,0,
37.5,37.6,925.210819729727381,1358.968519846669891,0,0,0,0,433.758,0,0,6.7492e-07,0,0,
37.6,37.7,929.484259513279962,1367.601296991898524,0,0,0,0,438.117,0,0,6.83516e-07,0,0,
37.7,37.8,933.80064808067408,1376.320834989844408,0,0,0,0,442.52,0,0,6.92216e-07,0,0,
37.8,37.9,938.160417074363312,1385.128005801573807,0,0,0,0,446.968,0,0,7.01023e-07,0,0,
37.9,38,942.564002474880053,1394.023690151507357,0,0,0,0,451.46,0,0,7.09936e-07,0,0,
38,38.1,947.011844644433857,1403.008777615493311,0,0,0,0,455.997,0,0,7.18958e-07,0,0,
38.1,38.2,951.504388370948041,1412.084166709765851,0,0,0,0,460.58,0,0,7.2809e-07,0,0,
38.2,38.3,956.04208291253896,1421.250764980797349,0,0,0,0,465.209,0,0,7.37333e-07,0,0,
38.3,38.4,960.625382042442003,1430.509489096053961,0,0,0,0,469.884,0,0,7.46687e-07,0,0,
38.4,38.5,965.254744094389392,1439.861264935663041,0,0,0,0,474.607,0,0,7.56156e-07,0,0,
38.5,38.6,969.930632008444038,1449.307027685001818,0,0,0,0,479.376,0,0,7.65739e-07,0,0,
38.6,38.7,974.653513377293758,1458.847721928216898,0,0,0,0,484.194,0,0,7.75439e-07,0,0,
38.7,38.8,979.42386049301105,1468.484301742683343,0,0,0,0,489.06,0,0,7.85256e-07,0,0,
38.8,38.9,984.242150394282623,1478.217730794413274,0,0,0,0,493.976,0,0,7.95193e-07,0,0,
38.9,39,989.108864914113684,1488.048982434423258,0,0,0,0,498.94,0,0,8.0525e-07,0,0,
39,39.1,994.024490728011693,1497.979039796070165,0,0,0,0,503.955,0,0,8.15428e-07,0,0,
39.1,39.2,998.989519402654194,1508.008895893365451,0,0,0,0,509.019,0,0,8.2573e-07,0,0,
39.2,39.3,1004.004447445046066,1518.139553720277208,0,0,0,0,514.135,0,0,8.36156e-07,0,0,
39.3,39.4,1009.069776352170461,1528.372026351030581,0,0,0,0,519.302,0,0,8.46709e-07,0,0,
39.4,39.5,1014.186012661139083,1538.707337041415863,0,0,0,0,524.521,0,0,8.57389e-07,0,0,
39.5,39.6,1019.353667999846161,1549.146519331115093,0,0,0,0,529.793,0,0,8.68199e-07,0,0,
39.6,39.7,1024.573259138131793,1559.690617147056757,0,0,0,0,535.117,0,0,8.79139e-07,0,0,
39.7,39.8,1029.845308039459326,1570.34068490780938,0,0,0,0,540.495,0,0,8.90212e-07,0,0,
39.8,39.9,1035.170341913112096,1581.097787629024312,0,0,0,0,545.927,0,0,9.01418e-07,0,0,
39.9,40,1040.548893266914819,1591.963001029938147,0,0,0,0,551.414,0,0,9.12759e-07,0,0,
40,40.1,1045.981499960484828,1602.93741164094554,0,0,0,0,556.956,0,0,9.24237e-07,0,0,
40.1,40.2,1051.468705259018501,1614.022116912253132,0,0,0,0,562.553,0,0,9.35854e-07,0,0,
40.2,40.3,1057.01105788761818,1625.218225323625537,0,0,0,0,568.207,0,0,9.47611e-07,0,0,
40.3,40.4,1062.609112086165191,1636.526856495234191,0,0,0,0,573.918,0,0,9.5951e-07,0,0,
40.4,40.5,1068.263427664744266,1647.94914129962033,0,0,0,0,579.686,0,0,9.71553e-07,0,0,
40.5,40.6,1073.974570059624999,1659.486221974783203,0,0,0,0,585.512,0,0,9.8374e-07,0,0,
40.6,40.7,1079.74311038980597,1671.139252238404804,0,0,0,0,591.396,0,0,9.96074e-07,0,0,
40.7,40.8,1085.569625514127153,1682.909397403222562,0,0,0,0,597.34,0,0,1.00856e-06,0,0,
40.8,40.9,1091.454698088956242,1694.79783449356163,0,0,0,0,603.343,0,0,1.02119e-06,0,0,
40.9,41,1097.398916626454758,1706.805752363038313,0,0,0,0,609.407,0,0,1.03398e-06,0,0,
41,41.1,1103.402875553429758,1718.934351813446414,0,0,0,0,615.531,0,0,1.04691e-06,0,0,
41.1,41.2,1109.467175270777092,1731.184845714838339,0,0,0,0,621.718,0,0,1.06001e-06,0,0,
41.2,41.3,1115.59242221352187,1743.55845912681323,0,0,0,0,627.966,0,0,1.07326e-06,0,0,
41.3,41.4,1121.779228911462525,1756.056429421023896,0,0,0,0,634.277,0,0,1.08667e-06,0,0,
41.4,41.5,1128.02821405042436,1768.680006404914948,0,0,0,0,640.652,0,0,1.10025e-06,0,0,
41.5,41.6,1134.34000253412858,1781.430452446704655,0,0,0,0,647.09,0,0,1.11398e-06,0,0,
41.6,41.7,1140.715225546683146,1794.309042601622854,0,0,0,0,653.594,0,0,1.12788e-06,0,0,
41.7,41.8,1147.154520615701803,1807.317064739417445,0,0,0,0,660.163,0,0,1.14195e-06,0,0,
41.8,41.9,1153.658531676057352,1820.455819673142463,0,0,0,0,666.797,0,0,1.15619e-06,0,0,
41.9,42,1160.227909134275609,1833.726621289240524,0,0,0,0,673.499,0,0,1.17059e-06,0,0,
42,42.1,1166.863309933576695,1847.130796678932479,0,0,0,0,680.267,0,0,1.18517e-06,0,0,
42.1,42.2,1173.565397619569823,1860.669686270927715,0,0,0,0,687.104,0,0,1.19993e-06,0,0,
42.2,42.3,1180.334842406608489,1874.344643965468075,0,0,0,0,694.01,0,0,1.21486e-06,0,0,
42.3,42.4,1187.172321244812359,1888.157037269719109,0,0,0,0,700.985,0,0,1.22997e-06,0,0,
42.4,42.5,1194.078517887762975,1902.108247434521806,0,0,0,0,708.03,0,0,1.24526e-06,0,0,
42.5,42.6,1201.054122960879545,1916.199669592518964,0,0,0,0,715.146,0,0,1.26074e-06,0,0,
42.6,42.7,1208.099834030482151,1930.432712897669526,0,0,0,0,722.333,0,0,1.2764e-06,0,0,
42.7,42.8,1215.216355673548981,1944.808800666165138,0,0,0,0,729.592,0,0,1.29224e-06,0,0,
42.8,42.9,1222.404399548174586,1959.329370518762969,0,0,0,0,736.925,0,0,1.30828e-06,0,0,
42.9,43,1229.664684464736184,1973.995874524549099,0,0,0,0,744.331,0,0,1.32451e-06,0,0,
43,43.1,1236.997936457775488,1988.809779346146434,0,0,0,0,751.812,0,0,1.34093e-06,0,0,
43.1,43.2,1244.4048888586026,2003.772566386382361,0,0,0,0,759.368,0,0,1.35755e-06,0,0,
43.2,43.3,1251.886282368629847,2018.885731936430174,0,0,0,0,766.999,0,0,1.37437e-06,0,0,
43.3,43.4,1259.442865133442494,2034.150787325439476,0,0,0,0,774.708,0,0,1.39139e-06,0,0,
43.4,43.5,1267.075392817613904,2049.569259071670383,0,0,0,0,782.494,0,0,1.40861e-06,0,0,
43.5,43.6,1274.784628680272703,2065.14268903514654,0,0,0,0,790.358,0,0,1.42604e-06,0,0,
43.6,43.7,1282.571343651429315,2080.872634571842423,0,0,0,0,798.301,0,0,1.44367e-06,0,0,
43.7,43.8,1290.436316409069529,2096.760668689420311,0,0,0,0,806.324,0,0,1.46152e-06,0,0,
43.8,43.9,1298.380333457023045,2112.808380204532266,0,0,0,0,814.428,0,0,1.47958e-06,0,0,
43.9,44,1306.40418920361436,2129.017373901703272,0,0,0,0,822.613,0,0,1.49785e-06,0,0,
44,44.1,1314.508686041104417,2145.38927069381087,0,0,0,0,830.881,0,0,1.51634e-06,0,0,
44.1,44.2,1322.694634425930505,2161.925707784177795,0,0,0,0,839.231,0,0,1.53506e-06,0,0,
44.2,44.3,1330.962852959752508,2178.62833883029374,0,0,0,0,847.665,0,0,1.55399e-06,0,0,
44.3,44.4,1339.31416847131367,2195.498834109182566,0,0,0,0,856.185,0,0,1.57315e-06,0,0,
44.4,44.5,1347.749416099124383,2212.538880684431171,0,0,0,0,864.789,0,0,1.59254e-06,0,0,
44.5,44.6,1356.269439374976447,2229.750182574897546,0,0,0,0,873.481,0,0,1.61216e-06,0,0,
44.6,44.7,1364.875090308297279,2247.134460925113749,0,0,0,0,882.259,0,0,1.63202e-06,0,0,
44.7,44.8,1373.567229471351289,2264.693454177402069,0,0,0,0,891.126,0,0,1.65211e-06,0,0,
44.8,44.9,1382.346726085297954,2282.428918245720584,0,0,0,0,900.082,0,0,1.67244e-06,0,0,
44.9,45,1391.214458107114715,2300.34262669125595,0,0,0,0,909.128,0,0,1.69301e-06,0,0,
45,45.1,1400.1713123173932,2318.436370899781221,0,0,0,0,918.265,0,0,1.71382e-06,0,0,
45.1,45.2,1409.218184409018152,2336.711960260795773,0,0,0,0,927.494,0,0,1.73488e-06,0,0,
45.2,45.3,1418.355979076737553,2355.171222348465682,0,0,0,0,936.815,0,0,1.7562e-06,0,0,
45.3,45.4,1427.585610107632727,2373.81600310438279,0,0,0,0,946.23,0,0,1.77776e-06,0,0,
45.4,45.5,1436.908000472497853,2392.648167022160352,0,0,0,0,955.74,0,0,1.79958e-06,0,0,
45.5,45.6,1446.324082418137757,2411.669597333884016,0,0,0,0,965.346,0,0,1.82167e-06,0,0,
45.6,45.7,1455.834797560593478,2430.882196198436482,0,0,0,0,975.047,0,0,1.84401e-06,0,0,
45.7,45.8,1465.44109697930451,2450.287884891715137,0,0,0,0,984.847,0,0,1.86662e-06,0,0,
45.8,45.9,1475.143941312217689,2469.88860399876108,0,0,0,0,994.745,0,0,1.88949e-06,0,0,
45.9,46,1484.944300851851751,2489.686313607819287,0,0,0,0,1004.74,0,0,1.91264e-06,0,0,
46,46.1,1494.843155642327307,2509.682993506349162,0,0,0,0,1014.84,0,0,1.93606e-06,0,0,
46.1,46.2,1504.841495577372094,2529.880643379004894,0,0,0,0,1025.04,0,0,1.95976e-06,0,0,
46.2,46.3,1514.940320499311306,2550.281283007605471,0,0,0,0,1035.34,0,0,1.98374e-06,0,0,
46.3,46.4,1525.140640299052525,2570.886952473114669,0,0,0,0,1045.75,0,0,2.00801e-06,0,0,
46.4,46.5,1535.443475017075613,2591.699712359650897,0,0,0,0,1056.26,0,0,2.03256e-06,0,0,
46.5,46.6,1545.849854945437796,2612.721643960547132,0,0,0,0,1066.87,0,0,2.0574e-06,0,0,
46.6,46.7,1556.360820730803529,2633.954849486482196,0,0,0,0,1077.59,0,0,2.08254e-06,0,0,
46.7,46.8,1566.977423478510219,2655.401452275703375,0,0,0,0,1088.42,0,0,2.10797e-06,0,0,
46.8,46.9,1577.700724857679435,2677.063597006362221,0,0,0,0,1099.36,0,0,2.13371e-06,0,0,
46.9,47,1588.531797207384827,2698.94344991098403,0,0,0,0,1110.41,0,0,2.15975e-06,0,0,
47,47.1,1599.471723643886967,2721.043198993092858,0,0,0,0,1121.57,0,0,2.1861e-06,0,0,
47.1,47.2,1610.521598168945744,2743.365054246013833,0,0,0,0,1132.84,0,0,2.21275e-06,0,0,
47.2,47.3,1621.682525779221566,2765.911247873874214,0,0,0,0,1144.23,0,0,2.23973e-06,0,0,
47.3,47.4,1632.955622576775883,2788.684034514825726,0,0,0,0,1155.73,0,0,2.26702e-06,0,0,
47.4,47.5,1644.34201588068232,2811.685691466510261,0,0,0,0,1167.34,0,0,2.29464e-06,0,0,
47.5,47.6,1655.842844339759596,2834.918518913791464,0,0,0,0,1179.08,0,0,2.32258e-06,0,0,
47.6,47.7,1667.459258046437287,2858.384840158775204,0,0,0,0,1190.93,0,0,2.35085e-06,0,0,
47.7,47.8,1679.192418651766029,2882.087001853141723,0,0,0,0,1202.89,0,0,2.37945e-06,0,0,
47.8,47.9,1691.043499481583607,2906.027374232812741,0,0,0,0,1214.98,0,0,2.40839e-06,0,0,
47.9,48,1703.013685653848609,2930.208351354976929,0,0,0,0,1227.19,0,0,2.43768e-06,0,0,
48,48.1,1715.104174197152992,2954.632351337497843,0,0,0,0,1239.53,0,0,2.46731e-06,0,0,
48.1,48.2,1727.316174170426139,2979.301816600727528,0,0,0,0,1251.99,0,0,2.49728e-06,0,0,
48.2,48.3,1739.650906783841645,3004.219214111750695,0,0,0,0,1264.57,0,0,2.52762e-06,0,0,
48.3,48.4,1752.10960552093941,3029.387035631083436,0,0,0,0,1277.28,0,0,2.5583e-06,0,0,
48.4,48.5,1764.69351626197503,3054.807797961851335,0,0,0,0,1290.11,0,0,2.58935e-06,0,0,
48.5,48.6,1777.403897408508785,3080.484043201471961,0,0,0,0,1303.08,0,0,2.62077e-06,0,0,
48.6,48.7,1790.242020009246939,3106.41833899586663,0,0,0,0,1316.18,0,0,2.65256e-06,0,0,
48.7,48.8,1803.209167887147588,3132.613278796227214,0,0,0,0,1329.4,0,0,2.68472e-06,0,0,
48.8,48.9,1816.30663776780408,3159.071482118363376,0,0,0,0,1342.76,0,0,2.71726e-06,0,0,
48.9,49,1829.535739409118558,3185.795594804656424,0,0,0,0,1356.26,0,0,2.75018e-06,0,0,
49,49.1,1842.897795732279055,3212.788289288645542,0,0,0,0,1369.89,0,0,2.78349e-06,0,0,
49.1,49.2,1856.394142954052611,3240.052264862273478,0,0,0,0,1383.66,0,0,2.81719e-06,0,0,
49.2,49.3,1870.026130720407821,3267.590247945818227,0,0,0,0,1397.56,0,0,2.85128e-06,0,0,
49.3,49.4,1883.795122241480872,3295.404992360537018,0,0,0,0,1411.61,0,0,2.88578e-06,0,0,
49.4,49.5,1897.702494427897651,3323.499279604050771,0,0,0,0,1425.8,0,0,2.92068e-06,0,0,
49.5,49.6,1911.749638028465834,3351.875919128496305,0,0,0,0,1440.13,0,0,2.956e-06,0,0,
49.6,49.7,1925.937957769251021,3380.537748621473792,0,0,0,0,1454.6,0,0,2.99172e-06,0,0,
49.7,49.8,1940.268872494050462,3409.487634289817937,0,0,0,0,1469.22,0,0,3.02787e-06,0,0,
49.8,49.9,1954.743815306278562,3438.728471146221104,0,0,0,0,1483.98,0,0,3.06444e-06,0,0,
49.9,50,1969.364233712278603,3468.263183298736814,0,0,0,0,1498.9,0,0,3.10145e-06,0,0,
