0,0,10,10.199999999999999,0,0,0,0,0,0,0,0,0,0,0,0,0,0,0,0,0,0,0,0,0,0,0,0,0,0,0,0,0,0,0,0,0,0,0,0,0,0,0.2,0,0,0,0,0,0,0,0,0,0,0,0,0,0,0,0,0,0,0,0,0,0,0,0,0,0,0,0,0,0,0,0,0,0,0,0,0,0,0,
0,0.1,9.95095,10.199999999999999,0,0,0,0,0,0,0,0,0,0,0,0,0,0,0,0,0,0,0,0,0,0,0,0,0,0,0,0,0,0,0,0,0,0,0,0,0,0,0.24905,0,0,0,0,0,0,0,0,0,0,0,0,0,0,0,0,0,0,0,7.34684e-40,0,0,0,0,0,0,0,0,0,0,0,0,0,0,0,0,0,0,0,
0.1,0.2,9.8038,10.150949999999999,0,0,0,0,0,0,0,0,0,0,0,0,0,0,0,0,0,0,0,0,0,0,0,0,0,0,0,0,0,0,0,0,0,0,0,0,0,0,0.34715,0,0,0,0,0,0,0,0,0,0,0,0,0,0,0,0,0,0,0,2.05712e-39,0,0,0,0,0,0,0,0,0,0,0,0,0,0,0,0,0,0,0,
0.2,0.3,9.55855,10.003799999999999,0,0,0,0,0,0,0,0,0,0,0,0,0,0,0,0,0,0,0,0,0,0,0,0,0,0,0,0,0,0,0,0,0,0,0,0,0,0,0.44525,0,0,0,0,0,0,0,0,0,0,0,0,0,0,0,0,0,0,0,9.74191e-38,0,0,0,0,0,0,0,0,0,0,0,0,0,0,0,0,0,0,0,
0.3,0.4,9.2152,9.758549999999999,0,0,0,0,0,0,0,0,0,0,0,0,0,0,0,0,0,0,0,0,0,0,0,0,0,0,0,0,0,0,0,0,0,0,0,0,0,0,0.54335,0,0,0,0,0,0,0,0,0,0,0,0,0,0,0,0,0,0,0,1.92781e-37,0,0,0,0,0,0,0,0,0,0,0,0,0,0,0,0,0,0,0,
0.4,0.5,8.77375,9.415199999999999,0,0,0,0,0,0,0,0,0,0,0,0,0,0,0,0,0,0,0,0,0,0,0,0,0,0,0,0,0,0,0,0,0,0,0,0,0,0,0.64145,0,0,0,0,0,0,0,0,0,0,0,0,0,0,0,0,0,0,0,2.88731e-37,0,0,0,0,0,0,0,0,0,0,0,0,0,0,0,0,0,0,0,
0.5,0.6,8.2342,8.973749999999999,0,0,0,0,0,0,0,0,0,0,0,0,0,0,0,0,0,0,0,0,0,0,0,0,0,0,0,0,0,0,0,0,0,0,0,0,0,0,0.73955,0,0,0,0,0,0,0,0,0,0,0,0,0,0,0,0,0,0,0,3.84093e-37,0,0,0,0,0,0,0,0,0,0,0,0,0,0,0,0,0,0,0,
0.6,0.7,7.59655,8.434199999999999,0,0,0,0,0,0,0,0,0,0,0,0,0,0,0,0,0,0,0,0,0,0,0,0,0,0,0,0,0,0,0,0,0,0,0,0,0,0,0.83765,0,0,0,0,0,0,0,0,0,0,0,0,0,0,0,0,0,0,0,4.79455e-37,0,0,0,0,0,0,0,0,0,0,0,0,0,0,0,0,0,0,0,
0.7,0.8,6.860799999999999,7.796549999999999,0,0,0,0,0,0,0,0,0,0,0,0,0,0,0,0,0,0,0,0,0,0,0,0,0,0,0,0,0,0,0,0,0,0,0,0,0,0,0.93575,0,0,0,0,0,0,0,0,0,0,0,0,0,0,0,0,0,0,0,5.74817e-37,0,0,0,0,0,0,0,0,0,0,0,0,0,0,0,0,0,0,0,
0.8,0.9,6.026949999999999,7.060799999999999,0,0,0,0,0,0,0,0,0,0,0,0,0,0,0,0,0,0,0,0,0,0,0,0,0,0,0,0,0,0,0,0,0,0,0,0,0,0,1.03385,0,0,0,0,0,0,0,0,0,0,0,0,0,0,0,0,0,0,0,6.23159e-37,0,0,0,0,0,0,0,0,0,0,0,0,0,0,0,0,0,0,0,
0.9,1,5.094999999999999,6.226949999999999,0,0,0,0,0,0,0,0,0,0,0,0,0,0,0,0,0,0,0,0,0,0,0,0,0,0,0,0,0,0,0,0,0,0,0,0,0,0,1.13195,0,0,0,0,0,0,0,0,0,0,0,0,0,0,0,0,0,0,0,6.72089e-37,0,0,0,0,0,0,0,0,0,0,0,0,0,0,0,0,0,0,0,
1,1.1,4.064949999999999,5.294999999999998,0,0,0,0,0,0,0,0,0,0,0,0,0,0,0,0,0,0,0,0,0,0,0,0,0,0,0,0,0,0,0,0,0,0,0,0,0,0,1.23005,0,0,0,0,0,0,0,0,0,0,0,0,0,0,0,0,0,0,0,7.20431e-37,0,0,0,0,0,0,0,0,0,0,0,0,0,0,0,0,0,0,0,
1.1,1.2,2.936799999999999,4.264949999999998,0,0,0,0,0,0,0,0,0,0,0,0,0,0,0,0,0,0,0,0,0,0,0,0,0,0,0,0,0,0,0,0,0,0,0,0,0,0,1.32815,0,0,0,0,0,0,0,0,0,0,0,0,0,0,0,0,0,0,0,7.68773e-37,0,0,0,0,0,0,0,0,0,0,0,0,0,0,0,0,0,0,0,
1.2,1.3,1.710549999999999,3.136799999999998,0,0,0,0,0,0,0,0,0,0,0,0,0,0,0,0,0,0,0,0,0,0,0,0,0,0,0,0,0,0,0,0,0,0,0,0,0,0,1.42625,0,0,0,0,0,0,0,0,0,0,0,0,0,0,0,0,0,0,0,8.17116e-37,0,0,0,0,0,0,0,0,0,0,0,0,0,0,0,0,0,0,0,
1.3,1.4,0.386199999999998,1.910549999999998,0,0,0,0,0,0,0,0,0,0,0,0,0,0,0,0,0,0,0,0,0,0,0,0,0,0,0,0,0,0,0,0,0,0,0,0,0,0,1.52435,0,0,0,0,0,0,0,0,0,0,0,0,0,0,0,0,0,0,0,8.41948e-37,0,0,0,0,0,0,0,0,0,0,0,0,0,0,0,0,0,0,0,
1.4,1.5,-1.036250000000002,0.586199999999998,0,0,0,0,0,0,0,0,0,0,0,0,0,0,0,0,0,0,0,0,0,0,0,0,0,0,0,0,0,0,0,0,0,0,0,0,0,0,1.62245,0,0,0,0,0,0,0,0,0,0,0,0,0,0,0,0,0,0,0,8.55613e-37,0,0,0,0,0,0,0,0,0,0,0,0,0,0,0,0,0,0,0,
1.5,1.6,-2.556800000000002,-0.836250000000003,0,0,0,0,0,0,0,0,0,0,0,0,0,0,0,0,0,0,0,0,0,0,0,0,0,0,0,0,0,0,0,0,0,0,0,0,0,0,1.72055,0,0,0,0,0,0,0,0,0,0,0,0,0,0,0,0,0,0,0,8.62813e-37,0,0,0,0,0,0,0,0,0,0,0,0,0,0,0,0,0,0,0,
1.6,1.7,-4.175450000000002,-2.356800000000003,0,0,0,0,0,0,0,0,0,0,0,0,0,0,0,0,0,0,0,0,0,0,0,0,0,0,0,0,0,0,0,0,0,0,0,0,0,0,1.81865,0,0,0,0,0,0,0,0,0,0,0,0,0,0,0,0,0,0,0,8.87645e-37,0,0,0,0,0,0,0,0,0,0,0,0,0,0,0,0,0,0,0,
1.7,1.8,-5.892200000000003,-3.975450000000003,0,0,0,0,0,0,0,0,0,0,0,0,0,0,0,0,0,0,0,0,0,0,0,0,0,0,0,0,0,0,0,0,0,0,0,0,0,0,1.91675,0,0,0,0,0,0,0,0,0,0,0,0,0,0,0,0,0,0,0,9.35987e-37,0,0,0,0,0,0,0,0,0,0,0,0,0,0,0,0,0,0,0,
1.8,1.9,-7.707050000000003,-5.692200000000003,0,0,0,0,0,0,0,0,0,0,0,0,0,0,0,0,0,0,0,0,0,0,0,0,0,0,0,0,0,0,0,0,0,0,0,0,0,0,2.01485,0,0,0,0,0,0,0,0,0,0,0,0,0,0,0,0,0,0,0,9.8433e-37,0,0,0,0,0,0,0,0,0,0,0,0,0,0,0,0,0,0,0,
1.9,2,-9.620000000000003,-7.507050000000004,0,0,0,0,0,0,0,0,0,0,0,0,0,0,0,0,0,0,0,0,0,0,0,0,0,0,0,0,0,0,0,0,0,0,0,0,0,0,2.11295,0,0,0,0,0,0,0,0,0,0,0,0,0,0,0,0,0,0,0,1.03326e-36,0,0,0,0,0,0,0,0,0,0,0,0,0,0,0,0,0,0,0,
2,2.1,-11.631050000000004,-9.420000000000004,0,0,0,0,0,0,0,0,0,0,0,0,0,0,0,0,0,0,0,0,0,0,0,0,0,0,0,0,0,0,0,0,0,0,0,0,0,0,2.21105,0,0,0,0,0,0,0,0,0,0,0,0,0,0,0,0,0,0,0,1.12862e-36,0,0,0,0,0,0,0,0,0,0,0,0,0,0,0,0,0,0,0,
2.1,2.2,-13.740200000000004,-11.431050000000004,0,0,0,0,0,0,0,0,0,0,0,0,0,0,0,0,0,0,0,0,0,0,0,0,0,0,0,0,0,0,0,0,0,0,0,0,0,0,2.30915,0,0,0,0,0,0,0,0,0,0,0,0,0,0,0,0,0,0,0,1.22398e-36,0,0,0,0,0,0,0,0,0,0,0,0,0,0,0,0,0,0,0,
2.2,2.3,-15.947450000000004,-13.540200000000005,0,0,0,0,0,0,0,0,0,0,0,0,0,0,0,0,0,0,0,0,0,0,0,0,0,0,0,0,0,0,0,0,0,0,0,0,0,0,2.40725,0,0,0,0,0,0,0,0,0,0,0,0,0,0,0,0,0,0,0,1.31935e-36,0,0,0,0,0,0,0,0,0,0,0,0,0,0,0,0,0,0,0,
2.3,2.4,-18.252800000000005,-15.747450000000005,0,0,0,0,0,0,0,0,0,0,0,0,0,0,0,0,0,0,0,0,0,0,0,0,0,0,0,0,0,0,0,0,0,0,0,0,0,0,2.50535,0,0,0,0,0,0,0,0,0,0,0,0,0,0,0,0,0,0,0,1.41471e-36,0,0,0,0,0,0,0,0,0,0,0,0,0,0,0,0,0,0,0,
2.4,2.5,-20.656250000000005,-18.052800000000005,0,0,0,0,0,0,0,0,0,0,0,0,0,0,0,0,0,0,0,0,0,0,0,0,0,0,0,0,0,0,0,0,0,0,0,0,0,0,2.60345,0,0,0,0,0,0,0,0,0,0,0,0,0,0,0,0,0,0,0,1.6047e-36,0,0,0,0,0,0,0,0,0,0,0,0,0,0,0,0,0,0,0,
2.5,2.6,-23.157800000000005,-20.456250000000006,0,0,0,0,0,0,0,0,0,0,0,0,0,0,0,0,0,0,0,0,0,0,0,0,0,0,0,0,0,0,0,0,0,0,0,0,0,0,2.70155,0,0,0,0,0,0,0,0,0,0,0,0,0,0,0,0,0,0,0,1.7941e-36,0,0,0,0,0,0,0,0,0,0,0,0,0,0,0,0,0,0,0,
2.6,2.7,-25.757450000000006,-22.957800000000006,0,0,0,0,0,0,0,0,0,0,0,0,0,0,0,0,0,0,0,0,0,0,0,0,0,0,0,0,0,0,0,0,0,0,0,0,0,0,2.79965,0,0,0,0,0,0,0,0,0,0,0,0,0,0,0,0,0,0,0,1.9835e-36,0,0,0,0,0,0,0,0,0,0,0,0,0,0,0,0,0,0,0,
2.7,2.8,-28.455200000000006,-25.557450000000007,0,0,0,0,0,0,0,0,0,0,0,0,0,0,0,0,0,0,0,0,0,0,0,0,0,0,0,0,0,0,0,0,0,0,0,0,0,0,2.89775,0,0,0,0,0,0,0,0,0,0,0,0,0,0,0,0,0,0,0,2.1729e-36,0,0,0,0,0,0,0,0,0,0,0,0,0,0,0,0,0,0,0,
2.8,2.9,-31.251050000000007,-28.255200000000007,0,0,0,0,0,0,0,0,0,0,0,0,0,0,0,0,0,0,0,0,0,0,0,0,0,0,0,0,0,0,0,0,0,0,0,0,0,0,2.99585,0,0,0,0,0,0,0,0,0,0,0,0,0,0,0,0,0,0,0,2.3623e-36,0,0,0,0,0,0,0,0,0,0,0,0,0,0,0,0,0,0,0,
2.9,3,-34.145000000000007,-31.051050000000008,0,0,0,0,0,0,0,0,0,0,0,0,0,0,0,0,0,0,0,0,0,0,0,0,0,0,0,0,0,0,0,0,0,0,0,0,0,0,3.09395,0,0,0,0,0,0,0,0,0,0,0,0,0,0,0,0,0,0,0,2.55229e-36,0,0,0,0,0,0,0,0,0,0,0,0,0,0,0,0,0,0,0,
3,3.1,-37.137050000000008,-33.945000000000008,0,0,0,0,0,0,0,0,0,0,0,0,0,0,0,0,0,0,0,0,0,0,0,0,0,0,0,0,0,0,0,0,0,0,0,0,0,0,3.19205,0,0,0,0,0,0,0,0,0,0,0,0,0,0,0,0,0,0,0,2.92977e-36,0,0,0,0,0,0,0,0,0,0,0,0,0,0,0,0,0,0,0,
3.1,3.2,-40.227200000000008,-36.937050000000008,0,0,0,0,0,0,0,0,0,0,0,0,0,0,0,0,0,0,0,0,0,0,0,0,0,0,0,0,0,0,0,0,0,0,0,0,0,0,3.29015,0,0,0,0,0,0,0,0,0,0,0,0,0,0,0,0,0,0,0,3.30725e-36,0,0,0,0,0,0,0,0,0,0,0,0,0,0,0,0,0,0,0,
3.2,3.3,-43.415450000000009,-40.027200000000009,0,0,0,0,0,0,0,0,0,0,0,0,0,0,0,0,0,0,0,0,0,0,0,0,0,0,0,0,0,0,0,0,0,0,0,0,0,0,3.38825,0,0,0,0,0,0,0,0,0,0,0,0,0,0,0,0,0,0,0,3.68473e-36,0,0,0,0,0,0,0,0,0,0,0,0,0,0,0,0,0,0,0,
3.3,3.4,-46.701800000000009,-43.215450000000009,0,0,0,0,0,0,0,0,0,0,0,0,0,0,0,0,0,0,0,0,0,0,0,0,0,0,0,0,0,0,0,0,0,0,0,0,0,0,3.48635,0,0,0,0,0,0,0,0,0,0,0,0,0,0,0,0,0,0,0,4.06221e-36,0,0,0,0,0,0,0,0,0,0,0,0,0,0,0,0,0,0,0,
3.4,3.5,-50.08625000000001,-46.50180000000001,0,0,0,0,0,0,0,0,0,0,0,0,0,0,0,0,0,0,0,0,0,0,0,0,0,0,0,0,0,0,0,0,0,0,0,0,0,0,3.58445,0,0,0,0,0,0,0,0,0,0,0,0,0,0,0,0,0,0,0,4.44028e-36,0,0,0,0,0,0,0,0,0,0,0,0,0,0,0,0,0,0,0,
3.5,3.6,-53.56880000000001,-49.886250000000011,0,0,0,0,0,0,0,0,0,0,0,0,0,0,0,0,0,0,0,0,0,0,0,0,0,0,0,0,0,0,0,0,0,0,0,0,0,0,3.68255,0,0,0,0,0,0,0,0,0,0,0,0,0,0,0,0,0,0,0,4.81776e-36,0,0,0,0,0,0,0,0,0,0,0,0,0,0,0,0,0,0,0,
3.6,3.7,-57.149450000000011,-53.368800000000011,0,0,0,0,0,0,0,0,0,0,0,0,0,0,0,0,0,0,0,0,0,0,0,0,0,0,0,0,0,0,0,0,0,0,0,0,0,0,3.78065,0,0,0,0,0,0,0,0,0,0,0,0,0,0,0,0,0,0,0,5.19524e-36,0,0,0,0,0,0,0,0,0,0,0,0,0,0,0,0,0,0,0,
3.7,3.8,-60.828200000000012,-56.949450000000012,0,0,0,0,0,0,0,0,0,0,0,0,0,0,0,0,0,0,0,0,0,0,0,0,0,0,0,0,0,0,0,0,0,0,0,0,0,0,3.87875,0,0,0,0,0,0,0,0,0,0,0,0,0,0,0,0,0,0,0,5.57272e-36,0,0,0,0,0,0,0,0,0,0,0,0,0,0,0,0,0,0,0,
3.8,3.9,-64.605050000000012,-60.628200000000012,0,0,0,0,0,0,0,0,0,0,0,0,0,0,0,0,0,0,0,0,0,0,0,0,0,0,0,0,0,0,0,0,0,0,0,0,0,0,3.97685,0,0,0,0,0,0,0,0,0,0,0,0,0,0,0,0,0,0,0,5.95021e-36,0,0,0,0,0,0,0,0,0,0,0,0,0,0,0,0,0,0,0,
3.9,4,-68.480000000000013,-64.405050000000013,0,0,0,0,0,0,0,0,0,0,0,0,0,0,0,0,0,0,0,0,0,0,0,0,0,0,0,0,0,0,0,0,0,0,0,0,0,0,4.07495,0,0,0,0,0,0,0,0,0,0,0,0,0,0,0,0,0,0,0,6.70443e-36,0,0,0,0,0,0,0,0,0,0,0,0,0,0,0,0,0,0,0,
4,4.1,-72.453050000000013,-68.280000000000014,0,0,0,0,0,0,0,0,0,0,0,0,0,0,0,0,0,0,0,0,0,0,0,0,0,0,0,0,0,0,0,0,0,0,0,0,0,0,4.17305,0,0,0,0,0,0,0,0,0,0,0,0,0,0,0,0,0,0,0,7.45807e-36,0,0,0,0,0,0,0,0,0,0,0,0,0,0,0,0,0,0,0,
4.1,4.2,-76.524200000000014,-72.253050000000014,0,0,0,0,0,0,0,0,0,0,0,0,0,0,0,0,0,0,0,0,0,0,0,0,0,0,0,0,0,0,0,0,0,0,0,0,0,0,4.27115,0,0,0,0,0,0,0,0,0,0,0,0,0,0,0,0,0,0,0,8.21171e-36,0,0,0,0,0,0,0,0,0,0,0,0,0,0,0,0,0,0,0,
4.2,4.3,-80.693450000000015,-76.324200000000015,0,0,0,0,0,0,0,0,0,0,0,0,0,0,0,0,0,0,0,0,0,0,0,0,0,0,0,0,0,0,0,0,0,0,0,0,0,0,4.36925,0,0,0,0,0,0,0,0,0,0,0,0,0,0,0,0,0,0,0,8.96535e-36,0,0,0,0,0,0,0,0,0,0,0,0,0,0,0,0,0,0,0,
4.3,4.4,-84.960800000000016,-80.493450000000016,0,0,0,0,0,0,0,0,0,0,0,0,0,0,0,0,0,0,0,0,0,0,0,0,0,0,0,0,0,0,0,0,0,0,0,0,0,0,4.46735,0,0,0,0,0,0,0,0,0,0,0,0,0,0,0,0,0,0,0,9.71899e-36,0,0,0,0,0,0,0,0,0,0,0,0,0,0,0,0,0,0,0,
4.4,4.5,-89.326250000000016,-84.760800000000016,0,0,0,0,0,0,0,0,0,0,0,0,0,0,0,0,0,0,0,0,0,0,0,0,0,0,0,0,0,0,0,0,0,0,0,0,0,0,4.56545,0,0,0,0,0,0,0,0,0,0,0,0,0,0,0,0,0,0,0,1.04732e-35,0,0,0,0,0,0,0,0,0,0,0,0,0,0,0,0,0,0,0,
4.5,4.6,-93.789800000000017,-89.126250000000017,0,0,0,0,0,0,0,0,0,0,0,0,0,0,0,0,0,0,0,0,0,0,0,0,0,0,0,0,0,0,0,0,0,0,0,0,0,0,4.66355,0,0,0,0,0,0,0,0,0,0,0,0,0,0,0,0,0,0,0,1.12269e-35,0,0,0,0,0,0,0,0,0,0,0,0,0,0,0,0,0,0,0,
4.6,4.7,-98.351450000000018,-93.589800000000018,0,0,0,0,0,0,0,0,0,0,0,0,0,0,0,0,0,0,0,0,0,0,0,0,0,0,0,0,0,0,0,0,0,0,0,0,0,0,4.76165,0,0,0,0,0,0,0,0,0,0,0,0,0,0,0,0,0,0,0,1.19805e-35,0,0,0,0,0,0,0,0,0,0,0,0,0,0,0,0,0,0,0,
4.7,4.8,-103.011200000000018,-98.151450000000018,0,0,0,0,0,0,0,0,0,0,0,0,0,0,0,0,0,0,0,0,0,0,0,0,0,0,0,0,0,0,0,0,0,0,0,0,0,0,4.85975,0,0,0,0,0,0,0,0,0,0,0,0,0,0,0,0,0,0,0,1.27341e-35,0,0,0,0,0,0,0,0,0,0,0,0,0,0,0,0,0,0,0,
4.8,4.9,-107.769050000000019,-102.811200000000019,0,0,0,0,0,0,0,0,0,0,0,0,0,0,0,0,0,0,0,0,0,0,0,0,0,0,0,0,0,0,0,0,0,0,0,0,0,0,4.95785,0,0,0,0,0,0,0,0,0,0,0,0,0,0,0,0,0,0,0,1.34878e-35,0,0,0,0,0,0,0,0,0,0,0,0,0,0,0,0,0,0,0,
4.9,5,-112.62500000000002,-107.56905000000002,0,0,0,0,0,0,0,0,0,0,0,0,0,0,0,0,0,0,0,0,0,0,0,0,0,0,0,0,0,0,0,0,0,0,0,0,0,0,5.05595,0,0,0,0,0,0,0,0,0,0,0,0,0,0,0,0,0,0,0,1.4242e-35,0,0,0,0,0,0,0,0,0,0,0,0,0,0,0,0,0,0,0,
5,5.1,-117.579050000000021,-112.425000000000021,0,0,0,0,0,0,0,0,0,0,0,0,0,0,0,0,0,0,0,0,0,0,0,0,0,0,0,0,0,0,0,0,0,0,0,0,0,0,5.15405,0,0,0,0,0,0,0,0,0,0,0,0,0,0,0,0,0,0,0,1.49956e-35,0,0,0,0,0,0,0,0,0,0,0,0,0,0,0,0,0,0,0,
5.1,5.2,-122.631200000000022,-117.379050000000022,0,0,0,0,0,0,0,0,0,0,0,0,0,0,0,0,0,0,0,0,0,0,0,0,0,0,0,0,0,0,0,0,0,0,0,0,0,0,5.25215,0,0,0,0,0,0,0,0,0,0,0,0,0,0,0,0,0,0,0,1.57493e-35,0,0,0,0,0,0,0,0,0,0,0,0,0,0,0,0,0,0,0,
5.2,5.3,-127.781450000000022,-122.431200000000022,0,0,0,0,0,0,0,0,0,0,0,0,0,0,0,0,0,0,0,0,0,0,0,0,0,0,0,0,0,0,0,0,0,0,0,0,0,0,5.35025,0,0,0,0,0,0,0,0,0,0,0,0,0,0,0,0,0,0,0,1.65029e-35,0,0,0,0,0,0,0,0,0,0,0,0,0,0,0,0,0,0,0,
5.3,5.4,-133.029800000000023,-127.581450000000023,0,0,0,0,0,0,0,0,0,0,0,0,0,0,0,0,0,0,0,0,0,0,0,0,0,0,0,0,0,0,0,0,0,0,0,0,0,0,5.44835,0,0,0,0,0,0,0,0,0,0,0,0,0,0,0,0,0,0,0,1.72566e-35,0,0,0,0,0,0,0,0,0,0,0,0,0,0,0,0,0,0,0,
5.4,5.5,-138.376250000000024,-132.829800000000024,0,0,0,0,0,0,0,0,0,0,0,0,0,0,0,0,0,0,0,0,0,0,0,0,0,0,0,0,0,0,0,0,0,0,0,0,0,0,5.54645,0,0,0,0,0,0,0,0,0,0,0,0,0,0,0,0,0,0,0,1.87631e-35,0,0,0,0,0,0,0,0,0,0,0,0,0,0,0,0,0,0,0,
5.5,5.6,-143.820800000000025,-138.176250000000025,0,0,0,0,0,0,0,0,0,0,0,0,0,0,0,0,0,0,0,0,0,0,0,0,0,0,0,0,0,0,0,0,0,0,0,0,0,0,5.64455,0,0,0,0,0,0,0,0,0,0,0,0,0,0,0,0,0,0,0,2.0269e-35,0,0,0,0,0,0,0,0,0,0,0,0,0,0,0,0,0,0,0,
5.6,5.7,-149.363450000000026,-143.620800000000026,0,0,0,0,0,0,0,0,0,0,0,0,0,0,0,0,0,0,0,0,0,0,0,0,0,0,0,0,0,0,0,0,0,0,0,0,0,0,5.74265,0,0,0,0,0,0,0,0,0,0,0,0,0,0,0,0,0,0,0,2.1775e-35,0,0,0,0,0,0,0,0,0,0,0,0,0,0,0,0,0,0,0,
5.7,5.8,-155.004200000000027,-149.163450000000027,0,0,0,0,0,0,0,0,0,0,0,0,0,0,0,0,0,0,0,0,0,0,0,0,0,0,0,0,0,0,0,0,0,0,0,0,0,0,5.84075,0,0,0,0,0,0,0,0,0,0,0,0,0,0,0,0,0,0,0,2.3281e-35,0,0,0,0,0,0,0,0,0,0,0,0,0,0,0,0,0,0,0,
5.8,5.9,-160.743050000000028,-154.804200000000028,0,0,0,0,0,0,0,0,0,0,0,0,0,0,0,0,0,0,0,0,0,0,0,0,0,0,0,0,0,0,0,0,0,0,0,0,0,0,5.93885,0,0,0,0,0,0,0,0,0,0,0,0,0,0,0,0,0,0,0,2.47869e-35,0,0,0,0,0,0,0,0,0,0,0,0,0,0,0,0,0,0,0,
5.9,6,-166.580000000000029,-160.543050000000029,0,0,0,0,0,0,0,0,0,0,0,0,0,0,0,0,0,0,0,0,0,0,0,0,0,0,0,0,0,0,0,0,0,0,0,0,0,0,6.03695,0,0,0,0,0,0,0,0,0,0,0,0,0,0,0,0,0,0,0,2.62935e-35,0,0,0,0,0,0,0,0,0,0,0,0,0,0,0,0,0,0,0,
6,6.1,-172.51505000000003,-166.38000000000003,0,0,0,0,0,0,0,0,0,0,0,0,0,0,0,0,0,0,0,0,0,0,0,0,0,0,0,0,0,0,0,0,0,0,0,0,0,0,6.13505,0,0,0,0,0,0,0,0,0,0,0,0,0,0,0,0,0,0,0,2.77994e-35,0,0,0,0,0,0,0,0,0,0,0,0,0,0,0,0,0,0,0,
6.1,6.2,-178.548200000000031,-172.31505000000003,0,0,0,0,0,0,0,0,0,0,0,0,0,0,0,0,0,0,0,0,0,0,0,0,0,0,0,0,0,0,0,0,0,0,0,0,0,0,6.23315,0,0,0,0,0,0,0,0,0,0,0,0,0,0,0,0,0,0,0,2.93054e-35,0,0,0,0,0,0,0,0,0,0,0,0,0,0,0,0,0,0,0,
6.2,6.3,-184.679450000000032,-178.348200000000031,0,0,0,0,0,0,0,0,0,0,0,0,0,0,0,0,0,0,0,0,0,0,0,0,0,0,0,0,0,0,0,0,0,0,0,0,0,0,6.33125,0,0,0,0,0,0,0,0,0,0,0,0,0,0,0,0,0,0,0,3.08113e-35,0,0,0,0,0,0,0,0,0,0,0,0,0,0,0,0,0,0,0,
6.3,6.4,-190.908800000000033,-184.479450000000032,0,0,0,0,0,0,0,0,0,0,0,0,0,0,0,0,0,0,0,0,0,0,0,0,0,0,0,0,0,0,0,0,0,0,0,0,0,0,6.42935,0,0,0,0,0,0,0,0,0,0,0,0,0,0,0,0,0,0,0,3.23173e-35,0,0,0,0,0,0,0,0,0,0,0,0,0,0,0,0,0,0,0,
6.4,6.5,-197.236250000000034,-190.708800000000033,0,0,0,0,0,0,0,0,0,0,0,0,0,0,0,0,0,0,0,0,0,0,0,0,0,0,0,0,0,0,0,0,0,0,0,0,0,0,6.52745,0,0,0,0,0,0,0,0,0,0,0,0,0,0,0,0,0,0,0,3.38238e-35,0,0,0,0,0,0,0,0,0,0,0,0,0,0,0,0,0,0,0,
6.5,6.6,-203.661800000000035,-197.036250000000034,0,0,0,0,0,0,0,0,0,0,0,0,0,0,0,0,0,0,0,0,0,0,0,0,0,0,0,0,0,0,0,0,0,0,0,0,0,0,6.62555,0,0,0,0,0,0,0,0,0,0,0,0,0,0,0,0,0,0,0,3.53298e-35,0,0,0,0,0,0,0,0,0,0,0,0,0,0,0,0,0,0,0,
6.6,6.7,-210.185450000000036,-203.461800000000036,0,0,0,0,0,0,0,0,0,0,0,0,0,0,0,0,0,0,0,0,0,0,0,0,0,0,0,0,0,0,0,0,0,0,0,0,0,0,6.72365,0,0,0,0,0,0,0,0,0,0,0,0,0,0,0,0,0,0,0,3.68357e-35,0,0,0,0,0,0,0,0,0,0,0,0,0,0,0,0,0,0,0,
6.7,6.8,-216.807200000000037,-209.985450000000037,0,0,0,0,0,0,0,0,0,0,0,0,0,0,0,0,0,0,0,0,0,0,0,0,0,0,0,0,0,0,0,0,0,0,0,0,0,0,6.82175,0,0,0,0,0,0,0,0,0,0,0,0,0,0,0,0,0,0,0,3.83417e-35,0,0,0,0,0,0,0,0,0,0,0,0,0,0,0,0,0,0,0,
6.8,6.9,-223.527050000000038,-216.607200000000038,0,0,0,0,0,0,0,0,0,0,0,0,0,0,0,0,0,0,0,0,0,0,0,0,0,0,0,0,0,0,0,0,0,0,0,0,0,0,6.91985,0,0,0,0,0,0,0,0,0,0,0,0,0,0,0,0,0,0,0,3.98476e-35,0,0,0,0,0,0,0,0,0,0,0,0,0,0,0,0,0,0,0,
6.9,7,-230.345000000000039,-223.327050000000039,0,0,0,0,0,0,0,0,0,0,0,0,0,0,0,0,0,0,0,0,0,0,0,0,0,0,0,0,0,0,0,0,0,0,0,0,0,0,7.01795,0,0,0,0,0,0,0,0,0,0,0,0,0,0,0,0,0,0,0,4.13542e-35,0,0,0,0,0,0,0,0,0,0,0,0,0,0,0,0,0,0,0,
7,7.1,-237.26105000000004,-230.14500000000004,0,0,0,0,0,0,0,0,0,0,0,0,0,0,0,0,0,0,0,0,0,0,0,0,0,0,0,0,0,0,0,0,0,0,0,0,0,0,7.11605,0,0,0,0,0,0,0,0,0,0,0,0,0,0,0,0,0,0,0,4.28601e-35,0,0,0,0,0,0,0,0,0,0,0,0,0,0,0,0,0,0,0,
7.1,7.2,-244.275200000000041,-237.061050000000041,0,0,0,0,0,0,0,0,0,0,0,0,0,0,0,0,0,0,0,0,0,0,0,0,0,0,0,0,0,0,0,0,0,0,0,0,0,0,7.21415,0,0,0,0,0,0,0,0,0,0,0,0,0,0,0,0,0,0,0,4.43661e-35,0,0,0,0,0,0,0,0,0,0,0,0,0,0,0,0,0,0,0,
7.2,7.3,-251.387450000000043,-244.075200000000042,0,0,0,0,0,0,0,0,0,0,0,0,0,0,0,0,0,0,0,0,0,0,0,0,0,0,0,0,0,0,0,0,0,0,0,0,0,0,7.31225,0,0,0,0,0,0,0,0,0,0,0,0,0,0,0,0,0,0,0,4.58721e-35,0,0,0,0,0,0,0,0,0,0,0,0,0,0,0,0,0,0,0,
7.3,7.4,-258.597800000000044,-251.187450000000043,0,0,0,0,0,0,0,0,0,0,0,0,0,0,0,0,0,0,0,0,0,0,0,0,0,0,0,0,0,0,0,0,0,0,0,0,0,0,7.41035,0,0,0,0,0,0,0,0,0,0,0,0,0,0,0,0,0,0,0,4.7378e-35,0,0,0,0,0,0,0,0,0,0,0,0,0,0,0,0,0,0,0,
7.4,7.5,-265.906250000000045,-258.397800000000044,0,0,0,0,0,0,0,0,0,0,0,0,0,0,0,0,0,0,0,0,0,0,0,0,0,0,0,0,0,0,0,0,0,0,0,0,0,0,7.50845,0,0,0,0,0,0,0,0,0,0,0,0,0,0,0,0,0,0,0,5.03892e-35,0,0,0,0,0,0,0,0,0,0,0,0,0,0,0,0,0,0,0,
7.5,7.6,-273.312800000000046,-265.706250000000046,0,0,0,0,0,0,0,0,0,0,0,0,0,0,0,0,0,0,0,0,0,0,0,0,0,0,0,0,0,0,0,0,0,0,0,0,0,0,7.60655,0,0,0,0,0,0,0,0,0,0,0,0,0,0,0,0,0,0,0,5.33998e-35,0,0,0,0,0,0,0,0,0,0,0,0,0,0,0,0,0,0,0,
7.6,7.7,-280.817450000000047,-273.112800000000047,0,0,0,0,0,0,0,0,0,0,0,0,0,0,0,0,0,0,0,0,0,0,0,0,0,0,0,0,0,0,0,0,0,0,0,0,0,0,7.70465,0,0,0,0,0,0,0,0,0,0,0,0,0,0,0,0,0,0,0,5.64104e-35,0,0,0,0,0,0,0,0,0,0,0,0,0,0,0,0,0,0,0,
7.7,7.8,-288.420200000000049,-280.617450000000048,0,0,0,0,0,0,0,0,0,0,0,0,0,0,0,0,0,0,0,0,0,0,0,0,0,0,0,0,0,0,0,0,0,0,0,0,0,0,7.80275,0,0,0,0,0,0,0,0,0,0,0,0,0,0,0,0,0,0,0,5.94209e-35,0,0,0,0,0,0,0,0,0,0,0,0,0,0,0,0,0,0,0,
7.8,7.9,-296.12105000000005,-288.220200000000049,0,0,0,0,0,0,0,0,0,0,0,0,0,0,0,0,0,0,0,0,0,0,0,0,0,0,0,0,0,0,0,0,0,0,0,0,0,0,7.90085,0,0,0,0,0,0,0,0,0,0,0,0,0,0,0,0,0,0,0,6.24315e-35,0,0,0,0,0,0,0,0,0,0,0,0,0,0,0,0,0,0,0,
7.9,8,-303.920000000000051,-295.921050000000051,0,0,0,0,0,0,0,0,0,0,0,0,0,0,0,0,0,0,0,0,0,0,0,0,0,0,0,0,0,0,0,0,0,0,0,0,0,0,7.99895,0,0,0,0,0,0,0,0,0,0,0,0,0,0,0,0,0,0,0,6.54427e-35,0,0,0,0,0,0,0,0,0,0,0,0,0,0,0,0,0,0,0,
8,8.1,-311.817050000000052,-303.720000000000052,0,0,0,0,0,0,0,0,0,0,0,0,0,0,0,0,0,0,0,0,0,0,0,0,0,0,0,0,0,0,0,0,0,0,0,0,0,0,8.09705,0,0,0,0,0,0,0,0,0,0,0,0,0,0,0,0,0,0,0,6.84533e-35,0,0,0,0,0,0,0,0,0,0,0,0,0,0,0,0,0,0,0,
8.1,8.2,-319.812200000000054,-311.617050000000053,0,0,0,0,0,0,0,0,0,0,0,0,0,0,0,0,0,0,0,0,0,0,0,0,0,0,0,0,0,0,0,0,0,0,0,0,0,0,8.19515,0,0,0,0,0,0,0,0,0,0,0,0,0,0,0,0,0,0,0,7.14639e-35,0,0,0,0,0,0,0,0,0,0,0,0,0,0,0,0,0,0,0,
8.2,8.3,-327.905450000000055,-319.612200000000054,0,0,0,0,0,0,0,0,0,0,0,0,0,0,0,0,0,0,0,0,0,0,0,0,0,0,0,0,0,0,0,0,0,0,0,0,0,0,8.29325,0,0,0,0,0,0,0,0,0,0,0,0,0,0,0,0,0,0,0,7.44745e-35,0,0,0,0,0,0,0,0,0,0,0,0,0,0,0,0,0,0,0,
8.3,8.4,-336.096800000000056,-327.705450000000056,0,0,0,0,0,0,0,0,0,0,0,0,0,0,0,0,0,0,0,0,0,0,0,0,0,0,0,0,0,0,0,0,0,0,0,0,0,0,8.39135,0,0,0,0,0,0,0,0,0,0,0,0,0,0,0,0,0,0,0,7.74851e-35,0,0,0,0,0,0,0,0,0,0,0,0,0,0,0,0,0,0,0,
8.4,8.5,-344.386250000000058,-335.896800000000057,0,0,0,0,0,0,0,0,0,0,0,0,0,0,0,0,0,0,0,0,0,0,0,0,0,0,0,0,0,0,0,0,0,0,0,0,0,0,8.48945,0,0,0,0,0,0,0,0,0,0,0,0,0,0,0,0,0,0,0,8.04962e-35,0,0,0,0,0,0,0,0,0,0,0,0,0,0,0,0,0,0,0,
8.5,8.6,-352.773800000000059,-344.186250000000058,0,0,0,0,0,0,0,0,0,0,0,0,0,0,0,0,0,0,0,0,0,0,0,0,0,0,0,0,0,0,0,0,0,0,0,0,0,0,8.58755,0,0,0,0,0,0,0,0,0,0,0,0,0,0,0,0,0,0,0,8.35068e-35,0,0,0,0,0,0,0,0,0,0,0,0,0,0,0,0,0,0,0,
8.6,8.7,-361.25945000000006,-352.57380000000006,0,0,0,0,0,0,0,0,0,0,0,0,0,0,0,0,0,0,0,0,0,0,0,0,0,0,0,0,0,0,0,0,0,0,0,0,0,0,8.68565,0,0,0,0,0,0,0,0,0,0,0,0,0,0,0,0,0,0,0,8.65174e-35,0,0,0,0,0,0,0,0,0,0,0,0,0,0,0,0,0,0,0,
8.7,8.8,-369.843200000000062,-361.059450000000061,0,0,0,0,0,0,0,0,0,0,0,0,0,0,0,0,0,0,0,0,0,0,0,0,0,0,0,0,0,0,0,0,0,0,0,0,0,0,8.78375,0,0,0,0,0,0,0,0,0,0,0,0,0,0,0,0,0,0,0,8.9528e-35,0,0,0,0,0,0,0,0,0,0,0,0,0,0,0,0,0,0,0,
8.8,8.9,-378.525050000000063,-369.643200000000062,0,0,0,0,0,0,0,0,0,0,0,0,0,0,0,0,0,0,0,0,0,0,0,0,0,0,0,0,0,0,0,0,0,0,0,0,0,0,8.88185,0,0,0,0,0,0,0,0,0,0,0,0,0,0,0,0,0,0,0,9.25386e-35,0,0,0,0,0,0,0,0,0,0,0,0,0,0,0,0,0,0,0,
8.9,9,-387.305000000000065,-378.325050000000064,0,0,0,0,0,0,0,0,0,0,0,0,0,0,0,0,0,0,0,0,0,0,0,0,0,0,0,0,0,0,0,0,0,0,0,0,0,0,8.97995,0,0,0,0,0,0,0,0,0,0,0,0,0,0,0,0,0,0,0,9.55498e-35,0,0,0,0,0,0,0,0,0,0,0,0,0,0,0,0,0,0,0,
9,9.1,-396.183050000000066,-387.105000000000065,0,0,0,0,0,0,0,0,0,0,0,0,0,0,0,0,0,0,0,0,0,0,0,0,0,0,0,0,0,0,0,0,0,0,0,0,0,0,9.07805,0,0,0,0,0,0,0,0,0,0,0,0,0,0,0,0,0,0,0,9.85604e-35,0,0,0,0,0,0,0,0,0,0,0,0,0,0,0,0,0,0,0,
9.1,9.2,-405.159200000000068,-395.983050000000067,0,0,0,0,0,0,0,0,0,0,0,0,0,0,0,0,0,0,0,0,0,0,0,0,0,0,0,0,0,0,0,0,0,0,0,0,0,0,9.17615,0,0,0,0,0,0,0,0,0,0,0,0,0,0,0,0,0,0,0,1.01571e-34,0,0,0,0,0,0,0,0,0,0,0,0,0,0,0,0,0,0,0,
9.2,9.3,-414.233450000000069,-404.959200000000068,0,0,0,0,0,0,0,0,0,0,0,0,0,0,0,0,0,0,0,0,0,0,0,0,0,0,0,0,0,0,0,0,0,0,0,0,0,0,9.27425,0,0,0,0,0,0,0,0,0,0,0,0,0,0,0,0,0,0,0,1.04582e-34,0,0,0,0,0,0,0,0,0,0,0,0,0,0,0,0,0,0,0,
9.3,9.4,-423.40580000000007,-414.03345000000007,0,0,0,0,0,0,0,0,0,0,0,0,0,0,0,0,0,0,0,0,0,0,0,0,0,0,0,0,0,0,0,0,0,0,0,0,0,0,9.37235,0,0,0,0,0,0,0,0,0,0,0,0,0,0,0,0,0,0,0,1.07592e-34,0,0,0,0,0,0,0,0,0,0,0,0,0,0,0,0,0,0,0,
9.4,9.5,-432.676250000000072,-423.205800000000071,0,0,0,0,0,0,0,0,0,0,0,0,0,0,0,0,0,0,0,0,0,0,0,0,0,0,0,0,0,0,0,0,0,0,0,0,0,0,9.47045,0,0,0,0,0,0,0,0,0,0,0,0,0,0,0,0,0,0,0,1.10603e-34,0,0,0,0,0,0,0,0,0,0,0,0,0,0,0,0,0,0,0,
9.5,9.6,-442.044800000000073,-432.476250000000073,0,0,0,0,0,0,0,0,0,0,0,0,0,0,0,0,0,0,0,0,0,0,0,0,0,0,0,0,0,0,0,0,0,0,0,0,0,0,9.56855,0,0,0,0,0,0,0,0,0,0,0,0,0,0,0,0,0,0,0,1.13614e-34,0,0,0,0,0,0,0,0,0,0,0,0,0,0,0,0,0,0,0,
9.6,9.7,-451.511450000000075,-441.844800000000074,0,0,0,0,0,0,0,0,0,0,0,0,0,0,0,0,0,0,0,0,0,0,0,0,0,0,0,0,0,0,0,0,0,0,0,0,0,0,9.66665,0,0,0,0,0,0,0,0,0,0,0,0,0,0,0,0,0,0,0,1.16624e-34,0,0,0,0,0,0,0,0,0,0,0,0,0,0,0,0,0,0,0,
9.7,9.8,-461.076200000000077,-451.311450000000076,0,0,0,0,0,0,0,0,0,0,0,0,0,0,0,0,0,0,0,0,0,0,0,0,0,0,0,0,0,0,0,0,0,0,0,0,0,0,9.76475,0,0,0,0,0,0,0,0,0,0,0,0,0,0,0,0,0,0,0,1.19635e-34,0,0,0,0,0,0,0,0,0,0,0,0,0,0,0,0,0,0,0,
9.8,9.9,-470.739050000000078,-460.876200000000077,0,0,0,0,0,0,0,0,0,0,0,0,0,0,0,0,0,0,0,0,0,0,0,0,0,0,0,0,0,0,0,0,0,0,0,0,0,0,9.86285,0,0,0,0,0,0,0,0,0,0,0,0,0,0,0,0,0,0,0,1.22646e-34,0,0,0,0,0,0,0,0,0,0,0,0,0,0,0,0,0,0,0,
9.9,10,-480.50000000000008,-470.539050000000079,0,0,0,0,0,0,0,0,0,0,0,0,0,0,0,0,0,0,0,0,0,0,0,0,0,0,0,0,0,0,0,0,0,0,0,0,0,0,9.96095,0,0,0,0,0,0,0,0,0,0,0,0,0,0,0,0,0,0,0,1.25657e-34,0,0,0,0,0,0,0,0,0,0,0,0,0,0,0,0,0,0,0,
