0,0,1.5,2.5,0,0,0,0,0,0,0,0,0,0,0,0,0,0,0,0,0,0,0,0,0,0,0,0,0,0,0,0,0,0,0,0,0,0,0,0,0,0,1,0,0,0,0,0,0,0,0,0,0,0,0,0,0,0,0,0,0,0,0,0,0,0,0,0,0,0,0,0,0,0,0,0,0,0,0,0,0,0,
0,0.01,1.454898989,2.500101011,0,0,0,0,0,0,0,0,0,0,0,0,0,0,0,0,0,0,0,0,0,0,0,0,0,0,0,0,0,0,0,0,0,0,0,0,0,0,1.04521,0,0,0,0,0,0,0,0,0,0,0,0,0,0,0,0,0,0,0,0.000202023,0,0,0,0,0,0,0,0,0,0,0,0,0,0,0,0,0,0,0,
0.01,0.02,1.42041913842595,2.45542728904869,0,0,0,0,0,0,0,0,0,0,0,0,0,0,0,0,0,0,0,0,0,0,0,0,0,0,0,0,0,0,0,0,0,0,0,0,0,0,1.03501,0,0,0,0,0,0,0,0,0,0,0,0,0,0,0,0,0,0,0,0.000406075,0,0,0,0,0,0,0,0,0,0,0,0,0,0,0,0,0,0,0,
0.02,0.03,1.38628236809741,2.41119807805783,0,0,0,0,0,0,0,0,0,0,0,0,0,0,0,0,0,0,0,0,0,0,0,0,0,0,0,0,0,0,0,0,0,0,0,0,0,0,1.02492,0,0,0,0,0,0,0,0,0,0,0,0,0,0,0,0,0,0,0,0.000608097,0,0,0,0,0,0,0,0,0,0,0,0,0,0,0,0,0,0,0,
0.03,0.04,1.35248526430891,2.36740895506948,0,0,0,0,0,0,0,0,0,0,0,0,0,0,0,0,0,0,0,0,0,0,0,0,0,0,0,0,0,0,0,0,0,0,0,0,0,0,1.01493,0,0,0,0,0,0,0,0,0,0,0,0,0,0,0,0,0,0,0,0.000808109,0,0,0,0,0,0,0,0,0,0,0,0,0,0,0,0,0,0,0,
0.04,0.05,1.3190244473219,2.32405554113484,0,0,0,0,0,0,0,0,0,0,0,0,0,0,0,0,0,0,0,0,0,0,0,0,0,0,0,0,0,0,0,0,0,0,0,0,0,0,1.00504,0,0,0,0,0,0,0,0,0,0,0,0,0,0,0,0,0,0,0,0.00100613,0,0,0,0,0,0,0,0,0,0,0,0,0,0,0,0,0,0,0,
0.05,0.06,1.2858965710268,2.28113350087639,0,0,0,0,0,0,0,0,0,0,0,0,0,0,0,0,0,0,0,0,0,0,0,0,0,0,0,0,0,0,0,0,0,0,0,0,0,0,0.995237,0,0,0,0,0,0,0,0,0,0,0,0,0,0,0,0,0,0,0,0.00120219,0,0,0,0,0,0,0,0,0,0,0,0,0,0,0,0,0,0,0,
0.06,0.07,1.25309832260837,2.23863854205433,0,0,0,0,0,0,0,0,0,0,0,0,0,0,0,0,0,0,0,0,0,0,0,0,0,0,0,0,0,0,0,0,0,0,0,0,0,0,0.985541,0,0,0,0,0,0,0,0,0,0,0,0,0,0,0,0,0,0,0,0.00139629,0,0,0,0,0,0,0,0,0,0,0,0,0,0,0,0,0,0,0,
0.07,0.08,1.22062642221444,2.19656641513738,0,0,0,0,0,0,0,0,0,0,0,0,0,0,0,0,0,0,0,0,0,0,0,0,0,0,0,0,0,0,0,0,0,0,0,0,0,0,0.97594,0,0,0,0,0,0,0,0,0,0,0,0,0,0,0,0,0,0,0,0.00158846,0,0,0,0,0,0,0,0,0,0,0,0,0,0,0,0,0,0,0,
0.08,0.09,1.18847762262791,2.15491291287778,0,0,0,0,0,0,0,0,0,0,0,0,0,0,0,0,0,0,0,0,0,0,0,0,0,0,0,0,0,0,0,0,0,0,0,0,0,0,0.966436,0,0,0,0,0,0,0,0,0,0,0,0,0,0,0,0,0,0,0,0.00177871,0,0,0,0,0,0,0,0,0,0,0,0,0,0,0,0,0,0,0,
0.09,0.1,1.15664870894203,2.11367386989059,0,0,0,0,0,0,0,0,0,0,0,0,0,0,0,0,0,0,0,0,0,0,0,0,0,0,0,0,0,0,0,0,0,0,0,0,0,0,0.957026,0,0,0,0,0,0,0,0,0,0,0,0,0,0,0,0,0,0,0,0.00196708,0,0,0,0,0,0,0,0,0,0,0,0,0,0,0,0,0,0,0,
0.1,0.11,1.12513649823891,2.07284516223714,0,0,0,0,0,0,0,0,0,0,0,0,0,0,0,0,0,0,0,0,0,0,0,0,0,0,0,0,0,0,0,0,0,0,0,0,0,0,0.947709,0,0,0,0,0,0,0,0,0,0,0,0,0,0,0,0,0,0,0,0.00215357,0,0,0,0,0,0,0,0,0,0,0,0,0,0,0,0,0,0,0,
0.11,0.12,1.09393783927122,2.03242270701266,0,0,0,0,0,0,0,0,0,0,0,0,0,0,0,0,0,0,0,0,0,0,0,0,0,0,0,0,0,0,0,0,0,0,0,0,0,0,0.938485,0,0,0,0,0,0,0,0,0,0,0,0,0,0,0,0,0,0,0,0.0023382,0,0,0,0,0,0,0,0,0,0,0,0,0,0,0,0,0,0,0,
0.12,0.13,1.06304961214706,1.99240246193793,0,0,0,0,0,0,0,0,0,0,0,0,0,0,0,0,0,0,0,0,0,0,0,0,0,0,0,0,0,0,0,0,0,0,0,0,0,0,0.929353,0,0,0,0,0,0,0,0,0,0,0,0,0,0,0,0,0,0,0,0.002521,0,0,0,0,0,0,0,0,0,0,0,0,0,0,0,0,0,0,0,
0.13,0.14,1.03246872801798,1.95278042495509,0,0,0,0,0,0,0,0,0,0,0,0,0,0,0,0,0,0,0,0,0,0,0,0,0,0,0,0,0,0,0,0,0,0,0,0,0,0,0.920312,0,0,0,0,0,0,0,0,0,0,0,0,0,0,0,0,0,0,0,0.00270198,0,0,0,0,0,0,0,0,0,0,0,0,0,0,0,0,0,0,0,
0.14,0.15,1.00219212877008,1.91355263382742,0,0,0,0,0,0,0,0,0,0,0,0,0,0,0,0,0,0,0,0,0,0,0,0,0,0,0,0,0,0,0,0,0,0,0,0,0,0,0.911361,0,0,0,0,0,0,0,0,0,0,0,0,0,0,0,0,0,0,0,0.00288115,0,0,0,0,0,0,0,0,0,0,0,0,0,0,0,0,0,0,0,
0.15,0.16,0.972216786718207,1.87471516574313,0,0,0,0,0,0,0,0,0,0,0,0,0,0,0,0,0,0,0,0,0,0,0,0,0,0,0,0,0,0,0,0,0,0,0,0,0,0,0.902499,0,0,0,0,0,0,0,0,0,0,0,0,0,0,0,0,0,0,0,0.00305855,0,0,0,0,0,0,0,0,0,0,0,0,0,0,0,0,0,0,0,
0.16,0.17,0.942539704303175,1.83626413692304,0,0,0,0,0,0,0,0,0,0,0,0,0,0,0,0,0,0,0,0,0,0,0,0,0,0,0,0,0,0,0,0,0,0,0,0,0,0,0.893725,0,0,0,0,0,0,0,0,0,0,0,0,0,0,0,0,0,0,0,0.00323418,0,0,0,0,0,0,0,0,0,0,0,0,0,0,0,0,0,0,0,
0.17,0.18,0.913157913792012,1.79819570223222,0,0,0,0,0,0,0,0,0,0,0,0,0,0,0,0,0,0,0,0,0,0,0,0,0,0,0,0,0,0,0,0,0,0,0,0,0,0,0.885038,0,0,0,0,0,0,0,0,0,0,0,0,0,0,0,0,0,0,0,0.00340806,0,0,0,0,0,0,0,0,0,0,0,0,0,0,0,0,0,0,0,
0.18,0.19,0.884068476981182,1.76050605479549,0,0,0,0,0,0,0,0,0,0,0,0,0,0,0,0,0,0,0,0,0,0,0,0,0,0,0,0,0,0,0,0,0,0,0,0,0,0,0.876438,0,0,0,0,0,0,0,0,0,0,0,0,0,0,0,0,0,0,0,0.00358021,0,0,0,0,0,0,0,0,0,0,0,0,0,0,0,0,0,0,0,
0.19,0.2,0.855268484902763,1.72319142561668,0,0,0,0,0,0,0,0,0,0,0,0,0,0,0,0,0,0,0,0,0,0,0,0,0,0,0,0,0,0,0,0,0,0,0,0,0,0,0.867923,0,0,0,0,0,0,0,0,0,0,0,0,0,0,0,0,0,0,0,0.00375065,0,0,0,0,0,0,0,0,0,0,0,0,0,0,0,0,0,0,0,
0.2,0.21,0.826755057533547,1.6862480832018,0,0,0,0,0,0,0,0,0,0,0,0,0,0,0,0,0,0,0,0,0,0,0,0,0,0,0,0,0,0,0,0,0,0,0,0,0,0,0.859494,0,0,0,0,0,0,0,0,0,0,0,0,0,0,0,0,0,0,0,0.00391939,0,0,0,0,0,0,0,0,0,0,0,0,0,0,0,0,0,0,0,
0.21,0.22,0.798525343507036,1.6496723331858,0,0,0,0,0,0,0,0,0,0,0,0,0,0,0,0,0,0,0,0,0,0,0,0,0,0,0,0,0,0,0,0,0,0,0,0,0,0,0.851147,0,0,0,0,0,0,0,0,0,0,0,0,0,0,0,0,0,0,0,0.00408646,0,0,0,0,0,0,0,0,0,0,0,0,0,0,0,0,0,0,0,
0.22,0.23,0.770576519828302,1.61346051796321,0,0,0,0,0,0,0,0,0,0,0,0,0,0,0,0,0,0,0,0,0,0,0,0,0,0,0,0,0,0,0,0,0,0,0,0,0,0,0.842884,0,0,0,0,0,0,0,0,0,0,0,0,0,0,0,0,0,0,0,0.00425186,0,0,0,0,0,0,0,0,0,0,0,0,0,0,0,0,0,0,0,
0.23,0.24,0.742905791591687,1.57760901632233,0,0,0,0,0,0,0,0,0,0,0,0,0,0,0,0,0,0,0,0,0,0,0,0,0,0,0,0,0,0,0,0,0,0,0,0,0,0,0.834704,0,0,0,0,0,0,0,0,0,0,0,0,0,0,0,0,0,0,0,0.00441562,0,0,0,0,0,0,0,0,0,0,0,0,0,0,0,0,0,0,0,
0.24,0.25,0.715510391701308,1.54211424308312,0,0,0,0,0,0,0,0,0,0,0,0,0,0,0,0,0,0,0,0,0,0,0,0,0,0,0,0,0,0,0,0,0,0,0,0,0,0,0.826604,0,0,0,0,0,0,0,0,0,0,0,0,0,0,0,0,0,0,0,0.00457774,0,0,0,0,0,0,0,0,0,0,0,0,0,0,0,0,0,0,0,
0.25,0.26,0.688387580594346,1.50697264873868,0,0,0,0,0,0,0,0,0,0,0,0,0,0,0,0,0,0,0,0,0,0,0,0,0,0,0,0,0,0,0,0,0,0,0,0,0,0,0.818586,0,0,0,0,0,0,0,0,0,0,0,0,0,0,0,0,0,0,0,0.00473825,0,0,0,0,0,0,0,0,0,0,0,0,0,0,0,0,0,0,0,
0.26,0.27,0.661534645967088,1.47218071910028,0,0,0,0,0,0,0,0,0,0,0,0,0,0,0,0,0,0,0,0,0,0,0,0,0,0,0,0,0,0,0,0,0,0,0,0,0,0,0.810647,0,0,0,0,0,0,0,0,0,0,0,0,0,0,0,0,0,0,0,0.00489717,0,0,0,0,0,0,0,0,0,0,0,0,0,0,0,0,0,0,0,
0.27,0.28,0.634948902503694,1.43773497494597,0,0,0,0,0,0,0,0,0,0,0,0,0,0,0,0,0,0,0,0,0,0,0,0,0,0,0,0,0,0,0,0,0,0,0,0,0,0,0.802787,0,0,0,0,0,0,0,0,0,0,0,0,0,0,0,0,0,0,0,0.00505451,0,0,0,0,0,0,0,0,0,0,0,0,0,0,0,0,0,0,0,
0.28,0.29,0.608627691607663,1.40363197167263,0,0,0,0,0,0,0,0,0,0,0,0,0,0,0,0,0,0,0,0,0,0,0,0,0,0,0,0,0,0,0,0,0,0,0,0,0,0,0.795005,0,0,0,0,0,0,0,0,0,0,0,0,0,0,0,0,0,0,0,0.00521028,0,0,0,0,0,0,0,0,0,0,0,0,0,0,0,0,0,0,0,
0.29,0.3,0.582568381135972,1.36986829895151,0,0,0,0,0,0,0,0,0,0,0,0,0,0,0,0,0,0,0,0,0,0,0,0,0,0,0,0,0,0,0,0,0,0,0,0,0,0,0.7873,0,0,0,0,0,0,0,0,0,0,0,0,0,0,0,0,0,0,0,0.00536449,0,0,0,0,0,0,0,0,0,0,0,0,0,0,0,0,0,0,0,
0.3,0.31,0.556768365135855,1.33644058038721,0,0,0,0,0,0,0,0,0,0,0,0,0,0,0,0,0,0,0,0,0,0,0,0,0,0,0,0,0,0,0,0,0,0,0,0,0,0,0.779673,0,0,0,0,0,0,0,0,0,0,0,0,0,0,0,0,0,0,0,0.00551718,0,0,0,0,0,0,0,0,0,0,0,0,0,0,0,0,0,0,0,
0.31,0.32,0.531225063584214,1.30334547318001,0,0,0,0,0,0,0,0,0,0,0,0,0,0,0,0,0,0,0,0,0,0,0,0,0,0,0,0,0,0,0,0,0,0,0,0,0,0,0.772121,0,0,0,0,0,0,0,0,0,0,0,0,0,0,0,0,0,0,0,0.00566835,0,0,0,0,0,0,0,0,0,0,0,0,0,0,0,0,0,0,0,
0.32,0.33,0.505935922129607,1.2705796677916,0,0,0,0,0,0,0,0,0,0,0,0,0,0,0,0,0,0,0,0,0,0,0,0,0,0,0,0,0,0,0,0,0,0,0,0,0,0,0.764644,0,0,0,0,0,0,0,0,0,0,0,0,0,0,0,0,0,0,0,0.00581801,0,0,0,0,0,0,0,0,0,0,0,0,0,0,0,0,0,0,0,
0.33,0.34,0.480898411836814,1.23813988761416,0,0,0,0,0,0,0,0,0,0,0,0,0,0,0,0,0,0,0,0,0,0,0,0,0,0,0,0,0,0,0,0,0,0,0,0,0,0,0.757242,0,0,0,0,0,0,0,0,0,0,0,0,0,0,0,0,0,0,0,0.00596618,0,0,0,0,0,0,0,0,0,0,0,0,0,0,0,0,0,0,0,
0.34,0.35,0.456110028933942,1.20602288864262,0,0,0,0,0,0,0,0,0,0,0,0,0,0,0,0,0,0,0,0,0,0,0,0,0,0,0,0,0,0,0,0,0,0,0,0,0,0,0.749913,0,0,0,0,0,0,0,0,0,0,0,0,0,0,0,0,0,0,0,0.00611288,0,0,0,0,0,0,0,0,0,0,0,0,0,0,0,0,0,0,0,
0.35,0.36,0.431568294562042,1.17422545915032,0,0,0,0,0,0,0,0,0,0,0,0,0,0,0,0,0,0,0,0,0,0,0,0,0,0,0,0,0,0,0,0,0,0,0,0,0,0,0.742658,0,0,0,0,0,0,0,0,0,0,0,0,0,0,0,0,0,0,0,0.00625812,0,0,0,0,0,0,0,0,0,0,0,0,0,0,0,0,0,0,0,
0.36,0.37,0.407270754527226,1.14274441936782,0,0,0,0,0,0,0,0,0,0,0,0,0,0,0,0,0,0,0,0,0,0,0,0,0,0,0,0,0,0,0,0,0,0,0,0,0,0,0.735474,0,0,0,0,0,0,0,0,0,0,0,0,0,0,0,0,0,0,0,0.00640191,0,0,0,0,0,0,0,0,0,0,0,0,0,0,0,0,0,0,0,
0.37,0.38,0.383214979055243,1.11157662116491,0,0,0,0,0,0,0,0,0,0,0,0,0,0,0,0,0,0,0,0,0,0,0,0,0,0,0,0,0,0,0,0,0,0,0,0,0,0,0.728362,0,0,0,0,0,0,0,0,0,0,0,0,0,0,0,0,0,0,0,0.00654427,0,0,0,0,0,0,0,0,0,0,0,0,0,0,0,0,0,0,0,
0.38,0.39,0.359398562548499,1.08071894773579,0,0,0,0,0,0,0,0,0,0,0,0,0,0,0,0,0,0,0,0,0,0,0,0,0,0,0,0,0,0,0,0,0,0,0,0,0,0,0.721321,0,0,0,0,0,0,0,0,0,0,0,0,0,0,0,0,0,0,0,0.00668522,0,0,0,0,0,0,0,0,0,0,0,0,0,0,0,0,0,0,0,
0.39,0.4,0.335819123345496,1.0501683132874,0,0,0,0,0,0,0,0,0,0,0,0,0,0,0,0,0,0,0,0,0,0,0,0,0,0,0,0,0,0,0,0,0,0,0,0,0,0,0.71435,0,0,0,0,0,0,0,0,0,0,0,0,0,0,0,0,0,0,0,0.00682476,0,0,0,0,0,0,0,0,0,0,0,0,0,0,0,0,0,0,0,
0.4,0.41,0.312474303482664,1.01992166273084,0,0,0,0,0,0,0,0,0,0,0,0,0,0,0,0,0,0,0,0,0,0,0,0,0,0,0,0,0,0,0,0,0,0,0,0,0,0,0.707448,0,0,0,0,0,0,0,0,0,0,0,0,0,0,0,0,0,0,0,0.00696292,0,0,0,0,0,0,0,0,0,0,0,0,0,0,0,0,0,0,0,
0.41,0.42,0.289361768458563,0.989975971375855,0,0,0,0,0,0,0,0,0,0,0,0,0,0,0,0,0,0,0,0,0,0,0,0,0,0,0,0,0,0,0,0,0,0,0,0,0,0,0.700615,0,0,0,0,0,0,0,0,0,0,0,0,0,0,0,0,0,0,0,0.0070997,0,0,0,0,0,0,0,0,0,0,0,0,0,0,0,0,0,0,0,
0.42,0.43,0.26647920700043,0.960328244628344,0,0,0,0,0,0,0,0,0,0,0,0,0,0,0,0,0,0,0,0,0,0,0,0,0,0,0,0,0,0,0,0,0,0,0,0,0,0,0.69385,0,0,0,0,0,0,0,0,0,0,0,0,0,0,0,0,0,0,0,0.00723512,0,0,0,0,0,0,0,0,0,0,0,0,0,0,0,0,0,0,0,
0.43,0.44,0.24382433083305,0.93097551769093,0,0,0,0,0,0,0,0,0,0,0,0,0,0,0,0,0,0,0,0,0,0,0,0,0,0,0,0,0,0,0,0,0,0,0,0,0,0,0.687152,0,0,0,0,0,0,0,0,0,0,0,0,0,0,0,0,0,0,0,0.00736919,0,0,0,0,0,0,0,0,0,0,0,0,0,0,0,0,0,0,0,
0.44,0.45,0.221394874449928,0.901914855266459,0,0,0,0,0,0,0,0,0,0,0,0,0,0,0,0,0,0,0,0,0,0,0,0,0,0,0,0,0,0,0,0,0,0,0,0,0,0,0.68052,0,0,0,0,0,0,0,0,0,0,0,0,0,0,0,0,0,0,0,0.00750193,0,0,0,0,0,0,0,0,0,0,0,0,0,0,0,0,0,0,0,
0.45,0.46,0.199188594886734,0.87314335126447,0,0,0,0,0,0,0,0,0,0,0,0,0,0,0,0,0,0,0,0,0,0,0,0,0,0,0,0,0,0,0,0,0,0,0,0,0,0,0.673955,0,0,0,0,0,0,0,0,0,0,0,0,0,0,0,0,0,0,0,0.00763334,0,0,0,0,0,0,0,0,0,0,0,0,0,0,0,0,0,0,0,
0.46,0.47,0.177203271497006,0.844658128510587,0,0,0,0,0,0,0,0,0,0,0,0,0,0,0,0,0,0,0,0,0,0,0,0,0,0,0,0,0,0,0,0,0,0,0,0,0,0,0.667455,0,0,0,0,0,0,0,0,0,0,0,0,0,0,0,0,0,0,0,0.00776345,0,0,0,0,0,0,0,0,0,0,0,0,0,0,0,0,0,0,0,
0.47,0.48,0.155436705730084,0.816456338458798,0,0,0,0,0,0,0,0,0,0,0,0,0,0,0,0,0,0,0,0,0,0,0,0,0,0,0,0,0,0,0,0,0,0,0,0,0,0,0.66102,0,0,0,0,0,0,0,0,0,0,0,0,0,0,0,0,0,0,0,0.00789227,0,0,0,0,0,0,0,0,0,0,0,0,0,0,0,0,0,0,0,
0.48,0.49,0.133886720911253,0.788535160906595,0,0,0,0,0,0,0,0,0,0,0,0,0,0,0,0,0,0,0,0,0,0,0,0,0,0,0,0,0,0,0,0,0,0,0,0,0,0,0.654649,0,0,0,0,0,0,0,0,0,0,0,0,0,0,0,0,0,0,0,0.0080198,0,0,0,0,0,0,0,0,0,0,0,0,0,0,0,0,0,0,0,
0.49,0.5,0.112551162024072,0.760891803712955,0,0,0,0,0,0,0,0,0,0,0,0,0,0,0,0,0,0,0,0,0,0,0,0,0,0,0,0,0,0,0,0,0,0,0,0,0,0,0.648341,0,0,0,0,0,0,0,0,0,0,0,0,0,0,0,0,0,0,0,0.00814606,0,0,0,0,0,0,0,0,0,0,0,0,0,0,0,0,0,0,0,
0.5,0.51,0.0914278954948737,0.733523502519123,0,0,0,0,0,0,0,0,0,0,0,0,0,0,0,0,0,0,0,0,0,0,0,0,0,0,0,0,0,0,0,0,0,0,0,0,0,0,0.642096,0,0,0,0,0,0,0,0,0,0,0,0,0,0,0,0,0,0,0,0.00827107,0,0,0,0,0,0,0,0,0,0,0,0,0,0,0,0,0,0,0,
0.51,0.52,0.070514808979401,0.706427520472172,0,0,0,0,0,0,0,0,0,0,0,0,0,0,0,0,0,0,0,0,0,0,0,0,0,0,0,0,0,0,0,0,0,0,0,0,0,0,0.635913,0,0,0,0,0,0,0,0,0,0,0,0,0,0,0,0,0,0,0,0.00839484,0,0,0,0,0,0,0,0,0,0,0,0,0,0,0,0,0,0,0,
0.52,0.53,0.0498098111515752,0.679601147951319,0,0,0,0,0,0,0,0,0,0,0,0,0,0,0,0,0,0,0,0,0,0,0,0,0,0,0,0,0,0,0,0,0,0,0,0,0,0,0.629792,0,0,0,0,0,0,0,0,0,0,0,0,0,0,0,0,0,0,0,0.00851737,0,0,0,0,0,0,0,0,0,0,0,0,0,0,0,0,0,0,0,
0.53,0.54,0.0293108314943595,0.653041702296954,0,0,0,0,0,0,0,0,0,0,0,0,0,0,0,0,0,0,0,0,0,0,0,0,0,0,0,0,0,0,0,0,0,0,0,0,0,0,0.623731,0,0,0,0,0,0,0,0,0,0,0,0,0,0,0,0,0,0,0,0.00863868,0,0,0,0,0,0,0,0,0,0,0,0,0,0,0,0,0,0,0,
0.54,0.55,0.00901582009270539,0.62674652754238,0,0,0,0,0,0,0,0,0,0,0,0,0,0,0,0,0,0,0,0,0,0,0,0,0,0,0,0,0,0,0,0,0,0,0,0,0,0,0.617731,0,0,0,0,0,0,0,0,0,0,0,0,0,0,0,0,0,0,0,0.00875879,0,0,0,0,0,0,0,0,0,0,0,0,0,0,0,0,0,0,0,
0.55,0.56,-0.0110772525714396,0.600712994148209,0,0,0,0,0,0,0,0,0,0,0,0,0,0,0,0,0,0,0,0,0,0,0,0,0,0,0,0,0,0,0,0,0,0,0,0,0,0,0.611791,0,0,0,0,0,0,0,0,0,0,0,0,0,0,0,0,0,0,0,0.0088777,0,0,0,0,0,0,0,0,0,0,0,0,0,0,0,0,0,0,0,
0.56,0.57,-0.0309703958220863,0.574938498739407,0,0,0,0,0,0,0,0,0,0,0,0,0,0,0,0,0,0,0,0,0,0,0,0,0,0,0,0,0,0,0,0,0,0,0,0,0,0,0.605909,0,0,0,0,0,0,0,0,0,0,0,0,0,0,0,0,0,0,0,0.00899543,0,0,0,0,0,0,0,0,0,0,0,0,0,0,0,0,0,0,0,
0.57,0.58,-0.0506655989901375,0.549420463844953,0,0,0,0,0,0,0,0,0,0,0,0,0,0,0,0,0,0,0,0,0,0,0,0,0,0,0,0,0,0,0,0,0,0,0,0,0,0,0.600087,0,0,0,0,0,0,0,0,0,0,0,0,0,0,0,0,0,0,0,0.00911198,0,0,0,0,0,0,0,0,0,0,0,0,0,0,0,0,0,0,0,
0.58,0.59,-0.0701648316123225,0.524156337640094,0,0,0,0,0,0,0,0,0,0,0,0,0,0,0,0,0,0,0,0,0,0,0,0,0,0,0,0,0,0,0,0,0,0,0,0,0,0,0.594322,0,0,0,0,0,0,0,0,0,0,0,0,0,0,0,0,0,0,0,0.00922738,0,0,0,0,0,0,0,0,0,0,0,0,0,0,0,0,0,0,0,
0.59,0.6,-0.0894700436281531,0.499143593691155,0,0,0,0,0,0,0,0,0,0,0,0,0,0,0,0,0,0,0,0,0,0,0,0,0,0,0,0,0,0,0,0,0,0,0,0,0,0,0.588614,0,0,0,0,0,0,0,0,0,0,0,0,0,0,0,0,0,0,0,0.00934163,0,0,0,0,0,0,0,0,0,0,0,0,0,0,0,0,0,0,0,
0.6,0.61,-0.108583165574919,0.474379730702897,0,0,0,0,0,0,0,0,0,0,0,0,0,0,0,0,0,0,0,0,0,0,0,0,0,0,0,0,0,0,0,0,0,0,0,0,0,0,0.582963,0,0,0,0,0,0,0,0,0,0,0,0,0,0,0,0,0,0,0,0.00945474,0,0,0,0,0,0,0,0,0,0,0,0,0,0,0,0,0,0,0,
0.61,0.62,-0.127506108780741,0.449862272268386,0,0,0,0,0,0,0,0,0,0,0,0,0,0,0,0,0,0,0,0,0,0,0,0,0,0,0,0,0,0,0,0,0,0,0,0,0,0,0.577369,0,0,0,0,0,0,0,0,0,0,0,0,0,0,0,0,0,0,0,0.00956673,0,0,0,0,0,0,0,0,0,0,0,0,0,0,0,0,0,0,0,
0.62,0.63,-0.146240765555711,0.425588766621345,0,0,0,0,0,0,0,0,0,0,0,0,0,0,0,0,0,0,0,0,0,0,0,0,0,0,0,0,0,0,0,0,0,0,0,0,0,0,0.57183,0,0,0,0,0,0,0,0,0,0,0,0,0,0,0,0,0,0,0,0.0096776,0,0,0,0,0,0,0,0,0,0,0,0,0,0,0,0,0,0,0,
0.63,0.64,-0.164789009381118,0.401556786390983,0,0,0,0,0,0,0,0,0,0,0,0,0,0,0,0,0,0,0,0,0,0,0,0,0,0,0,0,0,0,0,0,0,0,0,0,0,0,0.566346,0,0,0,0,0,0,0,0,0,0,0,0,0,0,0,0,0,0,0,0.00978737,0,0,0,0,0,0,0,0,0,0,0,0,0,0,0,0,0,0,0,
0.64,0.65,-0.183152695096801,0.37776392835925,0,0,0,0,0,0,0,0,0,0,0,0,0,0,0,0,0,0,0,0,0,0,0,0,0,0,0,0,0,0,0,0,0,0,0,0,0,0,0.560917,0,0,0,0,0,0,0,0,0,0,0,0,0,0,0,0,0,0,0,0.00989605,0,0,0,0,0,0,0,0,0,0,0,0,0,0,0,0,0,0,0,
0.65,0.66,-0.201333659086634,0.354207813220515,0,0,0,0,0,0,0,0,0,0,0,0,0,0,0,0,0,0,0,0,0,0,0,0,0,0,0,0,0,0,0,0,0,0,0,0,0,0,0.555542,0,0,0,0,0,0,0,0,0,0,0,0,0,0,0,0,0,0,0,0.0100037,0,0,0,0,0,0,0,0,0,0,0,0,0,0,0,0,0,0,0,
0.66,0.67,-0.219333719462169,0.330886085343635,0,0,0,0,0,0,0,0,0,0,0,0,0,0,0,0,0,0,0,0,0,0,0,0,0,0,0,0,0,0,0,0,0,0,0,0,0,0,0.55022,0,0,0,0,0,0,0,0,0,0,0,0,0,0,0,0,0,0,0,0.0101102,0,0,0,0,0,0,0,0,0,0,0,0,0,0,0,0,0,0,0,
0.67,0.68,-0.237154676244442,0.307796412536385,0,0,0,0,0,0,0,0,0,0,0,0,0,0,0,0,0,0,0,0,0,0,0,0,0,0,0,0,0,0,0,0,0,0,0,0,0,0,0.544952,0,0,0,0,0,0,0,0,0,0,0,0,0,0,0,0,0,0,0,0.0102157,0,0,0,0,0,0,0,0,0,0,0,0,0,0,0,0,0,0,0,
0.68,0.69,-0.254798311543982,0.284936485812246,0,0,0,0,0,0,0,0,0,0,0,0,0,0,0,0,0,0,0,0,0,0,0,0,0,0,0,0,0,0,0,0,0,0,0,0,0,0,0.539735,0,0,0,0,0,0,0,0,0,0,0,0,0,0,0,0,0,0,0,0.0103201,0,0,0,0,0,0,0,0,0,0,0,0,0,0,0,0,0,0,0,
0.69,0.7,-0.272266389739023,0.262304019159493,0,0,0,0,0,0,0,0,0,0,0,0,0,0,0,0,0,0,0,0,0,0,0,0,0,0,0,0,0,0,0,0,0,0,0,0,0,0,0.534571,0,0,0,0,0,0,0,0,0,0,0,0,0,0,0,0,0,0,0,0.0104235,0,0,0,0,0,0,0,0,0,0,0,0,0,0,0,0,0,0,0,
0.7,0.71,-0.28956065765194,0.239896749312601,0,0,0,0,0,0,0,0,0,0,0,0,0,0,0,0,0,0,0,0,0,0,0,0,0,0,0,0,0,0,0,0,0,0,0,0,0,0,0.529458,0,0,0,0,0,0,0,0,0,0,0,0,0,0,0,0,0,0,0,0.0105258,0,0,0,0,0,0,0,0,0,0,0,0,0,0,0,0,0,0,0,
0.71,0.72,-0.306682844723938,0.217712435525914,0,0,0,0,0,0,0,0,0,0,0,0,0,0,0,0,0,0,0,0,0,0,0,0,0,0,0,0,0,0,0,0,0,0,0,0,0,0,0.524396,0,0,0,0,0,0,0,0,0,0,0,0,0,0,0,0,0,0,0,0.0106271,0,0,0,0,0,0,0,0,0,0,0,0,0,0,0,0,0,0,0,
0.72,0.73,-0.323634663187991,0.195748859349564,0,0,0,0,0,0,0,0,0,0,0,0,0,0,0,0,0,0,0,0,0,0,0,0,0,0,0,0,0,0,0,0,0,0,0,0,0,0,0.519384,0,0,0,0,0,0,0,0,0,0,0,0,0,0,0,0,0,0,0,0.0107275,0,0,0,0,0,0,0,0,0,0,0,0,0,0,0,0,0,0,0,
0.73,0.74,-0.340417808240073,0.174003824407632,0,0,0,0,0,0,0,0,0,0,0,0,0,0,0,0,0,0,0,0,0,0,0,0,0,0,0,0,0,0,0,0,0,0,0,0,0,0,0.514422,0,0,0,0,0,0,0,0,0,0,0,0,0,0,0,0,0,0,0,0.0108268,0,0,0,0,0,0,0,0,0,0,0,0,0,0,0,0,0,0,0,
0.74,0.75,-0.357033958208676,0.152475156178502,0,0,0,0,0,0,0,0,0,0,0,0,0,0,0,0,0,0,0,0,0,0,0,0,0,0,0,0,0,0,0,0,0,0,0,0,0,0,0.50951,0,0,0,0,0,0,0,0,0,0,0,0,0,0,0,0,0,0,0,0.0109251,0,0,0,0,0,0,0,0,0,0,0,0,0,0,0,0,0,0,0,
0.75,0.76,-0.373484774722641,0.131160701777412,0,0,0,0,0,0,0,0,0,0,0,0,0,0,0,0,0,0,0,0,0,0,0,0,0,0,0,0,0,0,0,0,0,0,0,0,0,0,0.504646,0,0,0,0,0,0,0,0,0,0,0,0,0,0,0,0,0,0,0,0.0110225,0,0,0,0,0,0,0,0,0,0,0,0,0,0,0,0,0,0,0,
0.76,0.77,-0.389771902877331,0.110058329741158,0,0,0,0,0,0,0,0,0,0,0,0,0,0,0,0,0,0,0,0,0,0,0,0,0,0,0,0,0,0,0,0,0,0,0,0,0,0,0.499831,0,0,0,0,0,0,0,0,0,0,0,0,0,0,0,0,0,0,0,0.0111189,0,0,0,0,0,0,0,0,0,0,0,0,0,0,0,0,0,0,0,
0.77,0.78,-0.405896971399133,0.0891659298149511,0,0,0,0,0,0,0,0,0,0,0,0,0,0,0,0,0,0,0,0,0,0,0,0,0,0,0,0,0,0,0,0,0,0,0,0,0,0,0.495063,0,0,0,0,0,0,0,0,0,0,0,0,0,0,0,0,0,0,0,0.0112143,0,0,0,0,0,0,0,0,0,0,0,0,0,0,0,0,0,0,0,
0.78,0.79,-0.421861592808338,0.0684814127413892,0,0,0,0,0,0,0,0,0,0,0,0,0,0,0,0,0,0,0,0,0,0,0,0,0,0,0,0,0,0,0,0,0,0,0,0,0,0,0.490344,0,0,0,0,0,0,0,0,0,0,0,0,0,0,0,0,0,0,0,0.0113088,0,0,0,0,0,0,0,0,0,0,0,0,0,0,0,0,0,0,0,
0.79,0.8,-0.437667363580389,0.0480027100515275,0,0,0,0,0,0,0,0,0,0,0,0,0,0,0,0,0,0,0,0,0,0,0,0,0,0,0,0,0,0,0,0,0,0,0,0,0,0,0.485671,0,0,0,0,0,0,0,0,0,0,0,0,0,0,0,0,0,0,0,0.0114023,0,0,0,0,0,0,0,0,0,0,0,0,0,0,0,0,0,0,0,
0.8,0.81,-0.453315864305535,0.0277277738580313,0,0,0,0,0,0,0,0,0,0,0,0,0,0,0,0,0,0,0,0,0,0,0,0,0,0,0,0,0,0,0,0,0,0,0,0,0,0,0.481044,0,0,0,0,0,0,0,0,0,0,0,0,0,0,0,0,0,0,0,0.0114949,0,0,0,0,0,0,0,0,0,0,0,0,0,0,0,0,0,0,0,
0.81,0.82,-0.46880865984689,0.00765457665038533,0,0,0,0,0,0,0,0,0,0,0,0,0,0,0,0,0,0,0,0,0,0,0,0,0,0,0,0,0,0,0,0,0,0,0,0,0,0,0.476464,0,0,0,0,0,0,0,0,0,0,0,0,0,0,0,0,0,0,0,0.0115866,0,0,0,0,0,0,0,0,0,0,0,0,0,0,0,0,0,0,0,
0.82,0.83,-0.484147299496919,-0.0122188889078587,0,0,0,0,0,0,0,0,0,0,0,0,0,0,0,0,0,0,0,0,0,0,0,0,0,0,0,0,0,0,0,0,0,0,0,0,0,0,0.471929,0,0,0,0,0,0,0,0,0,0,0,0,0,0,0,0,0,0,0,0.0116774,0,0,0,0,0,0,0,0,0,0,0,0,0,0,0,0,0,0,0,
0.83,0.84,-0.499333317132368,-0.031894610179818,0,0,0,0,0,0,0,0,0,0,0,0,0,0,0,0,0,0,0,0,0,0,0,0,0,0,0,0,0,0,0,0,0,0,0,0,0,0,0.467439,0,0,0,0,0,0,0,0,0,0,0,0,0,0,0,0,0,0,0,0.0117673,0,0,0,0,0,0,0,0,0,0,0,0,0,0,0,0,0,0,0,
0.84,0.85,-0.514368231367656,-0.0513745547540163,0,0,0,0,0,0,0,0,0,0,0,0,0,0,0,0,0,0,0,0,0,0,0,0,0,0,0,0,0,0,0,0,0,0,0,0,0,0,0.462994,0,0,0,0,0,0,0,0,0,0,0,0,0,0,0,0,0,0,0,0.0118562,0,0,0,0,0,0,0,0,0,0,0,0,0,0,0,0,0,0,0,
0.85,0.86,-0.529253545706737,-0.0706606706411443,0,0,0,0,0,0,0,0,0,0,0,0,0,0,0,0,0,0,0,0,0,0,0,0,0,0,0,0,0,0,0,0,0,0,0,0,0,0,0.458593,0,0,0,0,0,0,0,0,0,0,0,0,0,0,0,0,0,0,0,0.0119443,0,0,0,0,0,0,0,0,0,0,0,0,0,0,0,0,0,0,0,
0.86,0.87,-0.543990748693447,-0.0897548864688626,0,0,0,0,0,0,0,0,0,0,0,0,0,0,0,0,0,0,0,0,0,0,0,0,0,0,0,0,0,0,0,0,0,0,0,0,0,0,0.454236,0,0,0,0,0,0,0,0,0,0,0,0,0,0,0,0,0,0,0,0.0120315,0,0,0,0,0,0,0,0,0,0,0,0,0,0,0,0,0,0,0,
0.87,0.88,-0.558581314060368,-0.108659111674666,0,0,0,0,0,0,0,0,0,0,0,0,0,0,0,0,0,0,0,0,0,0,0,0,0,0,0,0,0,0,0,0,0,0,0,0,0,0,0.449923,0,0,0,0,0,0,0,0,0,0,0,0,0,0,0,0,0,0,0,0.0121179,0,0,0,0,0,0,0,0,0,0,0,0,0,0,0,0,0,0,0,
0.88,0.89,-0.573026700876194,-0.127375236696828,0,0,0,0,0,0,0,0,0,0,0,0,0,0,0,0,0,0,0,0,0,0,0,0,0,0,0,0,0,0,0,0,0,0,0,0,0,0,0.445652,0,0,0,0,0,0,0,0,0,0,0,0,0,0,0,0,0,0,0,0.0122034,0,0,0,0,0,0,0,0,0,0,0,0,0,0,0,0,0,0,0,
0.89,0.9,-0.587328353691644,-0.145905133163449,0,0,0,0,0,0,0,0,0,0,0,0,0,0,0,0,0,0,0,0,0,0,0,0,0,0,0,0,0,0,0,0,0,0,0,0,0,0,0.441424,0,0,0,0,0,0,0,0,0,0,0,0,0,0,0,0,0,0,0,0.012288,0,0,0,0,0,0,0,0,0,0,0,0,0,0,0,0,0,0,0,
0.9,0.91,-0.60148770268392,-0.164250654079616,0,0,0,0,0,0,0,0,0,0,0,0,0,0,0,0,0,0,0,0,0,0,0,0,0,0,0,0,0,0,0,0,0,0,0,0,0,0,0.437238,0,0,0,0,0,0,0,0,0,0,0,0,0,0,0,0,0,0,0,0.0123718,0,0,0,0,0,0,0,0,0,0,0,0,0,0,0,0,0,0,0,
0.91,0.92,-0.615506163799719,-0.182413634012708,0,0,0,0,0,0,0,0,0,0,0,0,0,0,0,0,0,0,0,0,0,0,0,0,0,0,0,0,0,0,0,0,0,0,0,0,0,0,0.433093,0,0,0,0,0,0,0,0,0,0,0,0,0,0,0,0,0,0,0,0.0124548,0,0,0,0,0,0,0,0,0,0,0,0,0,0,0,0,0,0,0,
0.92,0.93,-0.629385138896835,-0.200395889275856,0,0,0,0,0,0,0,0,0,0,0,0,0,0,0,0,0,0,0,0,0,0,0,0,0,0,0,0,0,0,0,0,0,0,0,0,0,0,0.42899,0,0,0,0,0,0,0,0,0,0,0,0,0,0,0,0,0,0,0,0.0125369,0,0,0,0,0,0,0,0,0,0,0,0,0,0,0,0,0,0,0,
0.93,0.94,-0.643126015884343,-0.218199218109571,0,0,0,0,0,0,0,0,0,0,0,0,0,0,0,0,0,0,0,0,0,0,0,0,0,0,0,0,0,0,0,0,0,0,0,0,0,0,0.424927,0,0,0,0,0,0,0,0,0,0,0,0,0,0,0,0,0,0,0,0.0126182,0,0,0,0,0,0,0,0,0,0,0,0,0,0,0,0,0,0,0,
0.94,0.95,-0.656730168861394,-0.235825400861572,0,0,0,0,0,0,0,0,0,0,0,0,0,0,0,0,0,0,0,0,0,0,0,0,0,0,0,0,0,0,0,0,0,0,0,0,0,0,0.420905,0,0,0,0,0,0,0,0,0,0,0,0,0,0,0,0,0,0,0,0.0126987,0,0,0,0,0,0,0,0,0,0,0,0,0,0,0,0,0,0,0,
0.95,0.96,-0.670198958254621,-0.253276200164823,0,0,0,0,0,0,0,0,0,0,0,0,0,0,0,0,0,0,0,0,0,0,0,0,0,0,0,0,0,0,0,0,0,0,0,0,0,0,0.416923,0,0,0,0,0,0,0,0,0,0,0,0,0,0,0,0,0,0,0,0.0127784,0,0,0,0,0,0,0,0,0,0,0,0,0,0,0,0,0,0,0,
0.96,0.97,-0.683533730954188,-0.270553361113797,0,0,0,0,0,0,0,0,0,0,0,0,0,0,0,0,0,0,0,0,0,0,0,0,0,0,0,0,0,0,0,0,0,0,0,0,0,0,0.412981,0,0,0,0,0,0,0,0,0,0,0,0,0,0,0,0,0,0,0,0.0128574,0,0,0,0,0,0,0,0,0,0,0,0,0,0,0,0,0,0,0,
0.97,0.98,-0.696735820448477,-0.287658611438986,0,0,0,0,0,0,0,0,0,0,0,0,0,0,0,0,0,0,0,0,0,0,0,0,0,0,0,0,0,0,0,0,0,0,0,0,0,0,0.409078,0,0,0,0,0,0,0,0,0,0,0,0,0,0,0,0,0,0,0,0.0129355,0,0,0,0,0,0,0,0,0,0,0,0,0,0,0,0,0,0,0,
0.98,0.99,-0.70980654695744,-0.304593661679678,0,0,0,0,0,0,0,0,0,0,0,0,0,0,0,0,0,0,0,0,0,0,0,0,0,0,0,0,0,0,0,0,0,0,0,0,0,0,0.405213,0,0,0,0,0,0,0,0,0,0,0,0,0,0,0,0,0,0,0,0.0130128,0,0,0,0,0,0,0,0,0,0,0,0,0,0,0,0,0,0,0,
0.99,1,-0.72274721756462,-0.321360205355008,0,0,0,0,0,0,0,0,0,0,0,0,0,0,0,0,0,0,0,0,0,0,0,0,0,0,0,0,0,0,0,0,0,0,0,0,0,0,0.401388,0,0,0,0,0,0,0,0,0,0,0,0,0,0,0,0,0,0,0,0.0130894,0,0,0,0,0,0,0,0,0,0,0,0,0,0,0,0,0,0,0,
1,1.01,-0.735559126347861,-0.337959919133317,0,0,0,0,0,0,0,0,0,0,0,0,0,0,0,0,0,0,0,0,0,0,0,0,0,0,0,0,0,0,0,0,0,0,0,0,0,0,0.3976,0,0,0,0,0,0,0,0,0,0,0,0,0,0,0,0,0,0,0,0.0131652,0,0,0,0,0,0,0,0,0,0,0,0,0,0,0,0,0,0,0,
1.01,1.02,-0.748243554508719,-0.354394462999815,0,0,0,0,0,0,0,0,0,0,0,0,0,0,0,0,0,0,0,0,0,0,0,0,0,0,0,0,0,0,0,0,0,0,0,0,0,0,0.39385,0,0,0,0,0,0,0,0,0,0,0,0,0,0,0,0,0,0,0,0.0132403,0,0,0,0,0,0,0,0,0,0,0,0,0,0,0,0,0,0,0,
1.02,1.03,-0.760801770500579,-0.370665480422585,0,0,0,0,0,0,0,0,0,0,0,0,0,0,0,0,0,0,0,0,0,0,0,0,0,0,0,0,0,0,0,0,0,0,0,0,0,0,0.390137,0,0,0,0,0,0,0,0,0,0,0,0,0,0,0,0,0,0,0,0.0133146,0,0,0,0,0,0,0,0,0,0,0,0,0,0,0,0,0,0,0,
1.03,1.04,-0.773235030155505,-0.386774598516929,0,0,0,0,0,0,0,0,0,0,0,0,0,0,0,0,0,0,0,0,0,0,0,0,0,0,0,0,0,0,0,0,0,0,0,0,0,0,0.386461,0,0,0,0,0,0,0,0,0,0,0,0,0,0,0,0,0,0,0,0.0133882,0,0,0,0,0,0,0,0,0,0,0,0,0,0,0,0,0,0,0,
1.04,1.05,-0.785544576809826,-0.402723428208079,0,0,0,0,0,0,0,0,0,0,0,0,0,0,0,0,0,0,0,0,0,0,0,0,0,0,0,0,0,0,0,0,0,0,0,0,0,0,0.382822,0,0,0,0,0,0,0,0,0,0,0,0,0,0,0,0,0,0,0,0.0134611,0,0,0,0,0,0,0,0,0,0,0,0,0,0,0,0,0,0,0,
1.05,1.06,-0.797731641428465,-0.418513564392296,0,0,0,0,0,0,0,0,0,0,0,0,0,0,0,0,0,0,0,0,0,0,0,0,0,0,0,0,0,0,0,0,0,0,0,0,0,0,0.379219,0,0,0,0,0,0,0,0,0,0,0,0,0,0,0,0,0,0,0,0.0135332,0,0,0,0,0,0,0,0,0,0,0,0,0,0,0,0,0,0,0,
1.06,1.07,-0.809797442728037,-0.434146586096357,0,0,0,0,0,0,0,0,0,0,0,0,0,0,0,0,0,0,0,0,0,0,0,0,0,0,0,0,0,0,0,0,0,0,0,0,0,0,0.375651,0,0,0,0,0,0,0,0,0,0,0,0,0,0,0,0,0,0,0,0.0136046,0,0,0,0,0,0,0,0,0,0,0,0,0,0,0,0,0,0,0,
1.07,1.08,-0.82174318729873,-0.44962405663546,0,0,0,0,0,0,0,0,0,0,0,0,0,0,0,0,0,0,0,0,0,0,0,0,0,0,0,0,0,0,0,0,0,0,0,0,0,0,0.37212,0,0,0,0,0,0,0,0,0,0,0,0,0,0,0,0,0,0,0,0.0136753,0,0,0,0,0,0,0,0,0,0,0,0,0,0,0,0,0,0,0,
1.08,1.09,-0.833570069724954,-0.464947523769556,0,0,0,0,0,0,0,0,0,0,0,0,0,0,0,0,0,0,0,0,0,0,0,0,0,0,0,0,0,0,0,0,0,0,0,0,0,0,0.368623,0,0,0,0,0,0,0,0,0,0,0,0,0,0,0,0,0,0,0,0.0137453,0,0,0,0,0,0,0,0,0,0,0,0,0,0,0,0,0,0,0,
1.09,1.1,-0.845279272704809,-0.480118519858129,0,0,0,0,0,0,0,0,0,0,0,0,0,0,0,0,0,0,0,0,0,0,0,0,0,0,0,0,0,0,0,0,0,0,0,0,0,0,0.365161,0,0,0,0,0,0,0,0,0,0,0,0,0,0,0,0,0,0,0,0.0138146,0,0,0,0,0,0,0,0,0,0,0,0,0,0,0,0,0,0,0,
1.1,1.11,-0.856871967168349,-0.49513856201343,0,0,0,0,0,0,0,0,0,0,0,0,0,0,0,0,0,0,0,0,0,0,0,0,0,0,0,0,0,0,0,0,0,0,0,0,0,0,0.361734,0,0,0,0,0,0,0,0,0,0,0,0,0,0,0,0,0,0,0,0.0138832,0,0,0,0,0,0,0,0,0,0,0,0,0,0,0,0,0,0,0,
1.11,1.12,-0.868349312394682,-0.510009152252191,0,0,0,0,0,0,0,0,0,0,0,0,0,0,0,0,0,0,0,0,0,0,0,0,0,0,0,0,0,0,0,0,0,0,0,0,0,0,0.358341,0,0,0,0,0,0,0,0,0,0,0,0,0,0,0,0,0,0,0,0.0139511,0,0,0,0,0,0,0,0,0,0,0,0,0,0,0,0,0,0,0,
1.12,1.13,-0.879712456127894,-0.524731777645828,0,0,0,0,0,0,0,0,0,0,0,0,0,0,0,0,0,0,0,0,0,0,0,0,0,0,0,0,0,0,0,0,0,0,0,0,0,0,0.354981,0,0,0,0,0,0,0,0,0,0,0,0,0,0,0,0,0,0,0,0.0140183,0,0,0,0,0,0,0,0,0,0,0,0,0,0,0,0,0,0,0,
1.13,1.14,-0.890962534691829,-0.53930791046915,0,0,0,0,0,0,0,0,0,0,0,0,0,0,0,0,0,0,0,0,0,0,0,0,0,0,0,0,0,0,0,0,0,0,0,0,0,0,0.351655,0,0,0,0,0,0,0,0,0,0,0,0,0,0,0,0,0,0,0,0.0140849,0,0,0,0,0,0,0,0,0,0,0,0,0,0,0,0,0,0,0,
1.14,1.15,-0.902100673103718,-0.553739008347586,0,0,0,0,0,0,0,0,0,0,0,0,0,0,0,0,0,0,0,0,0,0,0,0,0,0,0,0,0,0,0,0,0,0,0,0,0,0,0.348362,0,0,0,0,0,0,0,0,0,0,0,0,0,0,0,0,0,0,0,0.0141508,0,0,0,0,0,0,0,0,0,0,0,0,0,0,0,0,0,0,0,
1.15,1.16,-0.913127985186683,-0.56802651440295,0,0,0,0,0,0,0,0,0,0,0,0,0,0,0,0,0,0,0,0,0,0,0,0,0,0,0,0,0,0,0,0,0,0,0,0,0,0,0.345102,0,0,0,0,0,0,0,0,0,0,0,0,0,0,0,0,0,0,0,0.0142161,0,0,0,0,0,0,0,0,0,0,0,0,0,0,0,0,0,0,0,
1.16,1.17,-0.924045573681124,-0.582171857397752,0,0,0,0,0,0,0,0,0,0,0,0,0,0,0,0,0,0,0,0,0,0,0,0,0,0,0,0,0,0,0,0,0,0,0,0,0,0,0.341874,0,0,0,0,0,0,0,0,0,0,0,0,0,0,0,0,0,0,0,0.0142807,0,0,0,0,0,0,0,0,0,0,0,0,0,0,0,0,0,0,0,
1.17,1.18,-0.934854530354987,-0.596176451878082,0,0,0,0,0,0,0,0,0,0,0,0,0,0,0,0,0,0,0,0,0,0,0,0,0,0,0,0,0,0,0,0,0,0,0,0,0,0,0.338679,0,0,0,0,0,0,0,0,0,0,0,0,0,0,0,0,0,0,0,0.0143447,0,0,0,0,0,0,0,0,0,0,0,0,0,0,0,0,0,0,0,
1.18,1.19,-0.945555936112947,-0.610041698315056,0,0,0,0,0,0,0,0,0,0,0,0,0,0,0,0,0,0,0,0,0,0,0,0,0,0,0,0,0,0,0,0,0,0,0,0,0,0,0.335515,0,0,0,0,0,0,0,0,0,0,0,0,0,0,0,0,0,0,0,0.014408,0,0,0,0,0,0,0,0,0,0,0,0,0,0,0,0,0,0,0,
1.19,1.2,-0.956150861104497,-0.623768983244874,0,0,0,0,0,0,0,0,0,0,0,0,0,0,0,0,0,0,0,0,0,0,0,0,0,0,0,0,0,0,0,0,0,0,0,0,0,0,0.332382,0,0,0,0,0,0,0,0,0,0,0,0,0,0,0,0,0,0,0,0.0144707,0,0,0,0,0,0,0,0,0,0,0,0,0,0,0,0,0,0,0,
1.2,1.21,-0.966640364830966,-0.637359679407468,0,0,0,0,0,0,0,0,0,0,0,0,0,0,0,0,0,0,0,0,0,0,0,0,0,0,0,0,0,0,0,0,0,0,0,0,0,0,0.329281,0,0,0,0,0,0,0,0,0,0,0,0,0,0,0,0,0,0,0,0.0145328,0,0,0,0,0,0,0,0,0,0,0,0,0,0,0,0,0,0,0,
1.21,1.22,-0.977025496251468,-0.650815145883779,0,0,0,0,0,0,0,0,0,0,0,0,0,0,0,0,0,0,0,0,0,0,0,0,0,0,0,0,0,0,0,0,0,0,0,0,0,0,0.326211,0,0,0,0,0,0,0,0,0,0,0,0,0,0,0,0,0,0,0,0.0145942,0,0,0,0,0,0,0,0,0,0,0,0,0,0,0,0,0,0,0,
1.22,1.23,-0.9873072938878,-0.664136728231669,0,0,0,0,0,0,0,0,0,0,0,0,0,0,0,0,0,0,0,0,0,0,0,0,0,0,0,0,0,0,0,0,0,0,0,0,0,0,0.323171,0,0,0,0,0,0,0,0,0,0,0,0,0,0,0,0,0,0,0,0.0146551,0,0,0,0,0,0,0,0,0,0,0,0,0,0,0,0,0,0,0,
1.23,1.24,-0.997486785928293,-0.677325758620473,0,0,0,0,0,0,0,0,0,0,0,0,0,0,0,0,0,0,0,0,0,0,0,0,0,0,0,0,0,0,0,0,0,0,0,0,0,0,0.320162,0,0,0,0,0,0,0,0,0,0,0,0,0,0,0,0,0,0,0,0.0147153,0,0,0,0,0,0,0,0,0,0,0,0,0,0,0,0,0,0,0,
1.24,1.25,-1.00756499033063,-0.690383555964221,0,0,0,0,0,0,0,0,0,0,0,0,0,0,0,0,0,0,0,0,0,0,0,0,0,0,0,0,0,0,0,0,0,0,0,0,0,0,0.317182,0,0,0,0,0,0,0,0,0,0,0,0,0,0,0,0,0,0,0,0.014775,0,0,0,0,0,0,0,0,0,0,0,0,0,0,0,0,0,0,0,
1.25,1.26,-1.01754291492366,-0.703311426053529,0,0,0,0,0,0,0,0,0,0,0,0,0,0,0,0,0,0,0,0,0,0,0,0,0,0,0,0,0,0,0,0,0,0,0,0,0,0,0.314232,0,0,0,0,0,0,0,0,0,0,0,0,0,0,0,0,0,0,0,0.014834,0,0,0,0,0,0,0,0,0,0,0,0,0,0,0,0,0,0,0,
1.26,1.27,-1.02742155750815,-0.716110661686179,0,0,0,0,0,0,0,0,0,0,0,0,0,0,0,0,0,0,0,0,0,0,0,0,0,0,0,0,0,0,0,0,0,0,0,0,0,0,0.311311,0,0,0,0,0,0,0,0,0,0,0,0,0,0,0,0,0,0,0,0.0148925,0,0,0,0,0,0,0,0,0,0,0,0,0,0,0,0,0,0,0,
1.27,1.28,-1.03720190595659,-0.728782542796401,0,0,0,0,0,0,0,0,0,0,0,0,0,0,0,0,0,0,0,0,0,0,0,0,0,0,0,0,0,0,0,0,0,0,0,0,0,0,0.30842,0,0,0,0,0,0,0,0,0,0,0,0,0,0,0,0,0,0,0,0.0149504,0,0,0,0,0,0,0,0,0,0,0,0,0,0,0,0,0,0,0,
1.28,1.29,-1.04688493831198,-0.741328336582865,0,0,0,0,0,0,0,0,0,0,0,0,0,0,0,0,0,0,0,0,0,0,0,0,0,0,0,0,0,0,0,0,0,0,0,0,0,0,0.305557,0,0,0,0,0,0,0,0,0,0,0,0,0,0,0,0,0,0,0,0.0150077,0,0,0,0,0,0,0,0,0,0,0,0,0,0,0,0,0,0,0,
1.29,1.3,-1.05647162288562,-0.753749297635406,0,0,0,0,0,0,0,0,0,0,0,0,0,0,0,0,0,0,0,0,0,0,0,0,0,0,0,0,0,0,0,0,0,0,0,0,0,0,0.302723,0,0,0,0,0,0,0,0,0,0,0,0,0,0,0,0,0,0,0,0.0150644,0,0,0,0,0,0,0,0,0,0,0,0,0,0,0,0,0,0,0,
1.3,1.31,-1.06596291835395,-0.766046668060478,0,0,0,0,0,0,0,0,0,0,0,0,0,0,0,0,0,0,0,0,0,0,0,0,0,0,0,0,0,0,0,0,0,0,0,0,0,0,0.299917,0,0,0,0,0,0,0,0,0,0,0,0,0,0,0,0,0,0,0,0.0151206,0,0,0,0,0,0,0,0,0,0,0,0,0,0,0,0,0,0,0,
1.31,1.32,-1.07535977385445,-0.778221677605373,0,0,0,0,0,0,0,0,0,0,0,0,0,0,0,0,0,0,0,0,0,0,0,0,0,0,0,0,0,0,0,0,0,0,0,0,0,0,0.297139,0,0,0,0,0,0,0,0,0,0,0,0,0,0,0,0,0,0,0,0.0151762,0,0,0,0,0,0,0,0,0,0,0,0,0,0,0,0,0,0,0,
1.32,1.33,-1.08466312908047,-0.790275543781191,0,0,0,0,0,0,0,0,0,0,0,0,0,0,0,0,0,0,0,0,0,0,0,0,0,0,0,0,0,0,0,0,0,0,0,0,0,0,0.294388,0,0,0,0,0,0,0,0,0,0,0,0,0,0,0,0,0,0,0,0.0152312,0,0,0,0,0,0,0,0,0,0,0,0,0,0,0,0,0,0,0,
1.33,1.34,-1.09387391437531,-0.802209471984594,0,0,0,0,0,0,0,0,0,0,0,0,0,0,0,0,0,0,0,0,0,0,0,0,0,0,0,0,0,0,0,0,0,0,0,0,0,0,0.291665,0,0,0,0,0,0,0,0,0,0,0,0,0,0,0,0,0,0,0,0.0152858,0,0,0,0,0,0,0,0,0,0,0,0,0,0,0,0,0,0,0,
1.34,1.35,-1.10299305082516,-0.814024655618348,0,0,0,0,0,0,0,0,0,0,0,0,0,0,0,0,0,0,0,0,0,0,0,0,0,0,0,0,0,0,0,0,0,0,0,0,0,0,0.288969,0,0,0,0,0,0,0,0,0,0,0,0,0,0,0,0,0,0,0,0.0153397,0,0,0,0,0,0,0,0,0,0,0,0,0,0,0,0,0,0,0,
1.35,1.36,-1.11202145035127,-0.825722276210662,0,0,0,0,0,0,0,0,0,0,0,0,0,0,0,0,0,0,0,0,0,0,0,0,0,0,0,0,0,0,0,0,0,0,0,0,0,0,0.2863,0,0,0,0,0,0,0,0,0,0,0,0,0,0,0,0,0,0,0,0.0153932,0,0,0,0,0,0,0,0,0,0,0,0,0,0,0,0,0,0,0,
1.36,1.37,-1.12096001580112,-0.837303503533343,0,0,0,0,0,0,0,0,0,0,0,0,0,0,0,0,0,0,0,0,0,0,0,0,0,0,0,0,0,0,0,0,0,0,0,0,0,0,0.283657,0,0,0,0,0,0,0,0,0,0,0,0,0,0,0,0,0,0,0,0.0154461,0,0,0,0,0,0,0,0,0,0,0,0,0,0,0,0,0,0,0,
1.37,1.38,-1.1298096410387,-0.848769495718775,0,0,0,0,0,0,0,0,0,0,0,0,0,0,0,0,0,0,0,0,0,0,0,0,0,0,0,0,0,0,0,0,0,0,0,0,0,0,0.281041,0,0,0,0,0,0,0,0,0,0,0,0,0,0,0,0,0,0,0,0.0154984,0,0,0,0,0,0,0,0,0,0,0,0,0,0,0,0,0,0,0,
1.38,1.39,-1.13857121103391,-0.860121399375731,0,0,0,0,0,0,0,0,0,0,0,0,0,0,0,0,0,0,0,0,0,0,0,0,0,0,0,0,0,0,0,0,0,0,0,0,0,0,0.27845,0,0,0,0,0,0,0,0,0,0,0,0,0,0,0,0,0,0,0,0.0155503,0,0,0,0,0,0,0,0,0,0,0,0,0,0,0,0,0,0,0,
1.39,1.4,-1.14724560195105,-0.871360349704036,0,0,0,0,0,0,0,0,0,0,0,0,0,0,0,0,0,0,0,0,0,0,0,0,0,0,0,0,0,0,0,0,0,0,0,0,0,0,0.275886,0,0,0,0,0,0,0,0,0,0,0,0,0,0,0,0,0,0,0,0.0156016,0,0,0,0,0,0,0,0,0,0,0,0,0,0,0,0,0,0,0,
1.4,1.41,-1.15583368123643,-0.88248747060809,0,0,0,0,0,0,0,0,0,0,0,0,0,0,0,0,0,0,0,0,0,0,0,0,0,0,0,0,0,0,0,0,0,0,0,0,0,0,0.273347,0,0,0,0,0,0,0,0,0,0,0,0,0,0,0,0,0,0,0,0.0156524,0,0,0,0,0,0,0,0,0,0,0,0,0,0,0,0,0,0,0,
1.41,1.42,-1.16433630770516,-0.893503874809255,0,0,0,0,0,0,0,0,0,0,0,0,0,0,0,0,0,0,0,0,0,0,0,0,0,0,0,0,0,0,0,0,0,0,0,0,0,0,0.270833,0,0,0,0,0,0,0,0,0,0,0,0,0,0,0,0,0,0,0,0.0157028,0,0,0,0,0,0,0,0,0,0,0,0,0,0,0,0,0,0,0,
1.42,1.43,-1.17275433162694,-0.904410663957133,0,0,0,0,0,0,0,0,0,0,0,0,0,0,0,0,0,0,0,0,0,0,0,0,0,0,0,0,0,0,0,0,0,0,0,0,0,0,0.268344,0,0,0,0,0,0,0,0,0,0,0,0,0,0,0,0,0,0,0,0.0157526,0,0,0,0,0,0,0,0,0,0,0,0,0,0,0,0,0,0,0,
1.43,1.44,-1.18108859481121,-0.915208928739726,0,0,0,0,0,0,0,0,0,0,0,0,0,0,0,0,0,0,0,0,0,0,0,0,0,0,0,0,0,0,0,0,0,0,0,0,0,0,0.26588,0,0,0,0,0,0,0,0,0,0,0,0,0,0,0,0,0,0,0,0.0158019,0,0,0,0,0,0,0,0,0,0,0,0,0,0,0,0,0,0,0,
1.44,1.45,-1.18933993069121,-0.925899748992512,0,0,0,0,0,0,0,0,0,0,0,0,0,0,0,0,0,0,0,0,0,0,0,0,0,0,0,0,0,0,0,0,0,0,0,0,0,0,0.263441,0,0,0,0,0,0,0,0,0,0,0,0,0,0,0,0,0,0,0,0.0158507,0,0,0,0,0,0,0,0,0,0,0,0,0,0,0,0,0,0,0,
1.45,1.46,-1.19750916440742,-0.936484193806426,0,0,0,0,0,0,0,0,0,0,0,0,0,0,0,0,0,0,0,0,0,0,0,0,0,0,0,0,0,0,0,0,0,0,0,0,0,0,0.261025,0,0,0,0,0,0,0,0,0,0,0,0,0,0,0,0,0,0,0,0.0158991,0,0,0,0,0,0,0,0,0,0,0,0,0,0,0,0,0,0,0,
1.46,1.47,-1.20559711289,-0.946963321634768,0,0,0,0,0,0,0,0,0,0,0,0,0,0,0,0,0,0,0,0,0,0,0,0,0,0,0,0,0,0,0,0,0,0,0,0,0,0,0.258634,0,0,0,0,0,0,0,0,0,0,0,0,0,0,0,0,0,0,0,0.0159469,0,0,0,0,0,0,0,0,0,0,0,0,0,0,0,0,0,0,0,
1.47,1.48,-1.21360458494056,-0.957338180399054,0,0,0,0,0,0,0,0,0,0,0,0,0,0,0,0,0,0,0,0,0,0,0,0,0,0,0,0,0,0,0,0,0,0,0,0,0,0,0.256267,0,0,0,0,0,0,0,0,0,0,0,0,0,0,0,0,0,0,0,0.0159943,0,0,0,0,0,0,0,0,0,0,0,0,0,0,0,0,0,0,0,
1.48,1.49,-1.22153238131297,-0.967609807593807,0,0,0,0,0,0,0,0,0,0,0,0,0,0,0,0,0,0,0,0,0,0,0,0,0,0,0,0,0,0,0,0,0,0,0,0,0,0,0.253923,0,0,0,0,0,0,0,0,0,0,0,0,0,0,0,0,0,0,0,0.0160412,0,0,0,0,0,0,0,0,0,0,0,0,0,0,0,0,0,0,0,
1.49,1.5,-1.22938129479346,-0.977779230390305,0,0,0,0,0,0,0,0,0,0,0,0,0,0,0,0,0,0,0,0,0,0,0,0,0,0,0,0,0,0,0,0,0,0,0,0,0,0,0.251603,0,0,0,0,0,0,0,0,0,0,0,0,0,0,0,0,0,0,0,0.0160877,0,0,0,0,0,0,0,0,0,0,0,0,0,0,0,0,0,0,0,
1.5,1.51,-1.23715211027994,-0.987847465739303,0,0,0,0,0,0,0,0,0,0,0,0,0,0,0,0,0,0,0,0,0,0,0,0,0,0,0,0,0,0,0,0,0,0,0,0,0,0,0.249305,0,0,0,0,0,0,0,0,0,0,0,0,0,0,0,0,0,0,0,0.0161337,0,0,0,0,0,0,0,0,0,0,0,0,0,0,0,0,0,0,0,
1.51,1.52,-1.24484560486042,-0.997815520472726,0,0,0,0,0,0,0,0,0,0,0,0,0,0,0,0,0,0,0,0,0,0,0,0,0,0,0,0,0,0,0,0,0,0,0,0,0,0,0.247031,0,0,0,0,0,0,0,0,0,0,0,0,0,0,0,0,0,0,0,0.0161792,0,0,0,0,0,0,0,0,0,0,0,0,0,0,0,0,0,0,0,
1.52,1.53,-1.25246254789078,-1.00768439140435,0,0,0,0,0,0,0,0,0,0,0,0,0,0,0,0,0,0,0,0,0,0,0,0,0,0,0,0,0,0,0,0,0,0,0,0,0,0,0.244779,0,0,0,0,0,0,0,0,0,0,0,0,0,0,0,0,0,0,0,0.0162243,0,0,0,0,0,0,0,0,0,0,0,0,0,0,0,0,0,0,0,
1.53,1.54,-1.26000370107166,-1.0174550654295,0,0,0,0,0,0,0,0,0,0,0,0,0,0,0,0,0,0,0,0,0,0,0,0,0,0,0,0,0,0,0,0,0,0,0,0,0,0,0.242549,0,0,0,0,0,0,0,0,0,0,0,0,0,0,0,0,0,0,0,0.0162689,0,0,0,0,0,0,0,0,0,0,0,0,0,0,0,0,0,0,0,
1.54,1.55,-1.26746981852467,-1.02712851962372,0,0,0,0,0,0,0,0,0,0,0,0,0,0,0,0,0,0,0,0,0,0,0,0,0,0,0,0,0,0,0,0,0,0,0,0,0,0,0.240342,0,0,0,0,0,0,0,0,0,0,0,0,0,0,0,0,0,0,0,0.0163131,0,0,0,0,0,0,0,0,0,0,0,0,0,0,0,0,0,0,0,
1.55,1.56,-1.27486164686777,-1.03670572134049,0,0,0,0,0,0,0,0,0,0,0,0,0,0,0,0,0,0,0,0,0,0,0,0,0,0,0,0,0,0,0,0,0,0,0,0,0,0,0.238156,0,0,0,0,0,0,0,0,0,0,0,0,0,0,0,0,0,0,0,0.0163568,0,0,0,0,0,0,0,0,0,0,0,0,0,0,0,0,0,0,0,
1.56,1.57,-1.28217992528997,-1.04618762830795,0,0,0,0,0,0,0,0,0,0,0,0,0,0,0,0,0,0,0,0,0,0,0,0,0,0,0,0,0,0,0,0,0,0,0,0,0,0,0.235993,0,0,0,0,0,0,0,0,0,0,0,0,0,0,0,0,0,0,0,0.0164002,0,0,0,0,0,0,0,0,0,0,0,0,0,0,0,0,0,0,0,
1.57,1.58,-1.28942538562519,-1.05557518872472,0,0,0,0,0,0,0,0,0,0,0,0,0,0,0,0,0,0,0,0,0,0,0,0,0,0,0,0,0,0,0,0,0,0,0,0,0,0,0.233851,0,0,0,0,0,0,0,0,0,0,0,0,0,0,0,0,0,0,0,0.016443,0,0,0,0,0,0,0,0,0,0,0,0,0,0,0,0,0,0,0,
1.58,1.59,-1.29659875242551,-1.06486934135464,0,0,0,0,0,0,0,0,0,0,0,0,0,0,0,0,0,0,0,0,0,0,0,0,0,0,0,0,0,0,0,0,0,0,0,0,0,0,0.23173,0,0,0,0,0,0,0,0,0,0,0,0,0,0,0,0,0,0,0,0.0164855,0,0,0,0,0,0,0,0,0,0,0,0,0,0,0,0,0,0,0,
1.59,1.6,-1.30370074303359,-1.07407101562074,0,0,0,0,0,0,0,0,0,0,0,0,0,0,0,0,0,0,0,0,0,0,0,0,0,0,0,0,0,0,0,0,0,0,0,0,0,0,0.22963,0,0,0,0,0,0,0,0,0,0,0,0,0,0,0,0,0,0,0,0.0165275,0,0,0,0,0,0,0,0,0,0,0,0,0,0,0,0,0,0,0,
1.6,1.61,-1.31073206765441,-1.08318113169811,0,0,0,0,0,0,0,0,0,0,0,0,0,0,0,0,0,0,0,0,0,0,0,0,0,0,0,0,0,0,0,0,0,0,0,0,0,0,0.227551,0,0,0,0,0,0,0,0,0,0,0,0,0,0,0,0,0,0,0,0.0165691,0,0,0,0,0,0,0,0,0,0,0,0,0,0,0,0,0,0,0,
1.61,1.62,-1.31769342942629,-1.09220060060594,0,0,0,0,0,0,0,0,0,0,0,0,0,0,0,0,0,0,0,0,0,0,0,0,0,0,0,0,0,0,0,0,0,0,0,0,0,0,0.225493,0,0,0,0,0,0,0,0,0,0,0,0,0,0,0,0,0,0,0,0.0166103,0,0,0,0,0,0,0,0,0,0,0,0,0,0,0,0,0,0,0,
1.62,1.63,-1.3245855244912,-1.10113032429865,0,0,0,0,0,0,0,0,0,0,0,0,0,0,0,0,0,0,0,0,0,0,0,0,0,0,0,0,0,0,0,0,0,0,0,0,0,0,0.223456,0,0,0,0,0,0,0,0,0,0,0,0,0,0,0,0,0,0,0,0.0166511,0,0,0,0,0,0,0,0,0,0,0,0,0,0,0,0,0,0,0,
1.63,1.64,-1.3314090420644,-1.10997119575603,0,0,0,0,0,0,0,0,0,0,0,0,0,0,0,0,0,0,0,0,0,0,0,0,0,0,0,0,0,0,0,0,0,0,0,0,0,0,0.221438,0,0,0,0,0,0,0,0,0,0,0,0,0,0,0,0,0,0,0,0.0166915,0,0,0,0,0,0,0,0,0,0,0,0,0,0,0,0,0,0,0,
1.64,1.65,-1.33816466450334,-1.11872409907262,0,0,0,0,0,0,0,0,0,0,0,0,0,0,0,0,0,0,0,0,0,0,0,0,0,0,0,0,0,0,0,0,0,0,0,0,0,0,0.219441,0,0,0,0,0,0,0,0,0,0,0,0,0,0,0,0,0,0,0,0.0167315,0,0,0,0,0,0,0,0,0,0,0,0,0,0,0,0,0,0,0,
1.65,1.66,-1.34485306737588,-1.12738990954603,0,0,0,0,0,0,0,0,0,0,0,0,0,0,0,0,0,0,0,0,0,0,0,0,0,0,0,0,0,0,0,0,0,0,0,0,0,0,0.217464,0,0,0,0,0,0,0,0,0,0,0,0,0,0,0,0,0,0,0,0.0167711,0,0,0,0,0,0,0,0,0,0,0,0,0,0,0,0,0,0,0,
1.66,1.67,-1.35147491952788,-1.13596949376453,0,0,0,0,0,0,0,0,0,0,0,0,0,0,0,0,0,0,0,0,0,0,0,0,0,0,0,0,0,0,0,0,0,0,0,0,0,0,0.215506,0,0,0,0,0,0,0,0,0,0,0,0,0,0,0,0,0,0,0,0.0168102,0,0,0,0,0,0,0,0,0,0,0,0,0,0,0,0,0,0,0,
1.67,1.68,-1.35803088315008,-1.14446370969369,0,0,0,0,0,0,0,0,0,0,0,0,0,0,0,0,0,0,0,0,0,0,0,0,0,0,0,0,0,0,0,0,0,0,0,0,0,0,0.213568,0,0,0,0,0,0,0,0,0,0,0,0,0,0,0,0,0,0,0,0.016849,0,0,0,0,0,0,0,0,0,0,0,0,0,0,0,0,0,0,0,
1.68,1.69,-1.36452161384431,-1.15287340676218,0,0,0,0,0,0,0,0,0,0,0,0,0,0,0,0,0,0,0,0,0,0,0,0,0,0,0,0,0,0,0,0,0,0,0,0,0,0,0.211649,0,0,0,0,0,0,0,0,0,0,0,0,0,0,0,0,0,0,0,0.0168875,0,0,0,0,0,0,0,0,0,0,0,0,0,0,0,0,0,0,0,
1.69,1.7,-1.37094776068904,-1.16119942594673,0,0,0,0,0,0,0,0,0,0,0,0,0,0,0,0,0,0,0,0,0,0,0,0,0,0,0,0,0,0,0,0,0,0,0,0,0,0,0.209749,0,0,0,0,0,0,0,0,0,0,0,0,0,0,0,0,0,0,0,0.0169255,0,0,0,0,0,0,0,0,0,0,0,0,0,0,0,0,0,0,0,
1.7,1.71,-1.37730996630432,-1.16944259985618,0,0,0,0,0,0,0,0,0,0,0,0,0,0,0,0,0,0,0,0,0,0,0,0,0,0,0,0,0,0,0,0,0,0,0,0,0,0,0.207868,0,0,0,0,0,0,0,0,0,0,0,0,0,0,0,0,0,0,0,0.0169631,0,0,0,0,0,0,0,0,0,0,0,0,0,0,0,0,0,0,0,
1.71,1.72,-1.383608866916,-1.1776037528148,0,0,0,0,0,0,0,0,0,0,0,0,0,0,0,0,0,0,0,0,0,0,0,0,0,0,0,0,0,0,0,0,0,0,0,0,0,0,0.206006,0,0,0,0,0,0,0,0,0,0,0,0,0,0,0,0,0,0,0,0.0170004,0,0,0,0,0,0,0,0,0,0,0,0,0,0,0,0,0,0,0,
1.72,1.73,-1.38984509241939,-1.18568370094468,0,0,0,0,0,0,0,0,0,0,0,0,0,0,0,0,0,0,0,0,0,0,0,0,0,0,0,0,0,0,0,0,0,0,0,0,0,0,0.204162,0,0,0,0,0,0,0,0,0,0,0,0,0,0,0,0,0,0,0,0.0170373,0,0,0,0,0,0,0,0,0,0,0,0,0,0,0,0,0,0,0,
1.73,1.74,-1.39601926644225,-1.19368325224737,0,0,0,0,0,0,0,0,0,0,0,0,0,0,0,0,0,0,0,0,0,0,0,0,0,0,0,0,0,0,0,0,0,0,0,0,0,0,0.202337,0,0,0,0,0,0,0,0,0,0,0,0,0,0,0,0,0,0,0,0.0170739,0,0,0,0,0,0,0,0,0,0,0,0,0,0,0,0,0,0,0,
1.74,1.75,-1.40213200640712,-1.20160320668467,0,0,0,0,0,0,0,0,0,0,0,0,0,0,0,0,0,0,0,0,0,0,0,0,0,0,0,0,0,0,0,0,0,0,0,0,0,0,0.200529,0,0,0,0,0,0,0,0,0,0,0,0,0,0,0,0,0,0,0,0.01711,0,0,0,0,0,0,0,0,0,0,0,0,0,0,0,0,0,0,0,
1.75,1.76,-1.4081839235931,-1.20944435625861,0,0,0,0,0,0,0,0,0,0,0,0,0,0,0,0,0,0,0,0,0,0,0,0,0,0,0,0,0,0,0,0,0,0,0,0,0,0,0.19874,0,0,0,0,0,0,0,0,0,0,0,0,0,0,0,0,0,0,0,0.0171458,0,0,0,0,0,0,0,0,0,0,0,0,0,0,0,0,0,0,0,
1.76,1.77,-1.41417562319693,-1.2172074850907,0,0,0,0,0,0,0,0,0,0,0,0,0,0,0,0,0,0,0,0,0,0,0,0,0,0,0,0,0,0,0,0,0,0,0,0,0,0,0.196969,0,0,0,0,0,0,0,0,0,0,0,0,0,0,0,0,0,0,0,0.0171813,0,0,0,0,0,0,0,0,0,0,0,0,0,0,0,0,0,0,0,
1.77,1.78,-1.42010770439358,-1.22489336950029,0,0,0,0,0,0,0,0,0,0,0,0,0,0,0,0,0,0,0,0,0,0,0,0,0,0,0,0,0,0,0,0,0,0,0,0,0,0,0.195215,0,0,0,0,0,0,0,0,0,0,0,0,0,0,0,0,0,0,0,0.0172164,0,0,0,0,0,0,0,0,0,0,0,0,0,0,0,0,0,0,0,
1.78,1.79,-1.42598076039612,-1.23250277808221,0,0,0,0,0,0,0,0,0,0,0,0,0,0,0,0,0,0,0,0,0,0,0,0,0,0,0,0,0,0,0,0,0,0,0,0,0,0,0.193478,0,0,0,0,0,0,0,0,0,0,0,0,0,0,0,0,0,0,0,0.0172512,0,0,0,0,0,0,0,0,0,0,0,0,0,0,0,0,0,0,0,
1.79,1.8,-1.43179537851502,-1.24003647178367,0,0,0,0,0,0,0,0,0,0,0,0,0,0,0,0,0,0,0,0,0,0,0,0,0,0,0,0,0,0,0,0,0,0,0,0,0,0,0.191759,0,0,0,0,0,0,0,0,0,0,0,0,0,0,0,0,0,0,0,0.0172856,0,0,0,0,0,0,0,0,0,0,0,0,0,0,0,0,0,0,0,
1.8,1.81,-1.43755214021696,-1.24749520398032,0,0,0,0,0,0,0,0,0,0,0,0,0,0,0,0,0,0,0,0,0,0,0,0,0,0,0,0,0,0,0,0,0,0,0,0,0,0,0.190057,0,0,0,0,0,0,0,0,0,0,0,0,0,0,0,0,0,0,0,0.0173196,0,0,0,0,0,0,0,0,0,0,0,0,0,0,0,0,0,0,0,
1.81,1.82,-1.4432516211829,-1.25487972055159,0,0,0,0,0,0,0,0,0,0,0,0,0,0,0,0,0,0,0,0,0,0,0,0,0,0,0,0,0,0,0,0,0,0,0,0,0,0,0.188372,0,0,0,0,0,0,0,0,0,0,0,0,0,0,0,0,0,0,0,0.0173534,0,0,0,0,0,0,0,0,0,0,0,0,0,0,0,0,0,0,0,
1.82,1.83,-1.44889439136568,-1.2621907599553,0,0,0,0,0,0,0,0,0,0,0,0,0,0,0,0,0,0,0,0,0,0,0,0,0,0,0,0,0,0,0,0,0,0,0,0,0,0,0.186704,0,0,0,0,0,0,0,0,0,0,0,0,0,0,0,0,0,0,0,0.0173868,0,0,0,0,0,0,0,0,0,0,0,0,0,0,0,0,0,0,0,
1.83,1.84,-1.45448101504703,-1.26942905330147,0,0,0,0,0,0,0,0,0,0,0,0,0,0,0,0,0,0,0,0,0,0,0,0,0,0,0,0,0,0,0,0,0,0,0,0,0,0,0.185052,0,0,0,0,0,0,0,0,0,0,0,0,0,0,0,0,0,0,0,0.0174198,0,0,0,0,0,0,0,0,0,0,0,0,0,0,0,0,0,0,0,
1.84,1.85,-1.46001205089397,-1.27659532442548,0,0,0,0,0,0,0,0,0,0,0,0,0,0,0,0,0,0,0,0,0,0,0,0,0,0,0,0,0,0,0,0,0,0,0,0,0,0,0.183417,0,0,0,0,0,0,0,0,0,0,0,0,0,0,0,0,0,0,0,0.0174526,0,0,0,0,0,0,0,0,0,0,0,0,0,0,0,0,0,0,0,
1.85,1.86,-1.46548805201469,-1.2836902899604,0,0,0,0,0,0,0,0,0,0,0,0,0,0,0,0,0,0,0,0,0,0,0,0,0,0,0,0,0,0,0,0,0,0,0,0,0,0,0.181798,0,0,0,0,0,0,0,0,0,0,0,0,0,0,0,0,0,0,0,0.017485,0,0,0,0,0,0,0,0,0,0,0,0,0,0,0,0,0,0,0,
1.86,1.87,-1.47090956601387,-1.29071465940871,0,0,0,0,0,0,0,0,0,0,0,0,0,0,0,0,0,0,0,0,0,0,0,0,0,0,0,0,0,0,0,0,0,0,0,0,0,0,0.180195,0,0,0,0,0,0,0,0,0,0,0,0,0,0,0,0,0,0,0,0.0175171,0,0,0,0,0,0,0,0,0,0,0,0,0,0,0,0,0,0,0,
1.87,1.88,-1.47627713504743,-1.2976691352132,0,0,0,0,0,0,0,0,0,0,0,0,0,0,0,0,0,0,0,0,0,0,0,0,0,0,0,0,0,0,0,0,0,0,0,0,0,0,0.178608,0,0,0,0,0,0,0,0,0,0,0,0,0,0,0,0,0,0,0,0.0175488,0,0,0,0,0,0,0,0,0,0,0,0,0,0,0,0,0,0,0,
1.88,1.89,-1.48159129587674,-1.30455441282725,0,0,0,0,0,0,0,0,0,0,0,0,0,0,0,0,0,0,0,0,0,0,0,0,0,0,0,0,0,0,0,0,0,0,0,0,0,0,0.177037,0,0,0,0,0,0,0,0,0,0,0,0,0,0,0,0,0,0,0,0.0175803,0,0,0,0,0,0,0,0,0,0,0,0,0,0,0,0,0,0,0,
1.89,1.9,-1.48685257992232,-1.31137118078435,0,0,0,0,0,0,0,0,0,0,0,0,0,0,0,0,0,0,0,0,0,0,0,0,0,0,0,0,0,0,0,0,0,0,0,0,0,0,0.175482,0,0,0,0,0,0,0,0,0,0,0,0,0,0,0,0,0,0,0,0.0176114,0,0,0,0,0,0,0,0,0,0,0,0,0,0,0,0,0,0,0,
1.9,1.91,-1.49206151331695,-1.31812012076699,0,0,0,0,0,0,0,0,0,0,0,0,0,0,0,0,0,0,0,0,0,0,0,0,0,0,0,0,0,0,0,0,0,0,0,0,0,0,0.173942,0,0,0,0,0,0,0,0,0,0,0,0,0,0,0,0,0,0,0,0.0176422,0,0,0,0,0,0,0,0,0,0,0,0,0,0,0,0,0,0,0,
1.91,1.92,-1.49721861695831,-1.32480190767478,0,0,0,0,0,0,0,0,0,0,0,0,0,0,0,0,0,0,0,0,0,0,0,0,0,0,0,0,0,0,0,0,0,0,0,0,0,0,0.172417,0,0,0,0,0,0,0,0,0,0,0,0,0,0,0,0,0,0,0,0.0176728,0,0,0,0,0,0,0,0,0,0,0,0,0,0,0,0,0,0,0,
1.92,1.93,-1.50232440656107,-1.33141720969199,0,0,0,0,0,0,0,0,0,0,0,0,0,0,0,0,0,0,0,0,0,0,0,0,0,0,0,0,0,0,0,0,0,0,0,0,0,0,0.170908,0,0,0,0,0,0,0,0,0,0,0,0,0,0,0,0,0,0,0,0.017703,0,0,0,0,0,0,0,0,0,0,0,0,0,0,0,0,0,0,0,
1.93,1.94,-1.50737939270844,-1.33796668835433,0,0,0,0,0,0,0,0,0,0,0,0,0,0,0,0,0,0,0,0,0,0,0,0,0,0,0,0,0,0,0,0,0,0,0,0,0,0,0.169413,0,0,0,0,0,0,0,0,0,0,0,0,0,0,0,0,0,0,0,0.0177329,0,0,0,0,0,0,0,0,0,0,0,0,0,0,0,0,0,0,0,
1.94,1.95,-1.51238408090325,-1.34445099861512,0,0,0,0,0,0,0,0,0,0,0,0,0,0,0,0,0,0,0,0,0,0,0,0,0,0,0,0,0,0,0,0,0,0,0,0,0,0,0.167934,0,0,0,0,0,0,0,0,0,0,0,0,0,0,0,0,0,0,0,0.0177625,0,0,0,0,0,0,0,0,0,0,0,0,0,0,0,0,0,0,0,
1.95,1.96,-1.51733897161849,-1.3508707889108,0,0,0,0,0,0,0,0,0,0,0,0,0,0,0,0,0,0,0,0,0,0,0,0,0,0,0,0,0,0,0,0,0,0,0,0,0,0,0.166469,0,0,0,0,0,0,0,0,0,0,0,0,0,0,0,0,0,0,0,0.0177918,0,0,0,0,0,0,0,0,0,0,0,0,0,0,0,0,0,0,0,
1.96,1.97,-1.52224456034735,-1.35722670122573,0,0,0,0,0,0,0,0,0,0,0,0,0,0,0,0,0,0,0,0,0,0,0,0,0,0,0,0,0,0,0,0,0,0,0,0,0,0,0.165018,0,0,0,0,0,0,0,0,0,0,0,0,0,0,0,0,0,0,0,0.0178209,0,0,0,0,0,0,0,0,0,0,0,0,0,0,0,0,0,0,0,
1.97,1.98,-1.52710133765281,-1.36351937115646,0,0,0,0,0,0,0,0,0,0,0,0,0,0,0,0,0,0,0,0,0,0,0,0,0,0,0,0,0,0,0,0,0,0,0,0,0,0,0.163582,0,0,0,0,0,0,0,0,0,0,0,0,0,0,0,0,0,0,0,0.0178496,0,0,0,0,0,0,0,0,0,0,0,0,0,0,0,0,0,0,0,
1.98,1.99,-1.53190978921663,-1.36974942797522,0,0,0,0,0,0,0,0,0,0,0,0,0,0,0,0,0,0,0,0,0,0,0,0,0,0,0,0,0,0,0,0,0,0,0,0,0,0,0.162161,0,0,0,0,0,0,0,0,0,0,0,0,0,0,0,0,0,0,0,0.0178781,0,0,0,0,0,0,0,0,0,0,0,0,0,0,0,0,0,0,0,
1.99,2,-1.53667039588799,-1.37591749469287,0,0,0,0,0,0,0,0,0,0,0,0,0,0,0,0,0,0,0,0,0,0,0,0,0,0,0,0,0,0,0,0,0,0,0,0,0,0,0.160753,0,0,0,0,0,0,0,0,0,0,0,0,0,0,0,0,0,0,0,0.0179062,0,0,0,0,0,0,0,0,0,0,0,0,0,0,0,0,0,0,0,
