0,0.05,0.2,0.35,-0.14,0.1,-0.00001,0.0752293574,-0.000015,0.0093909375,-0.00001625,0.0007976823,-0.0000164584,0.0000653109,-0.0000164844,0.0000189285,-0.0000164872,0.000016589,-0.0000164873,0.000016491,-0.0000164873,0.0000164874,-0.0000164872,0.0000164872,-0.0000164872,0.0000164872,-0.0000164872,0.0000164872,-0.0000164872,0.0000164872,-0.0000164872,0.0000164872,-0.0000164872,0.0000164872,-0.0000164872,0.0000164872,-0.0000164872,0.0000164872,0.15,0.24,0.0752394,0.00940594,0.000813932,8.17694e-05,3.54129e-05,3.30762e-05,3.29782e-05,3.29746e-05,3.29745e-05,3.29744e-05,3.29744e-05,3.29744e-05,3.29744e-05,3.29744e-05,3.29744e-05,3.29744e-05,1.53096e-15,4.53245e-18,2.33624e-12,1.79137e-11,6.15288e-11,1.55351e-10,2.52278e-10,2.66785e-10,1.90136e-10,9.48457e-11,3.58918e-11,1.21075e-11,4.17935e-12,1.53666e-12,6.55782e-13,3.62214e-13,2.64485e-13,2.32162e-13,
0.05,0.1,0.247581291,0.3833069037,-0.1673115223,0.0609835396,0.0498011347,0.1376372646,0.005738861,0.0303473647,0.0004498084,0.0046996727,0.000018031,0.0005735762,-0.0000086219,0.0000690896,-0.0000135674,0.0000193205,-0.0000147612,0.0000152084,-0.0000148861,0.0000149162,-0.0000148962,0.0000148979,-0.0000148968,0.0000148969,-0.0000148968,0.0000148968,-0.0000148968,0.0000148968,-0.0000148968,0.0000148968,-0.0000148968,0.0000148968,-0.0000148968,0.0000148968,-0.0000148968,0.0000148968,0.135726,0.228295,0.0878361,0.0246085,0.00424986,0.000555545,7.77115e-05,3.28879e-05,2.99696e-05,2.98023e-05,2.97941e-05,2.97937e-05,2.97936e-05,2.97936e-05,2.97936e-05,2.97936e-05,2.97936e-05,2.97936e-05,3.08634e-15,9.08241e-18,4.93501e-12,3.84199e-11,1.34834e-10,3.47103e-10,5.83223e-10,6.56542e-10,5.20225e-10,3.08727e-10,1.51531e-10,6.69349e-11,2.79865e-11,1.14667e-11,4.78423e-12,2.16567e-12,1.16344e-12,7.88017e-13,
0.1,0.15,0.2906346235,0.4134442364,-0.1932910459,0.0238699344,0.0985890618,0.1936058633,0.0211324656,0.0598500921,0.0032397226,0.0134866058,0.0003765396,0.0023894548,0.0000273822,0.0003558221,-0.0000069593,0.0000552276,-0.0000121129,0.0000180538,-0.0000134687,0.000014102,-0.0000136792,0.0000137336,-0.0000136988,0.000013703,-0.0000137003,0.0000137006,-0.0000137004,0.0000137004,-0.0000137004,0.0000137004,-0.0000137004,0.0000137004,-0.0000137004,0.0000137004,-0.0000137004,0.0000137004,0.12281,0.217161,0.0950168,0.0387176,0.0102469,0.00201292,0.00032844,6.21869e-05,3.01666e-05,2.75707e-05,2.74128e-05,2.74018e-05,2.74009e-05,2.74008e-05,2.74008e-05,2.74008e-05,2.74008e-05,2.74008e-05,4.68271e-15,1.36616e-17,7.99814e-12,6.35771e-11,2.29857e-10,6.06022e-10,1.06421e-09,1.28971e-09,1.1431e-09,7.93169e-10,4.67772e-10,2.45283e-10,1.19159e-10,5.50668e-11,2.47895e-11,1.12062e-11,5.34453e-12,2.89455e-12,
0.15,0.2,0.3295908897,0.4407136228,-0.2180035332,-0.0114336189,0.1456289661,0.2437058084,0.0437222631,0.0946129489,0.0096877179,0.0275995623,0.0016781587,0.0063664524,0.0002308077,0.0012151208,0.0000190302,0.0002055302,-0.0000069743,0.0000395949,-0.0000113977,0.0000161317,-0.0000126392,0.0000132216,-0.0000128411,0.0000129001,-0.0000128626,0.0000128679,-0.0000128645,0.0000128649,-0.0000128646,0.0000128647,-0.0000128646,0.0000128646,-0.0000128646,0.0000128646,-0.0000128646,0.0000128646,0.111123,0.20657,0.0980768,0.0508907,0.0179118,0.00468829,0.000984313,0.0001865,4.65692e-05,2.75293e-05,2.58608e-05,2.57412e-05,2.57305e-05,2.57295e-05,2.57293e-05,2.57292e-05,2.57292e-05,2.57292e-05,6.33718e-15,1.82817e-17,1.17694e-11,9.59592e-11,3.59817e-10,9.74354e-10,1.79732e-09,2.35021e-09,2.31309e-09,1.83121e-09,1.23475e-09,7.38932e-10,4.05229e-10,2.08537e-10,1.02602e-10,4.91811e-11,2.35648e-11,1.17708e-11,
0.2,0.25,0.364839977,0.4653879839,-0.2415107783,-0.0450153975,0.190446875,0.2886155848,0.07147123,0.1325871031,0.0203345568,0.0466935845,0.0045975592,0.0131607082,0.00085162,0.0030785629,0.0001268051,0.0006201099,0.0000088402,0.0001168226,-0.0000077129,0.0000281119,-0.0000110821,0.0000143884,-0.0000120573,0.000012497,-0.0000122117,0.0000122618,-0.0000122298,0.000012235,-0.0000122316,0.0000122321,-0.0000122317,0.0000122317,-0.0000122316,0.0000122316,-0.0000122316,0.0000122316,0.100548,0.196495,0.0981687,0.0611159,0.026359,0.00856315,0.00222694,0.000493305,0.000107982,3.58247e-05,2.54705e-05,2.45543e-05,2.44734e-05,2.44648e-05,2.44636e-05,2.44634e-05,2.44633e-05,2.44632e-05,8.06755e-15,2.29548e-17,1.65544e-11,1.38908e-10,5.41811e-10,1.51182e-09,2.93358e-09,4.12666e-09,4.46066e-09,3.93095e-09,2.95679e-09,1.97113e-09,1.19743e-09,6.77221e-10,3.62586e-10,1.86503e-10,9.3697e-11,4.71065e-11,
0.25,0.3,0.3967346701,0.4877142691,-0.2638715615,-0.0769593735,0.2327555581,0.3289225656,0.1027106301,0.1715354686,0.0351940623,0.0700745774,0.0097149751,0.023184116,0.0022248228,0.0063996771,0.000428067,0.0015152367,0.0000647069,0.0003199466,0.0000012582,0.0000678257,-0.0000084834,0.0000211235,-0.0000112742,0.0000134138,-0.0000119675,0.0000122657,-0.0000120726,0.0000121097,-0.0000120857,0.0000120899,-0.000012087,0.0000120874,-0.000012087,0.0000120871,-0.000012087,0.000012087,0.0909796,0.186912,0.096167,0.0688248,0.0348805,0.0134691,0.00417485,0.00108717,0.00025524,6.65675e-05,2.96069e-05,2.4688e-05,2.42333e-05,2.41822e-05,2.41756e-05,2.41745e-05,2.41741e-05,2.41739e-05,9.89251e-15,2.76928e-17,2.27448e-11,1.96865e-10,7.99629e-10,2.3043e-09,4.69954e-09,7.07484e-09,8.30851e-09,8.01226e-09,6.61365e-09,4.83287e-09,3.20764e-09,1.97222e-09,1.14093e-09,6.29116e-10,3.34881e-10,1.74852e-10,
0.3,0.35,0.425594182,0.5079159274,-0.2851417964,-0.1073454235,0.2724054266,0.3651375535,0.1360939583,0.2102940008,0.0539458496,0.0968689009,0.0174438354,0.036568831,0.0047212068,0.0115891731,0.0010889705,0.0031551822,0.0002127623,0.000756726,0.0000299887,0.0001682246,-0.0000035686,0.0000413283,-0.0000093654,0.0000169327,-0.0000114205,0.0000127015,-0.0000118432,0.0000120324,-0.0000119094,0.0000119346,-0.0000119179,0.000011921,-0.0000119186,0.000011919,-0.0000119185,0.0000119185,0.0823217,0.177796,0.0927321,0.0742,0.0429231,0.019125,0.00686797,0.00206621,0.000543964,0.000138236,4.48969e-05,2.62981e-05,2.4122e-05,2.38755e-05,2.38441e-05,2.38389e-05,2.38376e-05,2.3837e-05,1.18319e-14,3.2508e-17,3.08513e-11,2.75813e-10,1.16662e-09,3.47622e-09,7.43637e-09,1.19137e-08,1.50521e-08,1.57009e-08,1.40525e-08,1.1128e-08,7.98639e-09,5.292e-09,3.28569e-09,1.93493e-09,1.09304e-09,5.99984e-10,
0.35,0.4,0.4517073481,0.5261951437,-0.3053746698,-0.1362495282,0.3093470349,0.3987424821,0.1705516025,0.2480613196,0.0760752695,0.1263117185,0.0280107073,0.0532301097,0.0086994936,0.0189704549,0.0023203504,0.0058275452,0.0005357735,0.0015731794,0.0001034427,0.0003837333,0.0000111637,0.0000912908,-0.0000064279,0.0000271548,-0.0000102179,0.0000144621,-0.0000114274,0.0000121725,-0.0000116771,0.000011792,-0.0000117163,0.0000117325,-0.0000117211,0.0000117232,-0.0000117211,0.0000117214,0.0744878,0.169125,0.0893954,0.0775097,0.0502364,0.0252194,0.010271,0.00350719,0.00103741,0.000280291,8.0127e-05,3.35828e-05,2.46801e-05,2.35999e-05,2.3469e-05,2.34489e-05,2.34442e-05,2.34425e-05,1.39068e-14,3.74129e-17,4.15454e-11,3.83866e-10,1.68967e-09,5.20821e-09,1.16575e-08,1.97717e-08,2.66622e-08,2.98222e-08,2.86779e-08,2.43969e-08,1.87811e-08,1.3317e-08,8.82113e-09,5.52258e-09,3.30216e-09,1.90677e-09,
0.4,0.45,0.4753355179,0.5427348626,-0.3246207742,-0.1637439632,0.3436025476,0.4288707771,0.2052483157,0.2845095937,0.1009726642,0.1574493909,0.0414657452,0.0729223546,0.0144684692,0.0287609892,0.0043605821,0.0098158943,0.0011483664,0.0029466665,0.0002630594,0.0007928311,0.0000478682,0.0001984946,0.0000011161,0.0000521304,-0.0000080593,0.0000195945,-0.0000106401,0.0000130021,-0.0000113472,0.0000117727,-0.000011491,0.0000115585,-0.0000115122,0.0000115221,-0.0000115139,0.0000115153,0.0673993,0.160877,0.0852682,0.0792613,0.0564767,0.0314566,0.0142925,0.00545531,0.0017983,0.000529772,0.000150626,5.10143e-05,2.76537e-05,2.36422e-05,2.31199e-05,2.30495e-05,2.30343e-05,2.30292e-05,1.61399e-14,4.24202e-17,5.57152e-11,5.3208e-10,2.4348e-09,7.76252e-09,1.8134e-08,3.24086e-08,4.6354e-08,5.52148e-08,5.66425e-08,5.14105e-08,4.2179e-08,3.18173e-08,2.23705e-08,1.48262e-08,9.35466e-09,5.67512e-09,
0.45,0.5,0.4967151701,0.5577006191,-0.3429282351,-0.1898974787,0.3752441261,0.4558090677,0.2395446132,0.31912542,0.1280016989,0.1895062376,0.05770906,0.095246585,0.0222618543,0.0410485998,0.0074553114,0.015373972,0.0021937565,0.0050752364,0.0005698577,0.0014986426,0.0001273888,0.000404717,0.0000195506,0.0001059632,-0.0000042067,0.0000322891,-0.0000091144,0.0000157265,-0.0000109767,0.0000123013,-0.0000114054,0.0000116416,-0.0000114809,0.0000115197,-0.0000114901,0.000011496,0.0609854,0.153031,0.0805649,0.0795808,0.0615045,0.0375375,0.0187867,0.00791866,0.00288148,0.000928785,0.000277328,8.64126e-05,3.64958e-05,2.48409e-05,2.32781e-05,2.3047e-05,2.30006e-05,2.29861e-05,1.85557e-14,4.75429e-17,7.45391e-11,7.35538e-10,3.49488e-09,1.15193e-08,2.80198e-08,5.25532e-08,7.93238e-08,1.00062e-07,1.08878e-07,1.04843e-07,9.11919e-08,7.28323e-08,5.41272e-08,3.78484e-08,2.51466e-08,1.60289e-08,
0.5,0.55,0.503051216,0.5855521653,-0.4053843015,-0.1718788332,0.3875331491,0.4977357057,0.2569819882,0.3678164167,0.1450280889,0.2345880577,0.0699291314,0.127635774,0.0291114575,0.05984861,0.0105883581,0.0244750984,0.0033994783,0.0088391348,0.0009673893,0.0028573794,0.0002390819,0.0008423571,0.0000436161,0.0002363652,-0.0000038852,0.0000718438,-0.0000144277,0.0000311459,-0.0000182317,0.0000219015,-0.0000192382,0.0000199606,-0.0000194519,0.0000195818,-0.0000194909,0.0000195128,0.0825009,0.233505,0.110203,0.110834,0.08956,0.0577066,0.0307372,0.0138867,0.00543966,0.00188999,0.000603275,0.000192749,7.57289e-05,4.55736e-05,4.01333e-05,3.91988e-05,3.90337e-05,3.90037e-05,6.03042e-16,2.99211e-18,3.2723e-13,1.69232e-12,3.53478e-12,4.27432e-12,2.15618e-12,2.41575e-12,1.17365e-12,1.05387e-12,4.71694e-13,3.27861e-13,1.93545e-13,7.71312e-14,4.69485e-14,2.63807e-14,1.25212e-14,6.81849e-15,
0.55,0.6,0.5217933708,0.5964433168,-0.4197528787,-0.1976356064,0.4152793019,0.5184353759,0.2890976965,0.3981708048,0.1735122009,0.2674495638,0.0898057573,0.1550925799,0.0403905292,0.0779478767,0.0159454345,0.0343413507,0.0055795172,0.0133951664,0.0017418737,0.0046807848,0.0004829316,0.0014853952,0.0001125025,0.0004389172,0.0000137533,0.0001294075,-0.0000102991,0.0000459777,-0.000016406,0.0000253235,-0.0000186528,0.0000205965,-0.0000192066,0.0000195908,-0.0000193203,0.0000193909,0.0746499,0.222117,0.103156,0.109073,0.0939374,0.0652868,0.0375573,0.0183959,0.00781565,0.00293891,0.00100246,0.000326415,0.000115654,5.62768e-05,4.17295e-05,3.92493e-05,3.87974e-05,3.87112e-05,1.2157e-15,5.99576e-18,6.91354e-13,3.65624e-12,8.04375e-12,1.02385e-11,7.0807e-12,6.84486e-12,4.17458e-12,3.30437e-12,1.9221e-12,1.17899e-12,7.46218e-13,3.69013e-13,2.00501e-13,1.14019e-13,5.91069e-14,3.08462e-14,
0.6,0.65,0.5387519738,0.6062980381,-0.4334206921,-0.222136207,0.4408250242,0.5368441021,0.3199914427,0.4269333186,0.2026633378,0.2993976768,0.1116718897,0.1836462487,0.0538066685,0.0982365234,0.0228593365,0.0462838663,0.0086389956,0.0193635816,0.0029254589,0.0072682221,0.0008891193,0.0024745219,0.0002376554,0.000776835,0.0000487214,0.0002336517,-0.0000013649,0.0000752169,-0.0000135881,0.0000327664,-0.0000175727,0.0000222501,-0.0000188093,0.0000198278,-0.0000191027,0.0000193065,0.0675461,0.211284,0.0960191,0.106942,0.0967343,0.0719744,0.0444299,0.0234245,0.0107246,0.00434276,0.0015854,0.00053918,0.00018493,7.65818e-05,4.63545e-05,3.98228e-05,3.86371e-05,3.84092e-05,1.84451e-15,9.0187e-18,1.12069e-12,6.10968e-12,1.42534e-11,1.94576e-11,1.66621e-11,1.55288e-11,1.1125e-11,8.44203e-12,5.61748e-12,3.49873e-12,2.24911e-12,1.27557e-12,7.00667e-13,3.97051e-13,2.1716e-13,1.15807e-13,
0.65,0.7,0.5540967523,0.6152149587,-0.4464219184,-0.2454418992,0.4642823949,0.5532509257,0.3494594382,0.4531700645,0.2320387277,0.3302049777,0.1351828859,0.212814922,0.0692879797,0.1204350575,0.0314513859,0.0602940468,0.0127426187,0.0268937134,0.0046413588,0.0107809117,0.0015262325,0.0039209832,0.0004501875,0.0013094393,0.0001130432,0.0004109178,0.0000164424,0.0001290149,-0.0000090467,0.0000477525,-0.0000156135,0.0000260907,-0.0000182451,0.0000207213,-0.0000189438,0.0000194776,0.0611182,0.20098,0.0889685,0.103711,0.0981663,0.077632,0.0511471,0.0288427,0.0141511,0.00613955,0.00239475,0.000859252,0.000297875,0.000112572,5.67992e-05,4.17042e-05,3.89664e-05,3.84214e-05,2.4962e-15,1.20687e-17,1.64946e-12,9.32812e-12,2.31598e-11,3.42092e-11,3.43275e-11,3.26511e-11,2.61613e-11,2.01594e-11,1.445e-11,9.52996e-12,6.24315e-12,3.82536e-12,2.21666e-12,1.27743e-12,7.2261e-13,3.99051e-13,
0.7,0.75,0.5679812821,0.6232833222,-0.4587890673,-0.2676109594,0.4857743539,0.5679016705,0.3773691392,0.4770259605,0.2612569473,0.3596509585,0.1599794197,0.2421655094,0.0867001949,0.1442509799,0.0417927596,0.0762968892,0.0180397739,0.0360896364,0.0070203609,0.015372189,0.00247592,0.0059460412,0.0007910308,0.0021085024,0.0002240819,0.0006960173,0.0000495448,0.0002217891,0.0000000466,0.0000754703,-0.000012962,0.0000337161,-0.0000171925,0.0000226349,-0.0000186041,0.0000198867,0.055302,0.191178,0.0821273,0.0996568,0.098394,0.0821861,0.0575508,0.0345041,0.0180499,0.00835183,0.00347012,0.00131747,0.000471935,0.000172244,7.54237e-05,4.66781e-05,3.98274e-05,3.84908e-05,3.17779e-15,1.51536e-17,2.32053e-12,1.36732e-11,3.61642e-11,5.80285e-11,6.57461e-11,6.5746e-11,5.72228e-11,4.60601e-11,3.48268e-11,2.43898e-11,1.64947e-11,1.06445e-11,6.51782e-12,3.88203e-12,2.26578e-12,1.29409e-12,
0.75,0.8,0.5805445241,0.6305838793,-0.4705530633,-0.2886988217,0.5054289075,0.581006531,0.4036451888,0.4986640156,0.2899984531,0.387484628,0.1857044284,0.2713215846,0.1058592497,0.1692751255,0.0539032135,0.0941645588,0.0246566172,0.0470079862,0.0101948203,0.0211792088,0.0038309951,0.0086764045,0.0013114546,0.0032576255,0.000405601,0.0011334821,0.0001075037,0.0003737341,0.0000171041,0.0001239528,-0.0000083075,0.000047988,-0.0000150635,0.0000264996,-0.0000179509,0.0000208187,0.0500394,0.181854,0.0755776,0.0950188,0.0974862,0.0856172,0.0634159,0.0402613,0.0223514,0.0109844,0.00484541,0.00194617,0.000727881,0.00026623,0.000106849,5.62955e-05,4.15631e-05,3.87696e-05,3.89664e-15,1.82814e-17,3.18891e-12,1.96304e-11,5.5262e-11,9.60285e-11,1.20192e-10,1.27913e-10,1.19298e-10,1.01286e-10,8.03535e-11,5.9402e-11,4.18185e-11,2.81738e-11,1.81029e-11,1.12156e-11,6.76977e-12,3.99503e-12,
0.8,0.85,0.5919122156,0.6371896966,-0.4817433225,-0.3087582169,0.5233749371,0.5927461694,0.4282573793,0.5182541735,0.3180031201,0.4142395428,0.2120160594,0.2999657435,0.1265443622,0.1951595553,0.0677529492,0.1137081097,0.0326900002,0.0596586069,0.014292438,0.028317647,0.0056925951,0.0122386023,0.0020729362,0.0048500634,0.000688633,0.0017776205,0.0002038457,0.0006115362,0.00004734,0.0002046363,0.0000004927,0.0000732708,-0.0000125755,0.0000338181,-0.0000168025,0.0000227433,0.0452775,0.172985,0.0693712,0.0899968,0.0962364,0.0879497,0.0686152,0.0459552,0.0269686,0.0140252,0.00654601,0.00277713,0.00108899,0.000407691,0.000157296,7.27781e-05,4.63936e-05,3.95458e-05,4.66055e-15,2.14602e-17,4.32628e-12,2.78599e-11,8.3308e-11,1.56007e-10,2.12663e-10,2.41592e-10,2.39876e-10,2.15128e-10,1.78947e-10,1.38956e-10,1.021e-10,7.1633e-11,4.80461e-11,3.09913e-11,1.93941e-11,1.18575e-11,
0.85,0.9,0.6021981283,0.6431668872,-0.4923878263,-0.3278393038,0.5397392283,0.603276634,0.4512104972,0.5359658322,0.3450658833,0.4393209802,0.2385969744,0.3278487201,0.1485106532,0.221569923,0.0832669233,0.1347557326,0.0422034498,0.074004941,0.0194303067,0.0368723424,0.0081666155,0.0167534991,0.003146345,0.0069858951,0.0011120481,0.0026923005,0.0003568656,0.0009692016,0.0000983425,0.0003332604,0.0000162615,0.0001160716,-0.0000080302,0.0000470603,-0.000014761,0.000026562,0.0409688,0.164549,0.0635374,0.0847553,0.0942551,0.0892517,0.0730593,0.0514888,0.0318015,0.017442,0.00858688,0.00383955,0.00158025,0.000612336,0.000234918,9.98101e-05,5.50905e-05,4.1323e-05,5.47786e-15,2.46982e-17,5.82691e-12,3.92646e-11,1.24391e-10,2.49657e-10,3.67065e-10,4.44633e-10,4.68246e-10,4.43068e-10,3.86352e-10,3.14157e-10,2.40888e-10,1.75836e-10,1.22718e-10,8.22827e-11,5.33778e-11,3.37656e-11,
0.9,0.95,0.6115052069,0.648575273,-0.5025131914,-0.3459897952,0.5546444209,0.612733343,0.4725358683,0.551962994,0.3710312948,0.4625717632,0.2651604918,0.3548721107,0.1715006608,0.2481946706,0.1003308759,0.1570249591,0.0532252004,0.089971638,0.0257096225,0.0468961518,0.0113596869,0.0223301361,0.0046104594,0.0097683597,0.0017227391,0.0039496554,0.0005903341,0.001488135,0.0001806869,0.0005302726,0.0000432084,0.0001852887,0.0000001925,0.0000696723,-0.000012411,0.0000334477,0.0370701,0.156523,0.0580889,0.0794271,0.0915405,0.0897116,0.076694,0.0566941,0.0367464,0.0211865,0.0109704,0.0051579,0.00222692,0.000897801,0.000349586,0.00014208,6.94797e-05,4.58587e-05,6.35747e-15,2.80038e-17,7.81547e-12,5.50838e-11,1.84364e-10,3.94488e-10,6.21122e-10,8.00032e-10,8.9113e-10,8.87951e-10,8.1116e-10,6.89346e-10,5.51021e-10,4.18159e-10,3.03091e-10,2.10876e-10,1.41698e-10,9.26602e-11,
0.95,1,0.6199265999,0.6534689828,-0.5121447368,-0.3632550766,0.5682076513,0.6212343266,0.4922844024,0.5664012817,0.3957875926,0.4840356876,0.2914541031,0.380747119,0.1952543529,0.2747518344,0.1187984059,0.1802547129,0.0657481277,0.1074394335,0.0332113539,0.0584088332,0.0153749768,0.0290627166,0.0065498966,0.0133003374,0.0025753671,0.0056288512,0.0009340405,0.0022174738,0.0003085528,0.0008217438,0.0000873553,0.0002931063,0.0000144081,0.0001067675,-0.0000081232,0.000045354,0.0335424,0.14889,0.0530267,0.0741169,0.0882481,0.089293,0.0794975,0.0614563,0.0416913,0.0251975,0.0136877,0.00675044,0.00305348,0.00128343,0.000513191,0.000205751,9.23593e-05,5.34771e-05,7.30903e-15,3.13855e-17,1.04574e-11,7.70203e-11,2.71585e-10,6.16639e-10,1.03384e-09,1.41147e-09,1.65876e-09,1.73699e-09,1.66059e-09,1.47273e-09,1.22568e-09,9.66189e-10,7.26363e-10,5.23632e-10,3.64085e-10,2.4592e-10,
1,1.05,0.6168971656,0.6696113629,-0.5820976414,-0.321782039,0.5636742362,0.647302366,0.4868297173,0.6048239196,0.3908203337,0.5334077943,0.2882692291,0.4347907917,0.1942103609,0.3273548585,0.1193341913,0.22496657,0.0669718935,0.1406472886,0.0344314881,0.0803004038,0.0162746831,0.0419936729,0.0070956196,0.0202038918,0.0028580133,0.0089920318,0.0010592117,0.0037262079,0.0003529173,0.0014527984,0.0000950428,0.0005448215,0.0000070874,0.0002075247,-0.0000210532,0.0000904228,0.0527142,0.260316,0.0836281,0.117994,0.142587,0.146522,0.133144,0.105632,0.0736754,0.0458689,0.025719,0.0131083,0.00613402,0.002667,0.00109988,0.000449779,0.000200437,0.000111476,2.54455e-16,2.14282e-18,5.14634e-14,1.38142e-13,1.18129e-13,2.28516e-13,1.79696e-13,2.40957e-13,1.63614e-13,1.88929e-13,1.50382e-13,9.22397e-14,8.99452e-14,5.62833e-14,3.07727e-14,2.61732e-14,1.67201e-14,7.72589e-15,
1.05,1.1,0.6248054459,0.6725032241,-0.5878478073,-0.3402279466,0.5763727191,0.6525755721,0.505312612,0.6148385616,0.4142134484,0.550380514,0.3136710307,0.4585921276,0.2179517467,0.3535899346,0.138624201,0.2506534985,0.0807561795,0.162255346,0.0431920442,0.096101549,0.0212770611,0.0522610164,0.0096850002,0.0261796739,0.0040825581,0.0121407235,0.0015918899,0.0052406758,0.0005673288,0.0021225915,0.0001753198,0.000818913,0.0000351737,0.0003118643,-0.000011833,0.0001275403,0.0476978,0.24762,0.0762029,0.109526,0.136167,0.144921,0.135638,0.112029,0.0814992,0.0529095,0.030984,0.0164947,0.00805817,0.00364879,0.00155526,0.000643593,0.000276691,0.000139373,5.12967e-16,4.29391e-18,1.08768e-13,3.04671e-13,3.19927e-13,5.51733e-13,5.08999e-13,6.41769e-13,5.28545e-13,5.27757e-13,4.58131e-13,3.09954e-13,2.74274e-13,1.95982e-13,1.15881e-13,8.72208e-14,6.08805e-14,3.37617e-14,
1.1,1.15,0.6319611538,0.6751198883,-0.5933175343,-0.3577742367,0.5879235292,0.6572898166,0.5223819653,0.6237387027,0.4363563564,0.5656831627,0.338485233,0.4806880227,0.2419957695,0.378861765,0.1589378146,0.2763533877,0.0958795713,0.184771603,0.0532195702,0.1132812855,0.0272563738,0.0639132411,0.0129193449,0.0332653869,0.0056817766,0.01604112,0.002319527,0.0072015839,0.0008737727,0.0030292152,0.0002953956,0.0012068252,0.000079149,0.0004662721,0.0000032806,0.0001849752,0.0431587,0.235543,0.0693663,0.101357,0.129327,0.142203,0.136866,0.117416,0.088892,0.0600617,0.0366569,0.020346,0.0103593,0.00488206,0.00215544,0.00091143,0.000387123,0.000181695,7.78294e-16,6.45881e-18,1.76389e-13,5.2284e-13,6.50797e-13,1.05522e-12,1.10491e-12,1.34288e-12,1.24909e-12,1.18646e-12,1.08811e-12,8.10973e-13,6.75641e-13,5.19516e-13,3.3951e-13,2.39787e-13,1.7134e-13,1.06659e-13,
1.15,1.2,0.6384359061,0.6774875439,-0.5985204995,-0.3744647841,0.5984224447,0.6615109331,0.5381077324,0.6316549942,0.4572208686,0.5794539818,0.3625615689,0.5011022622,0.2661276363,0.4030988712,0.1800905125,0.3018350018,0.1122511617,0.2079709177,0.0645199803,0.1317157305,0.034277904,0.0769344142,0.0168798798,0.0415197743,0.0077248878,0.0207793545,0.0032897948,0.0096864785,0.0013004088,0.0042279268,0.0004699783,0.00174203,0.0001459345,0.0006886053,0.0000272603,0.000271293,0.0390516,0.224056,0.0630885,0.0935473,0.122233,0.138541,0.136971,0.121744,0.0957198,0.0671958,0.0426565,0.0246399,0.0130545,0.00639668,0.00292752,0.00127205,0.000542671,0.000244033,1.05328e-15,8.64309e-18,2.59733e-13,8.22671e-13,1.18785e-12,1.88254e-12,2.17696e-12,2.60487e-12,2.62229e-12,2.50615e-12,2.36111e-12,1.90889e-12,1.56395e-12,1.24701e-12,8.82869e-13,6.21601e-13,4.45842e-13,2.97437e-13,
1.2,1.25,0.6442945042,0.6796298874,-0.6034697132,-0.3903413239,0.6079591017,0.6652956942,0.552564876,0.6387026759,0.4768011338,0.591827729,0.3857794282,0.5198836023,0.2901502778,0.4264452356,0.2018930654,0.3268943556,0.1297586906,0.2316299016,0.0770752356,0.1513023854,0.0423910307,0.0912812847,0.0216425093,0.0509823127,0.0102832026,0.0264335889,0.0045554064,0.0127739591,0.0018803076,0.0057791103,0.0007173169,0.0024634298,0.0002445755,0.0010008078,0.0000641901,0.0003975842,0.0353354,0.213128,0.0573366,0.0861378,0.115027,0.134104,0.136295,0.125001,0.101871,0.0742271,0.0488903,0.0293398,0.0161504,0.00821855,0.0038988,0.00174611,0.000756232,0.000333394,1.34087e-15,1.08524e-17,3.65576e-13,1.24506e-12,2.04155e-12,3.25057e-12,4.05747e-12,4.88785e-12,5.20123e-12,5.11687e-12,4.91751e-12,4.22567e-12,3.51543e-12,2.86472e-12,2.1484e-12,1.55161e-12,1.12162e-12,7.80015e-13,
1.25,1.3,0.649595583,0.6815683599,-0.6081775508,-0.4054435558,0.6166169209,0.6686932921,0.5658308883,0.6449831567,0.4951095083,0.6029332227,0.4080457547,0.5370991747,0.3138867545,0.4491251419,0.2241567946,0.3513560796,0.1482728456,0.2555328531,0.0908444097,0.1718218986,0.0516275567,0.1068854241,0.0272752697,0.061671671,0.013428186,0.033072254,0.0061732436,0.016541425,0.0026513832,0.0077471562,0.0010594998,0.0034152672,0.0003865909,0.001429299,0.0001195302,0.0005779559,0.0319728,0.202734,0.0520764,0.0791523,0.107824,0.129053,0.135238,0.127199,0.10726,0.0809775,0.0552579,0.0343964,0.0196441,0.0103682,0.00509577,0.00235577,0.00104271,0.000458426,1.64419e-15,1.30924e-17,5.02616e-13,1.84655e-12,3.3754e-12,5.50312e-12,7.30713e-12,8.99387e-12,9.99889e-12,1.01924e-11,1.00046e-11,9.00894e-12,7.7076e-12,6.41436e-12,5.02216e-12,3.75179e-12,2.75701e-12,1.97452e-12,
1.3,1.35,0.6543921975,0.6833223624,-0.6126557845,-0.4198092431,0.6244731876,0.6717465415,0.5779838634,0.6505855407,0.5121728565,0.6128917732,0.4292925451,0.5528289132,0.3371816169,0.4704236071,0.2466980779,0.375073541,0.1676516897,0.2794760983,0.1057654896,0.1930980558,0.0620007284,0.1236581951,0.0338360566,0.0735843599,0.0172294154,0.040748397,0.0082032344,0.0210623139,0.0036561189,0.0101986989,0.0015226497,0.0046463141,0.0005862999,0.0020047544,0.0002003978,0.0008295089,0.0289302,0.192847,0.0472734,0.0726017,0.100719,0.123536,0.133242,0.128375,0.111824,0.0873326,0.0616575,0.0397483,0.023519,0.0128591,0.00654258,0.00312366,0.00141845,0.000629111,1.96653e-15,1.53689e-17,6.82185e-13,2.70301e-12,5.4338e-12,9.17981e-12,1.28555e-11,1.63131e-11,1.88277e-11,1.99062e-11,2.00115e-11,1.87231e-11,1.65375e-11,1.40851e-11,1.14132e-11,8.82111e-12,6.63364e-12,4.87392e-12,
1.35,1.4,0.6587323537,0.6849094494,-0.6169156122,-0.4334743076,0.6315992361,0.6744928622,0.5891010268,0.655588055,0.5280292984,0.6218162888,0.4494741328,0.5671609472,0.3599013827,0.4903275789,0.2693420538,0.3979588012,0.1877450134,0.3032719193,0.1217577516,0.2149504598,0.0735049417,0.1415127655,0.0413707168,0.0866953641,0.0217525271,0.0495003457,0.0107070248,0.0264041892,0.0049410808,0.013201358,0.0021369892,0.0062095767,0.0008611049,0.0027624652,0.0003158538,0.0011729931,0.0261771,0.183441,0.0428936,0.066487,0.093787,0.117687,0.130426,0.128617,0.115527,0.0931927,0.0680078,0.0453246,0.0277478,0.0156972,0.00826028,0.00407259,0.00190136,0.000857139,2.31139e-15,1.76878e-17,9.19192e-13,3.92001e-12,8.57852e-12,1.51203e-11,2.22232e-11,2.91889e-11,3.4882e-11,3.82088e-11,3.94451e-11,3.81508e-11,3.47889e-11,3.03913e-11,2.53691e-11,2.02329e-11,1.56056e-11,1.17297e-11,
1.4,1.45,0.6626594895,0.6863455052,-0.6209676856,-0.446472919,0.638060706,0.6769650841,0.5992576396,0.660059358,0.5427253947,0.629810881,0.4685644053,0.5801878776,0.3819342982,0.5088469623,0.291925527,0.4200133894,0.2083984521,0.326750944,0.1387245504,0.2371991707,0.0861160872,0.1603145251,0.0499115723,0.1009590107,0.027057245,0.0593503106,0.0137464971,0.0326270895,0.0065562264,0.0168218213,0.0029367616,0.0081611838,0.0012317104,0.0037420227,0.0004771814,0.0016328785,0.023686,0.174495,0.0389044,0.0608017,0.0870855,0.111623,0.126913,0.128088,0.118352,0.0984746,0.0741984,0.0510474,0.0322931,0.0188806,0.0102656,0.00522442,0.00251031,0.0011557,2.68254e-15,2.00551e-17,1.23335e-12,5.64454e-12,1.33412e-11,2.46246e-11,3.7872e-11,5.15671e-11,6.37373e-11,7.22275e-11,7.66926e-11,7.64659e-11,7.18966e-11,6.45021e-11,5.53499e-11,4.54547e-11,3.59967e-11,2.77047e-11,
1.45,1.5,0.6662129089,0.6876449022,-0.624822137,-0.4588375806,0.6439178422,0.6791921118,0.6085262074,0.6640597194,0.5563137493,0.636970832,0.4865540619,0.5920038319,0.4031895399,0.5260101782,0.3142991116,0.4416651792,0.2294572462,0.3497637044,0.1565563623,0.2596689428,0.0997924698,0.1799074388,0.0594764148,0.1163114806,0.0331955716,0.0703033396,0.0173821981,0.0397797996,0.0085540263,0.0211240785,0.0039599932,0.0105594059,0.0017222572,0.0049870204,0.0006981418,0.0022375203,0.021432,0.165985,0.0352743,0.0555335,0.0806571,0.10545,0.122821,0.127366,0.120306,0.103113,0.080115,0.0568351,0.0371078,0.0223976,0.0125701,0.00659941,0.00326476,0.00153938,3.08406e-15,2.2477e-17,1.65083e-12,8.081e-12,2.04992e-11,3.96808e-11,6.37497e-11,9.00315e-11,1.15023e-10,1.34676e-10,1.47168e-10,1.51039e-10,1.46233e-10,1.34765e-10,1.18756e-10,1.00249e-10,8.15061e-11,6.42708e-11,
1.5,1.55,0.6168337137,0.7426220041,-1.087676305,-0.0151765317,0.5627638321,0.7697054366,0.4814482174,0.8067364189,0.3736869804,0.8447634869,0.2514968445,0.8652895875,0.1302844527,0.8467246611,0.025934039,0.7775394125,-0.0434724309,0.6715139629,-0.076236933,0.5451308396,-0.0803601124,0.4095794514,-0.0710072305,0.2848938804,-0.0541471063,0.1844637521,-0.0367040645,0.1112651268,-0.0226666126,0.062738075,-0.0129119305,0.0332172612,-0.0068804629,0.0165991401,-0.0034897636,0.0078937103,0.125788,1.0725,0.206942,0.325288,0.471077,0.613793,0.71644,0.751605,0.714986,0.621368,0.48994,0.355901,0.238611,0.147969,0.0854047,0.0461292,0.0234796,0.0113835,3.48502e-16,5.77997e-18,2.896e-14,1.4992e-14,9.84377e-14,9.4394e-14,1.51163e-13,2.19735e-13,9.99935e-14,2.1305e-13,2.01954e-13,1.03831e-13,1.56592e-13,1.31846e-13,5.60721e-14,6.69714e-14,6.1669e-14,3.19874e-14,
1.55,1.6,0.6247480323,0.7385659842,-1.0687691085,-0.0485757663,0.5756503675,0.7632398708,0.5009427152,0.7977891886,0.3998002196,0.8353054024,0.2815648595,0.8596409552,0.1616999304,0.8501459585,0.0526375615,0.7932696917,-0.0250651084,0.6941626946,-0.0669070518,0.5757456479,-0.0784150347,0.4431253026,-0.0724506285,0.3163518176,-0.0580666554,0.2102591355,-0.0409927866,0.1304030377,-0.0262642759,0.075643788,-0.0154806888,0.041204585,-0.0085051805,0.0211722564,-0.0044222773,0.0103300736,0.113818,1.02019,0.18759,0.296846,0.435505,0.578076,0.688446,0.740632,0.719228,0.642653,0.52154,0.388802,0.268326,0.171396,0.101908,0.0566853,0.0296774,0.0147524,7.02562e-16,1.15823e-17,6.12232e-14,4.8937e-14,2.18901e-13,2.64822e-13,3.688e-13,5.69408e-13,3.51541e-13,5.39434e-13,5.85991e-13,3.50382e-13,4.23875e-13,4.03417e-13,2.24035e-13,2.00464e-13,1.89203e-13,1.23841e-13,
1.6,1.65,0.6319092038,0.7348959455,-1.0507840268,-0.0803461011,0.5873489014,0.7573524723,0.5188366734,0.7894584355,0.4242633626,0.8260312789,0.3105684599,0.8531601287,0.1928666839,0.8515126198,0.0803595555,0.8060123358,-0.0046995074,0.7141223518,-0.0553393172,0.6042863691,-0.0745773448,0.4757850871,-0.0725088241,0.3481750317,-0.0612815378,0.2373024152,-0.0451540273,0.1511612616,-0.0299933916,0.0901185472,-0.0182935048,0.0504590972,-0.0103668843,0.0266451108,-0.0055350622,0.0133409368,0.102987,0.970438,0.170004,0.270622,0.401768,0.542592,0.658646,0.725653,0.718822,0.659626,0.550362,0.420684,0.298584,0.196315,0.120112,0.0687526,0.037012,0.018876,1.06595e-15,1.74218e-17,9.9333e-14,1.09357e-13,3.81674e-13,5.4535e-13,7.2046e-13,1.13253e-12,8.97769e-13,1.11729e-12,1.28632e-12,9.27969e-13,9.46957e-13,9.39562e-13,6.42653e-13,5.0499e-13,4.58833e-13,3.41684e-13,
1.65,1.7,0.6383888998,0.7315751573,-1.033676088,-0.1105669784,0.597964012,0.7519964296,0.5352335252,0.7817302012,0.4470992105,0.8170388078,0.3383801801,0.8460855615,0.2223019244,0.8510709673,0.108790876,0.8159993097,0.0173805738,0.7355171233,-0.0416233574,0.6306240926,-0.0687802914,0.5072809038,-0.0717814527,0.380054417,-0.0636256395,0.2653653765,-0.0490089502,0.1734318788,-0.0337744952,0.1061600397,-0.021316591,0.061047904,-0.0124645293,0.0331074441,-0.006841035,0.0170091999,0.0931863,0.923109,0.154032,0.246497,0.36994,0.507705,0.628769,0.707208,0.718137,0.672247,0.576061,0.451836,0.328991,0.222441,0.139935,0.0823645,0.045572,0.0238502,1.44257e-15,2.33136e-17,1.46363e-13,2.06529e-13,6.16731e-13,9.93436e-13,1.31439e-12,2.05932e-12,1.95053e-12,2.20348e-12,2.57054e-12,2.14716e-12,2.02517e-12,2.00791e-12,1.56875e-12,1.20881e-12,1.04928e-12,8.33962e-13,
1.7,1.75,0.6442519712,0.7285703838,-1.0174025131,-0.1393139661,0.6075922,0.747127571,0.5502359818,0.7745836063,0.4683483741,0.8083947381,0.3649079556,0.8386204914,0.251192742,0.8491137003,0.137641028,0.8234780577,0.0409189453,0.7542248954,-0.0258844732,0.6546796173,-0.0609959315,0.5373756543,-0.0702574448,0.4116911496,-0.0649419859,0.294325806,-0.0524139387,0.1970775088,-0.0375235016,0.1237404796,-0.0245028684,0.0730215406,-0.0147869755,0.0406410054,-0.0083480128,0.0214173791,0.0843184,0.878089,0.139535,0.224348,0.340046,0.473713,0.597921,0.685837,0.713306,0.680564,0.598372,0.481949,0.359268,0.249491,0.161264,0.0975244,0.055428,0.0297654,1.83646e-15,2.92729e-17,2.06162e-13,3.55993e-13,9.68689e-13,1.70204e-12,2.32967e-12,3.61173e-12,3.8789e-12,4.26469e-12,4.95366e-12,4.58036e-12,4.25023e-12,4.16416e-12,3.53011e-12,2.79755e-12,2.36252e-12,1.93472e-12,
1.75,1.8,0.6495570975,0.7258515523,-1.0019226099,-0.1666589466,0.6163222431,0.7427045142,0.5639446199,0.7679929385,0.4880649873,0.8001464545,0.3900907236,0.8309357828,0.2793571896,0.8459099448,0.1666421204,0.8287111928,0.0656543726,0.7701844521,-0.0082776264,0.6764192219,-0.0512337496,0.5658703764,-0.0671202913,0.4428047138,-0.0650884955,0.3238829725,-0.0552245197,0.2219364917,-0.0411530693,0.1428054294,-0.0277937053,0.086409937,-0.0173136675,0.0493184234,-0.0100589827,0.0266473662,0.0762945,0.835264,0.126382,0.204048,0.312081,0.440845,0.566553,0.662069,0.70453,0.684697,0.617104,0.509925,0.388971,0.277161,0.183958,0.114204,0.0666321,0.0367063,2.25189e-15,3.5315e-17,2.83675e-13,5.80501e-13,1.5041e-12,2.81834e-12,4.05539e-12,6.23664e-12,7.32601e-12,8.14385e-12,9.40562e-12,9.31499e-12,8.783e-12,8.53729e-12,7.60601e-12,6.28103e-12,5.26699e-12,4.36972e-12,
1.8,1.85,0.6543573744,0.7233914518,-0.9871976704,-0.1926702967,0.6242356079,0.7386887135,0.576456478,0.7619293458,0.5063130684,0.7923261031,0.4138916793,0.8231980154,0.3066191656,0.8417036591,0.1955515261,0.8320473137,0.0913270215,0.7835346639,0.0110187653,0.6958545812,-0.0395382266,0.5926043769,-0.0622938339,0.4731374131,-0.0644700556,0.3536990174,-0.0572987614,0.2478264535,-0.0445191339,0.1632741995,-0.0311205505,0.1012173349,-0.0200146567,0.0592001449,-0.011971486,0.0327775845,0.0690341,0.794527,0.114453,0.185473,0.286013,0.409306,0.535084,0.636496,0.692208,0.684836,0.632143,0.535431,0.418169,0.305125,0.207793,0.132338,0.0792148,0.0447491,2.69336e-15,4.14556e-17,3.8534e-13,9.12796e-13,2.32215e-12,4.5723e-12,6.94683e-12,1.06824e-11,1.34006e-11,1.53385e-11,1.77207e-11,1.84004e-11,1.78593e-11,1.73801e-11,1.59892e-11,1.37325e-11,1.16232e-11,9.74753e-12,
1.85,1.9,0.6587008445,0.7211654609,-0.9731908748,-0.2174130583,0.6314068939,0.7350444335,0.5878643506,0.756362166,0.5231634054,0.7849521057,0.4363014874,0.8155084304,0.3329558763,0.8367130859,0.2241534126,0.8336209274,0.1176839321,0.794439789,0.0318089752,0.7160740653,-0.0259855754,0.6174605912,-0.0557323217,0.5024588367,-0.0632649645,0.3835171564,-0.0585014354,0.2745660955,-0.0475017462,0.1850421126,-0.0344203892,0.1174291174,-0.0228503352,0.0703338486,-0.0140751963,0.0398813126,0.0624646,0.755778,0.103638,0.168498,0.261789,0.379207,0.503757,0.609468,0.676756,0.684265,0.643446,0.558191,0.446782,0.333068,0.232544,0.15185,0.0931842,0.0539565,3.16569e-15,4.77105e-17,5.19629e-13,1.39953e-12,3.57022e-12,7.32015e-12,1.17228e-11,1.81866e-11,2.39951e-11,2.84719e-11,3.31669e-11,3.56596e-11,3.57271e-11,3.51142e-11,3.30793e-11,2.93813e-11,2.53306e-11,2.15216e-11,
1.9,1.95,0.6626309787,0.719151301,-0.9598671986,-0.2409491012,0.6379042909,0.7317386714,0.5982562602,0.7512599222,0.5386903606,0.7780319469,0.4573277914,0.8079406191,0.3582647797,0.8311310211,0.2516840442,0.8336710881,0.144483507,0.8030813298,0.0538858521,0.7344438411,-0.0106798664,0.6403606673,-0.0474202671,0.5305707692,-0.0606733783,0.4130890266,-0.0587062401,0.3020792566,-0.0499778016,0.2079816524,-0.0376095584,0.1350073315,-0.0257702804,0.0827515099,-0.0163514492,0.0480232737,0.0565203,0.718918,0.0938344,0.153004,0.239342,0.350613,0.472866,0.581987,0.658598,0.680558,0.651041,0.577991,0.473762,0.360785,0.257959,0.172617,0.108522,0.0643747,3.67402e-15,5.40961e-17,6.97748e-13,2.10677e-12,5.46647e-12,1.16098e-11,1.95228e-11,3.07796e-11,4.23108e-11,5.20969e-11,6.16203e-11,6.81504e-11,7.03919e-11,7.03068e-11,6.76046e-11,6.17873e-11,5.44649e-11,4.70245e-11,
1.95,2,0.6661871113,0.7173288137,-0.9471933258,-0.2633372777,0.643790037,0.7287410447,0.6077151486,0.7465910929,0.5529724846,0.7715644341,0.4769929806,0.8005703964,0.3824694142,0.8251256973,0.2781747524,0.8324237672,0.1714990399,0.8096521097,0.0770362846,0.7504195039,0.0062512461,0.6612623548,-0.0373714267,0.5573011289,-0.0566158302,0.4421806925,-0.05817542,0.3299965225,-0.0518253454,0.2319468197,-0.0405707225,0.1538923892,-0.0287151803,0.0964624602,-0.0187740485,0.0572588768,0.0511417,0.683856,0.084951,0.138876,0.218592,0.323577,0.442656,0.554249,0.638153,0.673383,0.655011,0.594673,0.498797,0.388172,0.283772,0.194463,0.125178,0.0760329,4.22394e-15,6.06287e-17,9.34569e-13,3.1276e-12,8.33299e-12,1.82793e-11,3.21464e-11,5.17679e-11,7.3719e-11,9.40715e-11,1.13536e-10,1.2877e-10,1.3683e-10,1.39385e-10,1.36694e-10,1.28104e-10,1.15566e-10,1.01635e-10,
2,2.05,-0.8754836446,2.2605682367,-22.6522144776,21.4324433426,-1.9182789486,3.2934234713,-3.590390798,4.9490342441,-6.0926778077,7.4243072091,-9.4572773473,10.746065755,-13.3914343372,14.6157356137,-17.2476024107,18.3813101938,-20.246705373,21.2628993751,-21.6568459897,22.5329809413,-21.238073803,21.9609537727,-19.9225756924,20.4912361278,-17.2599956393,17.6854994185,-13.8678203607,14.1702902914,-10.3805166978,10.584709181,-7.2894624992,7.4204139966,-4.808354174,4.888195484,-2.9903923368,3.0367217713,3.13605,44.0847,5.2117,8.53943,13.517,20.2033,28.0072,35.6289,41.5096,44.1898,43.199,40.4138,34.9455,28.0381,20.9652,14.7099,9.69655,6.02711,8.68857e-15,2.37583e-16,1.49852e-13,4.59196e-13,1.77942e-13,1.22327e-12,1.9094e-12,9.83e-13,3.02285e-12,3.54832e-12,1.55002e-12,3.55842e-12,4.08702e-12,1.81901e-12,2.42423e-12,3.03993e-12,2.09913e-12,1.00754e-12,
2.05,2.1,-0.7255565531,2.112060534,-21.5815923441,20.3530313436,-1.6700654572,3.0475748456,-3.1914737825,4.5540440438,-5.4925237977,6.8305882524,-8.6429643115,9.9419819923,-12.42630868,13.6660703626,-16.2827413137,17.4382934679,-19.4703686311,20.515102514,-21.2563752696,22.1668098827,-21.23972019,22.0004779959,-20.1970397398,20.8041935494,-17.8825509141,18.3441582423,-14.6914875685,15.025320745,-11.2444984983,11.4740212062,-8.0723011111,8.2223438064,-5.447007223,5.5403247064,-3.4654310752,3.5206999518,2.83762,41.9346,4.71764,7.74552,12.3231,18.5849,26.0924,33.721,39.9855,43.4232,43.2402,41.0012,36.2267,29.7168,22.7185,16.2946,10.9873,6.98613,1.75157e-14,4.76084e-16,3.17899e-13,1.06529e-12,6.94953e-13,2.75411e-12,4.85849e-12,2.98183e-12,7.15192e-12,9.62358e-12,5.55177e-12,8.96811e-12,1.12933e-11,7.18456e-12,6.87873e-12,8.42199e-12,6.93192e-12,3.70037e-12,
2.1,2.15,-0.5898969108,1.9776852077,-20.5631850681,19.326262889,-1.4452627521,2.8249120582,-2.828631334,4.1947565802,-4.941097559,6.2849987349,-7.8816941822,9.1900318858,-11.5006437693,12.7546025563,-15.3223051308,16.4981423617,-18.6510287028,19.7226404262,-20.7676012285,21.7108694972,-21.1886140582,21.9862902228,-20.3650662203,21.0104690431,-18.4157388882,18.9139535335,-15.4604488959,15.82675535,-12.0966344623,12.3529525659,-8.8701965729,9.0408809628,-6.1194269418,6.227641654,-3.9806327168,4.0460076718,2.56758,39.8894,4.27017,7.02339,11.2261,17.0717,24.2552,31.8204,38.3737,42.4785,43.1749,41.3755,37.3297,31.2872,24.4496,17.9111,12.3471,8.02664,2.65755e-14,7.16116e-16,5.1817e-13,1.88502e-12,1.70513e-12,4.90615e-12,9.3698e-12,7.43221e-12,1.36246e-11,1.97365e-11,1.47368e-11,1.8599e-11,2.39305e-11,1.8944e-11,1.61957e-11,1.84619e-11,1.68694e-11,1.09196e-11,
2.15,2.2,-0.4671469903,1.8560973844,-19.5944461011,18.3495705228,-1.2416894214,2.6232750817,-2.4988071384,3.8681505323,-4.4352439575,5.7844377185,-7.1721486912,8.4889722739,-10.6173081567,11.8842878108,-14.3743935135,15.5690320856,-17.800405872,18.8972647744,-20.2018954513,21.176491419,-21.0316194095,21.8651374811,-20.4289422049,21.1121776661,-18.8559794568,19.3911196311,-16.1665957832,16.5663300024,-12.92326969,13.2077520227,-9.6752109718,9.8680578533,-6.820566294,6.9451248079,-4.5340142516,4.6107213928,2.32324,37.944,3.86496,6.36696,10.2197,15.6611,22.5016,29.9434,36.6977,41.3784,42.8968,41.5411,38.2471,32.7329,26.131,19.5433,13.7657,9.14474,3.5965e-14,9.58296e-16,7.67634e-13,3.013e-12,3.45369e-12,8.17466e-12,1.63218e-11,1.58701e-11,2.46144e-11,3.66638e-11,3.29574e-11,3.69239e-11,4.66111e-11,4.24391e-11,3.59606e-11,3.8141e-11,3.67468e-11,2.74642e-11,
2.2,2.25,-0.3560782692,1.7460801723,-18.672953091,17.4205120054,-1.0573613738,2.4406991797,-2.1991614548,3.5714179047,-3.9718548896,5.325846668,-6.5126078781,7.8371531383,-9.7781947607,11.0571028668,-13.445833958,14.6578678745,-16.9292522802,18.0497691282,-19.5706124346,20.5750071655,-20.7764537146,21.6446392916,-20.392800049,21.1132941362,-19.2012617343,19.7734647246,-16.8030038928,17.23695867,-13.715331119,14.0292363219,-10.4794014666,10.6958855647,-7.5447072702,7.6870675647,-5.1228365108,5.2121522912,2.10216,36.0935,3.49806,5.77058,9.2977,14.3498,20.8353,28.1037,34.979,40.1456,42.4211,41.5061,38.9747,34.04,27.7446,21.1753,15.2318,10.335,4.57852e-14,1.20325e-15,1.08758e-12,4.58211e-12,6.31825e-12,1.33406e-11,2.7158e-11,3.0844e-11,4.38737e-11,6.53897e-11,6.70309e-11,7.2198e-11,8.82731e-11,8.77875e-11,7.74479e-11,7.78976e-11,7.65222e-11,6.30785e-11,
2.25,2.3,-0.2555791343,1.6465324821,-17.7964018253,16.5367642065,-0.8904753329,2.2753985923,-1.9270649359,3.3019581393,-3.5479059872,4.9062464958,-5.9010537612,7.2326214323,-8.9845149883,10.2743393033,-12.5422636113,13.7703655457,-16.0511378804,17.1937730286,-18.8848558698,19.9175126696,-20.4316125731,21.3332116735,-20.3840999328,21.1411363292,-19.4510765528,20.0603056241,-17.3640289782,17.8328319152,-14.4643845087,14.8088491873,-11.2823375281,11.5238719101,-8.2855902263,8.4472071592,-5.7436546402,5.8468955763,1.90211,34.3332,3.16587,5.22902,8.45415,13.1337,19.2589,26.3126,33.2449,38.8024,41.7648,41.5252,39.5114,35.1969,29.2732,22.8062,16.7328,11.5906,5.61423e-14,1.45161e-15,1.50536e-12,6.7781e-12,1.08691e-11,2.16302e-11,4.42199e-11,5.65493e-11,7.78036e-11,1.14718e-10,1.29004e-10,1.39454e-10,1.65878e-10,1.74158e-10,1.61939e-10,1.58797e-10,1.56562e-10,1.37628e-10,
2.3,2.35,-0.1646437566,1.5564580072,-16.9626004693,15.6961172964,-0.7393933989,2.1257512722,-1.6800902868,3.0573700423,-3.1604837061,4.5227649759,-5.3352580696,6.6732090103,-8.2364533503,9.5362578741,-11.6682227048,12.9111438846,-15.1737055427,16.3369753708,-18.1553029137,19.2146907859,-20.0061266715,20.9398232025,-20.3469905351,21.1397265254,-19.606717085,20.252770322,-17.8452857028,18.3493982422,-15.1627202355,15.5387492574,-12.0676472571,12.3355688187,-9.0364771306,9.2187877962,-6.3923062192,6.5108176511,1.7211,32.6587,2.86514,4.73746,7.68325,12.0085,17.7727,24.5794,31.5107,37.37,40.9459,41.4867,39.8595,36.1947,30.7015,24.4032,18.2553,12.9031,6.71488e-14,1.70402e-15,2.05666e-12,9.85991e-12,1.79565e-11,3.49567e-11,7.12724e-11,9.98498e-11,1.37223e-10,2.00014e-10,2.40081e-10,2.66142e-10,3.11226e-10,3.37747e-10,3.29493e-10,3.22381e-10,3.18024e-10,2.91532e-10,
2.35,2.4,-0.0823620243,1.4749552519,-16.1694640853,14.8964692199,-0.6026286888,1.9902846826,-1.4560024786,2.8354422426,-2.8068043997,4.1726561279,-4.8128566056,6.1566072135,-7.5337522789,8.8426731571,-10.8272547248,12.0838239503,-14.3007768866,15.4832586842,-17.3920650077,18.4766703758,-19.5093287086,20.4737608477,-20.2155817491,21.0430643485,-19.6698470089,20.3523677511,-18.2437169737,18.7834357921,-15.8035364666,16.2119954662,-12.8272041641,13.1227604339,-9.790348743,9.9947580059,-7.0640430202,7.199187134,1.55732,31.0659,2.59291,4.29144,6.97946,10.9695,16.3764,22.9111,29.784,35.8687,39.9831,41.2586,40.0222,37.0272,32.0155,25.95,19.7851,14.2632,7.89244e-14,1.96112e-15,2.78845e-12,1.41878e-11,2.88369e-11,5.62852e-11,1.14327e-10,1.71913e-10,2.40275e-10,3.47825e-10,4.3741e-10,5.01124e-10,5.83045e-10,6.46472e-10,6.56271e-10,6.49649e-10,6.43142e-10,6.06615e-10,
2.4,2.45,-0.007910434,1.4012085092,-15.4150094192,14.1358204403,-0.4788320376,1.8676626416,-1.2527480718,2.6341427395,-2.4842269177,3.8533131099,-4.3314084209,5.6804262869,-6.8756962399,8.1929375848,-10.0220093715,11.2911313348,-13.4389921613,14.6393276316,-16.6045826254,17.7129193805,-18.9506342885,19.9444096397,-19.9960424149,20.8572244147,-19.6437181217,20.3622066543,-18.5575456078,19.1330061586,-16.3810079685,16.82261807,-13.5532921141,13.8776295748,-10.5434724959,10.7713389775,-7.7535932879,7.9067366351,1.40912,29.5508,2.34649,3.88689,6.33754,10.0118,15.0686,21.3131,28.0783,34.3175,38.895,40.8533,40.0059,37.6906,33.2036,27.4309,21.3148,15.6603,9.15978e-14,2.2236e-15,3.7629e-12,2.02621e-11,4.53545e-11,9.01799e-11,1.8292e-10,2.9082e-10,4.17449e-10,6.03721e-10,7.85737e-10,9.30795e-10,1.08852e-09,1.22679e-09,1.28628e-09,1.29735e-09,1.29467e-09,1.24745e-09,
2.45,2.5,0.0594561507,1.334479697,-14.6973499414,13.4122689394,-0.366779729,1.7566731811,-1.0684440807,2.4516079708,-2.1902599309,3.5622758181,-3.8884427826,5.2422425959,-6.2611839835,7.5860136878,-9.2543450745,10.5349981235,-12.5940158847,13.8109134346,-15.8015508959,16.9321688535,-18.3393879479,19.361097383,-19.6952563425,20.5890120089,-19.6277546554,20.3815808274,-18.7862232725,19.3974052448,-16.8903665452,17.3657012615,-14.2387508638,14.5929049411,-11.2890162494,11.54163902,-8.4552754859,8.6277762405,1.27502,28.1096,2.12345,3.52005,5.75254,9.13069,13.8472,19.7893,26.4049,32.7337,37.7005,40.2843,40.0093,38.1836,34.2561,28.8317,22.8307,17.0831,1.05308e-13,2.49212e-15,5.06256e-12,2.8777e-11,7.02009e-11,1.4366e-10,2.92111e-10,4.85702e-10,7.18742e-10,1.04513e-09,1.39718e-09,1.70763e-09,2.02114e-09,2.3112e-09,2.48781e-09,2.56169e-09,2.5846e-09,2.53179e-09,
2.5,2.55,-585.9600739828,587.3545869109,-13597.4224440163,13596.1317583487,-976.438562691,977.8294178614,-1620.1684353077,1621.5532003343,-2653.6100323936,2654.9847016082,-4230.6709791065,4232.0291188138,-6462.1204378064,6463.4521834055,-9326.4561721168,9327.7474055933,-12596.8039581885,12598.036194167,-15835.2547482352,15836.4062401044,-18518.0448488247,18519.0930789602,-20119.2692587611,20120.1943989665,-20334.7694220805,20335.5578385432,-19581.2619943524,19581.9087287897,-17881.4659356299,17881.9754198511,-15325.6346235637,15326.0195103868,-12361.8854779873,12362.1640841908,-9417.0638102225,9417.2570054167,1173.31,27193.6,1954.27,3241.72,5308.59,8462.7,12925.6,18654.2,25194.8,31671.7,37037.1,40239.5,40670.3,39163.2,35763.4,30651.7,24724,18834.3,3.25072e-12,1.46553e-13,8.30084e-12,6.28101e-11,1.43297e-10,9.2536e-11,2.84661e-10,6.12417e-10,5.16636e-10,5.67218e-10,1.18919e-09,1.22875e-09,4.94101e-10,1.16173e-09,1.55179e-09,1.0421e-09,7.03267e-10,1.07618e-09,
2.55,2.6,-530.1319866074,531.5270216994,-12934.3024655176,12933.0064485271,-883.5307137811,884.9224391605,-1466.9020173406,1468.2882313543,-2407.0790789622,2408.4561509532,-3852.996032147,3854.358109364,-5924.4109858651,5925.7490304951,-8630.184915339,8631.4858465996,-11792.4371037433,11793.6835227775,-15025.7488938552,15026.9199008332,-17829.6954639578,17830.7688082528,-19686.359572148,19687.3148587562,-20238.4024377667,20239.224593547,-19661.7849515108,19662.4669293274,-18268.1562314232,18268.7001423696,-15936.931640423,15937.3480504123,-13088.9122968845,13089.2180304876,-10147.8945771146,10148.1097700868,1061.66,25867.3,1768.45,2935.19,4815.54,7707.35,11850.2,17261.7,23586.1,30052.7,35660.5,39373.7,40477.6,39324.3,36536.9,31874.3,26178.1,20296,6.55328e-12,2.93672e-13,1.80536e-11,1.37832e-10,3.44158e-10,2.98265e-10,6.64836e-10,1.48929e-09,1.53548e-09,1.50188e-09,2.93341e-09,3.46822e-09,1.93782e-09,2.96692e-09,4.1621e-09,3.44169e-09,2.23853e-09,2.90295e-09,
2.6,2.65,-479.6166441727,481.0121517382,-12303.5232299953,12302.2221416936,-799.4467011811,800.8392139663,-1328.0195553481,1329.4070806322,-2182.860827646,2184.2400753179,-3506.9370109191,3508.3026595907,-5425.7859219693,5427.1297004535,-7973.5244533995,7974.8342646162,-11016.5204054018,11017.7799199739,-14220.6059184763,14221.7951345901,-17113.7859118464,17114.882980337,-19193.6241605143,19194.6083198812,-20060.5497441352,20061.4046982895,-19660.4031487598,19661.1199303892,-18577.5602776848,18578.1387476676,-16489.6595798487,16490.1081731447,-13783.6749813259,13784.0088931496,-10878.669488401,10878.9079366771,960.629,24605.7,1600.29,2657.43,4367.1,7015.24,10852.9,15948.4,22034.3,28442.4,34228.7,38388.2,40122,39321.5,37155.7,32979.8,27567.7,21757.6,9.94289e-12,4.41735e-13,3.03837e-11,2.32182e-10,6.29189e-10,6.76314e-10,1.24223e-09,2.78564e-09,3.34083e-09,3.21874e-09,5.68016e-09,7.35168e-09,5.31837e-09,6.28696e-09,8.65617e-09,8.23518e-09,5.79952e-09,6.3986e-09,
2.65,2.7,-433.908472153,435.3044072301,-11703.5074608025,11702.2015485203,-723.3507000335,724.7439252992,-1202.1933460969,1203.5820580034,-1979.0462270113,1980.4274445686,-3190.2134459864,3191.5823332869,-4964.3289713187,4965.677966409,-7356.139243217,7357.4571780372,-10271.4962364353,10272.7678258273,-13425.448072034,13426.6542473527,-16378.2086135377,16379.3280412454,-18649.1171150126,18650.1288504997,-19806.9313840967,19807.8181192187,-19656.3364357726,19657.0874616893,-18809.0466717023,18809.659692514,-16979.6036108323,16980.0849145369,-14439.8677445771,14440.2307837321,-11597.6135725203,11597.8764763298,869.213,23405.7,1448.09,2405.78,3959.47,6381.8,9930.01,14713.6,20544.3,26852.1,32757.5,37299.2,39614.7,39313.4,37618.7,33959.7,28880.1,23195.5,1.34558e-11,5.91123e-13,4.66607e-11,3.55444e-10,1.03728e-09,1.3202e-09,2.18213e-09,4.76558e-09,6.40538e-09,6.42816e-09,1.02693e-08,1.40137e-08,1.21669e-08,1.28051e-08,1.67122e-08,1.73775e-08,1.37891e-08,1.36153e-08,
2.7,2.75,-392.5500077994,393.9463297052,-11132.7548059818,11131.4443049875,-654.4855677649,655.8794377145,-1088.2136945747,1089.6034802887,-1793.8685953125,1795.2515962943,-2900.6435387981,2902.0153622627,-4538.0562669645,4539.4100057552,-6777.335296537,6778.6606566706,-9559.1493224807,9560.4320312041,-12645.1170773981,12646.3390202404,-15630.2544252179,15631.3948792911,-18060.7912155857,18061.8292190188,-19483.774654581,19484.6920899684,-19653.6394333895,19654.4240352549,-18963.2248990126,18963.8723277492,-17403.4265267011,17403.9409338695,-15051.7184589545,15052.1114657636,-12297.6657971648,12297.9542887735,786.496,22264.2,1310.37,2177.82,3589.12,5802.66,9077.47,13556,19119.6,25291.5,31261.6,36122.6,38968.5,39308.1,37927.1,34807.4,30103.8,24595.6,1.713e-11,7.42223e-13,6.8613e-11,5.20654e-10,1.62475e-09,2.37474e-09,3.75173e-09,7.87178e-09,1.15117e-08,1.24878e-08,1.82762e-08,2.54981e-08,2.52047e-08,2.56654e-08,3.16035e-08,3.45356e-08,3.02913e-08,2.85871e-08,
2.75,2.8,-355.1273216999,356.5239936225,-10589.8380866045,10588.5232206921,-592.1655460371,593.5599993247,-984.979361841,986.3701192605,-1625.6971210109,1627.0817365005,-2636.1531040037,2637.5275888802,-4144.9485049433,4146.3065554694,-6236.1286645377,6237.4608063269,-8880.6809681317,8881.973903947,-11883.709888419,11884.9464666753,-14881.5797878517,14882.7399735116,-17436.3797184402,17437.4426804736,-19097.6653641041,19098.6123684224,-19572.6806711059,19573.4980833061,-19041.1431828128,19041.8247489235,-17758.7274996256,17759.275269914,-15614.1158468264,15614.5395472825,-12972.5950278903,12972.9101619029,711.651,21178.4,1185.73,1971.35,3252.78,5273.68,8291.26,12473.6,17762.7,23768.7,29764.3,34873.8,38196.3,39146.2,38083,35518,31228.7,25945.5,2.1005e-11,8.95422e-13,9.84995e-11,7.45687e-10,2.47262e-09,4.06116e-09,6.37957e-09,1.28382e-08,1.99521e-08,2.3438e-08,3.24864e-08,4.54721e-08,4.93008e-08,5.0714e-08,5.97006e-08,6.68068e-08,6.32287e-08,5.94887e-08,
2.8,2.85,-321.2658750336,322.6628636647,-10073.3997280794,10072.0807101286,-535.769615269,537.1645963856,-891.4885876778,892.8802243993,-1473.0297538631,1474.4158308582,-2394.7809939009,2396.1578907097,-3782.9891379856,3784.3511060122,-5731.3064288187,5732.6447598359,-8236.8815868047,8238.1839184225,-11144.6227377374,11145.8728794238,-14132.8695596432,14134.0482250163,-16783.3011092076,16784.3877285815,-18655.4147769568,18656.390180267,-19417.6274618416,19418.4768332034,-19044.8397379712,19045.5550513246,-18044.0147789853,18044.5960408357,-16122.653771681,16123.1087734538,-13616.4986312584,13616.8413760189,643.929,20145.5,1072.93,1784.37,2947.45,4790.94,7567.34,11464,16475.1,22290.5,28266.9,33567.7,37311.8,38836.1,38090.4,36088.6,32245.8,27233.3,2.51229e-11,1.05112e-12,1.40215e-10,1.05545e-09,3.69723e-09,6.71398e-09,1.07473e-08,2.08712e-08,3.38549e-08,4.27125e-08,5.77614e-08,8.04553e-08,9.31336e-08,9.88441e-08,1.13154e-07,1.27734e-07,1.27705e-07,1.22315e-07,
2.85,2.9,-290.6267710611,292.0240462618,-9582.1483655094,9580.8253980175,-484.7354489033,486.1309076216,-806.8306990777,808.2231314769,-1334.4857495284,1335.8731494586,-2174.6817028298,2176.0607851207,-3450.1871718628,3451.5526978673,-5261.4804256409,5262.8244013513,-7627.8941916012,7629.2051461461,-10430.601031264,10431.8637244158,-13389.1307419157,13390.3266818417,-16108.5823427919,16109.6913344911,-18163.9107985513,18164.9134035976,-19193.2433121355,19194.1237176274,-19036.5583509566,19037.3069107163,-18258.6781718335,18259.2929260565,-16573.6876619278,16574.1744519005,-14223.9050821184,14224.2763123064,582.651,19163,970.866,1615.05,2670.36,4350.74,6901.74,10524.3,15257.1,20862.5,26779.5,32218.3,36328.8,38387.4,38073.9,36518,33147.9,28448.2,2.95286e-11,1.20972e-12,1.97641e-10,1.48425e-09,5.46504e-09,1.08354e-08,1.79534e-08,3.39453e-08,5.67198e-08,7.60616e-08,1.02507e-07,1.41963e-07,1.72148e-07,1.89588e-07,2.14758e-07,2.43082e-07,2.52575e-07,2.48317e-07,
2.9,2.95,-262.9033633317,264.3008978313,-9114.8556146068,9113.5288901952,-438.5539175693,439.9498084413,-730.178301855,731.5714542543,-1208.798075768,1210.1866731471,-1974.1257873332,1975.506849626,-3144.5971781154,3145.9659344627,-4825.1340594267,4826.4831799439,-7053.5750166408,7054.8938769486,-9743.7929535819,9745.06724559,-12655.0660816701,12656.2781405784,-15418.7996402499,15419.9297425911,-17630.0278073657,17631.0564000471,-18904.7634127546,18905.673865004,-19039.1123576076,19039.8935617141,-18403.139785612,18403.7879102141,-16964.3153992537,16964.8343425438,-14789.8061575239,14790.2066480156,527.204,18228.4,878.504,1461.75,2418.98,3949.63,6290.56,9651.62,14108.5,19488.9,25311.3,30838.7,35261.1,37810.4,38079,36806.9,33929.1,29580,3.42702e-11,1.37162e-12,2.7601e-10,2.07944e-09,8.01366e-09,1.71748e-08,2.96854e-08,5.52563e-08,9.42823e-08,1.33075e-07,1.81145e-07,2.50199e-07,3.13752e-07,3.58199e-07,4.06841e-07,4.61559e-07,4.92832e-07,4.97572e-07,
2.95,3,-237.8181866626,239.2159557857,-8670.3530000924,8669.0227019881,-396.7640964363,398.1603783386,-660.7800425916,662.1738465065,-1094.8058361665,1096.1955173676,-1791.4984546934,1792.88131059,-2864.3347513223,2865.7064396296,-4420.6626503053,4422.0164572614,-6513.4775676185,6514.8036694264,-9085.8050000706,9087.0899965527,-11934.7498241847,11935.9768981319,-14721.137485636,14722.2874663252,-17060.5180180349,17061.5713770086,-18557.7725010522,18558.7119615313,-18970.4438737308,18971.2570287984,-18478.2697335838,18478.9509896751,-17292.4298745666,17292.9812149583,-15309.7637838962,15310.1942049308,477.034,17339.4,794.924,1322.95,2191,3584.38,5730.04,8842.68,13028.3,18172.9,23870.7,29443.4,34122.1,37116.5,37941.7,36957.2,34585.4,30620,3.93996e-11,1.53726e-12,3.82344e-10,2.90636e-09,1.16816e-08,2.68444e-08,4.85591e-08,8.9939e-08,1.5591e-07,2.29685e-07,3.18291e-07,4.40423e-07,5.66446e-07,6.68152e-07,7.67427e-07,8.74639e-07,9.52879e-07,9.856e-07,
